all_tokens_per_s_e2e,context_length,decode_device,decode_energy_net_psys_j,decode_ms,decode_tokens_per_s,end_to_end_ms,energy_net_psys_j,family,handoff_plus_first_decode_ms,internal_overhead_ms,mode,model,output_tokens,output_tokens_per_s_e2e,precision,prefill_device,prefill_energy_net_psys_j,prefill_tokens_per_s,repeat,route,route_label,size_b,source_model,steady_tpot_ms,steady_tpot_p95_ms,ttft_ms
2755.971541708674,1024,iGPU,8.165714039596986,199.74969500000003,75.09398199581732,371.55681200000004,12.128525489384938,Qwen2.5,48.300677,0.0,measured,qwen25_0_5b,16,43.06205533919803,INT8,iGPU,3.9628114497879516,5867.044495019377,0,gpu_full,Whole iGPU,0.5,qwen25_0_5b_int8,9.6898955,12.9956709,171.807117
441.0235999088754,1024,NPU,35.74272166558765,2018.6886980000002,7.43056619619515,2321.871211,39.66416843113092,Qwen2.5,252.038574,0.0,measured,qwen25_0_5b,16,6.890993748576178,INT8,NPU,3.9214467655432665,3324.730011720696,0,npu_full,Whole NPU,0.5,qwen25_0_5b_int8,123.0124375,138.70088554999998,303.182513
2036.0596989246708,1024,iGPU,8.165714039596986,199.74969500000003,75.09398199581732,502.932208,12.087160805140254,Qwen2.5,48.300677,0.0,overhead_free_oracle,qwen25_0_5b,16,31.81343279569798,INT8,NPU,3.9214467655432665,3324.730011720696,0,npu_gpu_oracle,NPU prefill + iGPU decode · oracle,0.5,qwen25_0_5b_int8,9.6898955,12.9956709,303.182513
467.4740727591848,1024,NPU,35.74272166558765,2018.6886980000002,7.43056619619515,2190.495815,39.7055331153756,Qwen2.5,252.038574,0.0,overhead_free_oracle,qwen25_0_5b,16,7.304282386862263,INT8,iGPU,3.9628114497879516,5867.044495019377,0,gpu_npu_oracle,iGPU prefill + NPU decode · oracle,0.5,qwen25_0_5b_int8,123.0124375,138.70088554999998,171.807117
2735.119265783729,1024,iGPU,7.068385061294885,173.87614800000006,86.26830173394455,374.38952400000005,11.999113096942306,Qwen2.5,23.977131,0.0,measured,qwen25_0_5b,16,42.73623852787077,INT8,iGPU,4.930728035647421,5027.096047697088,1,gpu_full,Whole iGPU,0.5,qwen25_0_5b_int8,9.485494000000001,12.87448385,200.513376
477.3443916613269,1024,NPU,33.73436277979345,1841.0036800000003,8.14772950372375,2145.201699,37.677082543824994,Qwen2.5,125.401178,0.0,measured,qwen25_0_5b,16,7.4585061197082325,INT8,NPU,3.9427197640315423,3313.631046361285,1,npu_full,Whole NPU,0.5,qwen25_0_5b_int8,122.5280735,123.18078150000001,304.198019
2141.927070491554,1024,iGPU,7.068385061294885,173.87614800000006,86.26830173394455,478.07416700000005,11.011104825326427,Qwen2.5,23.977131,0.0,overhead_free_oracle,qwen25_0_5b,16,33.46761047643053,INT8,NPU,3.9427197640315423,3313.631046361285,1,npu_gpu_oracle,NPU prefill + iGPU decode · oracle,0.5,qwen25_0_5b_int8,9.485494000000001,12.87448385,304.198019
501.5877761052612,1024,NPU,33.73436277979345,1841.0036800000003,8.14772950372375,2041.5170560000001,38.66509081544087,Qwen2.5,125.401178,0.0,overhead_free_oracle,qwen25_0_5b,16,7.837309001644706,INT8,iGPU,4.930728035647421,5027.096047697088,1,gpu_npu_oracle,iGPU prefill + NPU decode · oracle,0.5,qwen25_0_5b_int8,122.5280735,123.18078150000001,200.513376
2608.855296128986,1024,iGPU,6.9196713887383385,174.99770300000003,85.71541079027763,392.509313,11.751761541114288,Qwen2.5,23.802499,0.0,measured,qwen25_0_5b,16,40.76336400201541,INT8,iGPU,4.832090152375949,4634.235386331792,2,gpu_full,Whole iGPU,0.5,qwen25_0_5b_int8,9.8245955,13.142394750000001,217.51161
476.8324022771677,1024,NPU,32.54605075002335,1847.7494350000002,8.117983810938089,2147.505067,36.45833160418302,Qwen2.5,125.945494,0.0,measured,qwen25_0_5b,16,7.450506285580746,INT8,NPU,3.912280854159677,3362.7391528043086,2,npu_full,Whole NPU,0.5,qwen25_0_5b_int8,123.029295,123.3848382,299.755632
2156.909545459012,1024,iGPU,6.9196713887383385,174.99770300000003,85.71541079027763,474.753335,10.831952242898016,Qwen2.5,23.802499,0.0,overhead_free_oracle,qwen25_0_5b,16,33.70171164779706,INT8,NPU,3.912280854159677,3362.7391528043086,2,npu_gpu_oracle,NPU prefill + iGPU decode · oracle,0.5,qwen25_0_5b_int8,9.8245955,13.142394750000001,299.755632
495.8210984897553,1024,NPU,32.54605075002335,1847.7494350000002,8.117983810938089,2065.261045,37.378140902399295,Qwen2.5,125.945494,0.0,overhead_free_oracle,qwen25_0_5b,16,7.747204663902426,INT8,iGPU,4.832090152375949,4634.235386331792,2,gpu_npu_oracle,iGPU prefill + NPU decode · oracle,0.5,qwen25_0_5b_int8,123.029295,123.3848382,217.51161
3494.392034839116,2048,iGPU,8.46749932103388,213.170409,70.3662392466489,586.081922,17.691698367917983,Qwen2.5,51.120277,0.0,measured,qwen25_0_5b,16,27.299937772180595,INT8,iGPU,9.224199046884102,5449.013852248644,0,gpu_full,Whole iGPU,0.5,qwen25_0_5b_int8,10.842264,13.5699021,372.91151299999996
800.3257450833387,2048,NPU,35.59659167287343,1979.169083,7.578938115415175,2558.95804,45.4742020181055,Qwen2.5,250.038669,0.0,measured,qwen25_0_5b,16,6.2525448834635835,INT8,NPU,9.877610345232068,3504.723529944707,0,npu_full,Whole NPU,0.5,qwen25_0_5b_int8,122.96158700000001,125.70908415000001,579.788957
2582.7300714422736,2048,iGPU,8.46749932103388,213.170409,70.3662392466489,792.959366,18.345109666265948,Qwen2.5,51.120277,0.0,overhead_free_oracle,qwen25_0_5b,16,20.177578683142762,INT8,NPU,9.877610345232068,3504.723529944707,0,npu_gpu_oracle,NPU prefill + iGPU decode · oracle,0.5,qwen25_0_5b_int8,10.842264,13.5699021,579.788957
870.7184624042534,2048,NPU,35.59659167287343,1979.169083,7.578938115415175,2352.080596,44.82079071975753,Qwen2.5,250.038669,0.0,overhead_free_oracle,qwen25_0_5b,16,6.80248798753323,INT8,iGPU,9.224199046884102,5449.013852248644,0,gpu_npu_oracle,iGPU prefill + NPU decode · oracle,0.5,qwen25_0_5b_int8,122.96158700000001,125.70908415000001,372.91151299999996
3246.6687993116657,2048,iGPU,7.417909920224476,186.01616399999995,80.63815357465387,630.800407,18.762792672588922,Qwen2.5,24.136099,0.0,measured,qwen25_0_5b,16,25.364599994622388,INT8,iGPU,11.344882752364446,4568.507162696408,1,gpu_full,Whole iGPU,0.5,qwen25_0_5b_int8,11.040332,12.94867085,444.784243
842.1117296202923,2048,NPU,33.55631598967485,1852.4794369999997,8.097255872535767,2431.9813249999997,43.18449896937483,Qwen2.5,135.361615,0.0,measured,qwen25_0_5b,16,6.5789978876585335,INT8,NPU,9.628182979699977,3506.459671793166,1,npu_full,Whole NPU,0.5,qwen25_0_5b_int8,122.74106700000002,123.07912275,579.501888
2675.312482376314,2048,iGPU,7.417909920224476,186.01616399999995,80.63815357465387,765.5180519999999,17.046092899924453,Qwen2.5,24.136099,0.0,overhead_free_oracle,qwen25_0_5b,16,20.900878768564954,INT8,NPU,9.628182979699977,3506.459671793166,1,npu_gpu_oracle,NPU prefill + iGPU decode · oracle,0.5,qwen25_0_5b_int8,11.040332,12.94867085,579.501888
891.4953985604302,2048,NPU,33.55631598967485,1852.4794369999997,8.097255872535767,2297.2636799999996,44.9011987420393,Qwen2.5,135.361615,0.0,overhead_free_oracle,qwen25_0_5b,16,6.964807801253361,INT8,iGPU,11.344882752364446,4568.507162696408,1,gpu_npu_oracle,iGPU prefill + NPU decode · oracle,0.5,qwen25_0_5b_int8,122.74106700000002,123.07912275,444.784243
3095.6623966966836,2048,iGPU,8.122980362503737,230.3336280000001,65.12292681813703,661.5708490000001,19.251926653201405,Qwen2.5,41.103348999999994,0.0,measured,qwen25_0_5b,16,24.18486247419284,INT8,iGPU,11.128946290697668,4712.023686842189,2,gpu_full,Whole iGPU,0.5,qwen25_0_5b_int8,10.76641,23.37518475,431.237221
843.986709772601,2048,NPU,32.26097570996171,1854.510479,8.08838783595787,2426.578495,41.737689215525606,Qwen2.5,135.149087,0.0,measured,qwen25_0_5b,16,6.593646170098445,INT8,NPU,9.476713505563893,3552.0251843619935,2,npu_full,Whole NPU,0.5,qwen25_0_5b_int8,122.9227825,123.09534180000001,572.0680160000001
2552.337741720778,2048,iGPU,8.122980362503737,230.3336280000001,65.12292681813703,802.4016440000001,17.599693868067632,Qwen2.5,41.103348999999994,0.0,overhead_free_oracle,qwen25_0_5b,16,19.94013860719358,INT8,NPU,9.476713505563893,3552.0251843619935,2,npu_gpu_oracle,NPU prefill + iGPU decode · oracle,0.5,qwen25_0_5b_int8,10.76641,23.37518475,572.0680160000001
895.9869017914795,2048,NPU,32.26097570996171,1854.510479,8.08838783595787,2285.7477,43.38992200065938,Qwen2.5,135.149087,0.0,overhead_free_oracle,qwen25_0_5b,16,6.999897670245933,INT8,iGPU,11.128946290697668,4712.023686842189,2,gpu_npu_oracle,iGPU prefill + NPU decode · oracle,0.5,qwen25_0_5b_int8,122.9227825,123.09534180000001,431.237221
3296.130370144963,4096,iGPU,10.200116498329415,271.458533,55.25705835889123,1242.669294,34.26211867660849,Qwen2.5,70.34509999999999,0.0,measured,qwen25_0_5b,16,12.875509258378761,INT8,iGPU,24.062002178279073,4200.941920988455,0,gpu_full,Whole iGPU,0.5,qwen25_0_5b_int8,13.736344500000001,17.34561505,971.210761
1222.4619096828694,4096,NPU,38.11014056628683,2062.624353,7.272288809245916,3350.6156450000003,64.77302497724148,Qwen2.5,274.92796200000004,0.0,measured,qwen25_0_5b,16,4.775241834698709,INT8,NPU,26.662884410954646,3167.7232799179515,0,npu_full,Whole NPU,0.5,qwen25_0_5b_int8,125.98738949999999,134.6569466,1287.9912920000002
2626.567353649868,4096,iGPU,10.200116498329415,271.458533,55.25705835889123,1559.4498250000001,36.86300090928406,Qwen2.5,70.34509999999999,0.0,overhead_free_oracle,qwen25_0_5b,16,10.260028725194797,INT8,NPU,26.662884410954646,3167.7232799179515,0,npu_gpu_oracle,NPU prefill + iGPU decode · oracle,0.5,qwen25_0_5b_int8,13.736344500000001,17.34561505,1287.9912920000002
1350.1063327728361,4096,NPU,38.11014056628683,2062.624353,7.272288809245916,3033.8351140000004,62.1721427445659,Qwen2.5,274.92796200000004,0.0,overhead_free_oracle,qwen25_0_5b,16,5.273852862393891,INT8,iGPU,24.062002178279073,4200.941920988455,0,gpu_npu_oracle,iGPU prefill + NPU decode · oracle,0.5,qwen25_0_5b_int8,125.98738949999999,134.6569466,971.210761
3104.7089391839436,4096,iGPU,7.858270280444277,238.12821900000017,62.99127446125988,1319.2863100000002,35.23845258394553,Qwen2.5,34.623398,0.0,measured,qwen25_0_5b,16,12.12776929368728,INT8,iGPU,27.380182303501254,3773.731181372623,1,gpu_full,Whole iGPU,0.5,qwen25_0_5b_int8,13.7174045,18.07772575,1081.158091
1249.9616718600876,4096,NPU,47.99477683422329,1963.389909,7.639847760875907,3276.900478,83.0897562129023,Qwen2.5,173.10389700000002,0.0,measured,qwen25_0_5b,16,4.882662780703467,INT8,NPU,35.094979378679014,3106.1798026537235,1,npu_full,Whole NPU,0.5,qwen25_0_5b_int8,126.01754949999999,135.82026050000002,1313.510569
2639.7896415567047,4096,iGPU,7.858270280444277,238.12821900000017,62.99127446125988,1551.6387880000002,42.95324965912329,Qwen2.5,34.623398,0.0,overhead_free_oracle,qwen25_0_5b,16,10.311678287330878,INT8,NPU,35.094979378679014,3106.1798026537235,1,npu_gpu_oracle,NPU prefill + iGPU decode · oracle,0.5,qwen25_0_5b_int8,13.7174045,18.07772575,1313.510569
1345.3556981200495,4096,NPU,47.99477683422329,1963.389909,7.639847760875907,3044.548,75.37495913772455,Qwen2.5,173.10389700000002,0.0,overhead_free_oracle,qwen25_0_5b,16,5.255295695781443,INT8,iGPU,27.380182303501254,3773.731181372623,1,gpu_npu_oracle,iGPU prefill + NPU decode · oracle,0.5,qwen25_0_5b_int8,126.01754949999999,135.82026050000002,1081.158091
3095.490766255336,4096,iGPU,8.240397787224154,241.936191,61.99981878692965,1323.21506,35.58977749483129,Qwen2.5,35.639419,0.0,measured,qwen25_0_5b,16,12.091760805684906,INT8,iGPU,27.349379707607135,3773.3096585650565,2,gpu_full,Whole iGPU,0.5,qwen25_0_5b_int8,13.970123000000001,17.224786449999996,1081.278869
1275.091390253109,4096,NPU,31.245016829064667,1913.682818,7.838289532053478,3212.318765,54.23356269519557,Qwen2.5,152.797135,0.0,measured,qwen25_0_5b,16,4.980825743176207,INT8,NPU,22.988545866130906,3141.7580958122053,2,npu_full,Whole NPU,0.5,qwen25_0_5b_int8,125.94548650000002,126.40353670000002,1298.635947
2658.7524848511835,4096,iGPU,8.240397787224154,241.936191,61.99981878692965,1540.572138,31.22894365335506,Qwen2.5,35.639419,0.0,overhead_free_oracle,qwen25_0_5b,16,10.385751893949935,INT8,NPU,22.988545866130906,3141.7580958122053,2,npu_gpu_oracle,NPU prefill + iGPU decode · oracle,0.5,qwen25_0_5b_int8,13.970123000000001,17.224786449999996,1298.635947
1367.6301829766946,4096,NPU,31.245016829064667,1913.682818,7.838289532053478,2994.961687,58.5943965366718,Qwen2.5,152.797135,0.0,overhead_free_oracle,qwen25_0_5b,16,5.342305402252713,INT8,iGPU,27.349379707607135,3773.3096585650565,2,gpu_npu_oracle,iGPU prefill + NPU decode · oracle,0.5,qwen25_0_5b_int8,125.94548650000002,126.40353670000002,1081.278869
2856.2157834122286,8192,iGPU,10.476053838477583,309.52583500000037,48.4612213387616,2868.130639,78.22104217926172,Qwen2.5,64.150742,0.0,measured,qwen25_0_5b,16,5.578546451977009,INT8,iGPU,67.74498834078413,3195.491537895198,0,gpu_full,Whole iGPU,0.5,qwen25_0_5b_int8,16.8473885,20.3693779,2558.6048039999996
1381.4404314454316,8192,NPU,34.30560895344156,2107.357419,7.117919278789413,5930.04216,100.52777145855774,Qwen2.5,285.235563,0.0,measured,qwen25_0_5b,16,2.6981258426668586,INT8,NPU,66.22216250511617,2138.8109545913503,0,npu_full,Whole NPU,0.5,qwen25_0_5b_int8,128.32535049999998,137.79093335000002,3822.684741
1982.473992874268,8192,iGPU,10.476053838477583,309.52583500000037,48.4612213387616,4132.210576,76.69821634359376,Qwen2.5,64.150742,0.0,overhead_free_oracle,qwen25_0_5b,16,3.872019517332555,INT8,NPU,66.22216250511617,2138.8109545913503,0,npu_gpu_oracle,NPU prefill + iGPU decode · oracle,0.5,qwen25_0_5b_int8,16.8473885,20.3693779,3822.684741
1755.693597264686,8192,NPU,34.30560895344156,2107.357419,7.117919278789413,4665.9622229999995,102.0505972942257,Qwen2.5,285.235563,0.0,overhead_free_oracle,qwen25_0_5b,16,3.42908905715759,INT8,iGPU,67.74498834078413,3195.491537895198,0,gpu_npu_oracle,iGPU prefill + NPU decode · oracle,0.5,qwen25_0_5b_int8,128.32535049999998,137.79093335000002,2558.6048039999996
2649.382828744139,8192,iGPU,9.293997234274158,301.8081929999994,49.70044004073806,3092.0408749999997,84.08913937852004,Qwen2.5,49.816934,0.0,measured,qwen25_0_5b,16,5.174575837390896,INT8,iGPU,74.79514214424589,2930.2215735425893,1,gpu_full,Whole iGPU,0.5,qwen25_0_5b_int8,17.023963500000004,21.6666079,2790.2326820000003
1414.1137758305683,8192,NPU,30.748771955485793,1989.6772499999997,7.538911147524052,5793.027505999999,92.38107921915228,Qwen2.5,193.19836700000002,0.0,measured,qwen25_0_5b,16,2.7619409684190788,INT8,NPU,61.63230726366649,2149.683686665959,1,npu_full,Whole NPU,0.5,qwen25_0_5b_int8,128.362788,128.76579915,3803.3502559999997
1995.538077706974,8192,iGPU,9.293997234274158,301.8081929999994,49.70044004073806,4105.158448999999,70.92630449794065,Qwen2.5,49.816934,0.0,overhead_free_oracle,qwen25_0_5b,16,3.8975353080214337,INT8,NPU,61.63230726366649,2149.683686665959,1,npu_gpu_oracle,NPU prefill + iGPU decode · oracle,0.5,qwen25_0_5b_int8,17.023963500000004,21.6666079,3803.3502559999997
1713.8398247124123,8192,NPU,30.748771955485793,1989.6772499999997,7.538911147524052,4779.9099320000005,105.54391409973168,Qwen2.5,193.19836700000002,0.0,overhead_free_oracle,qwen25_0_5b,16,3.3473434076414303,INT8,iGPU,74.79514214424589,2930.2215735425893,1,gpu_npu_oracle,iGPU prefill + NPU decode · oracle,0.5,qwen25_0_5b_int8,128.362788,128.76579915,2790.2326820000003
2672.60262148753,8192,iGPU,9.683463737223263,297.57464700000037,50.40752010032629,3065.176968,83.56347810145249,Qwen2.5,49.767863000000006,0.0,measured,qwen25_0_5b,16,5.219926995092832,INT8,iGPU,73.88001436422923,2954.1816531812337,2,gpu_full,Whole iGPU,0.5,qwen25_0_5b_int8,16.926910499999998,20.88518585,2767.602321
1417.2895440402463,8192,NPU,30.8105446351867,1977.6391059999996,7.584801470850365,5780.046875,92.25098344687042,Qwen2.5,189.426746,0.0,measured,qwen25_0_5b,16,2.768143640703606,INT8,NPU,61.44043881168372,2150.216519821128,2,npu_full,Whole NPU,0.5,qwen25_0_5b_int8,127.83232249999999,128.08539535,3802.4077690000004
1998.0573497171797,8192,iGPU,9.683463737223263,297.57464700000037,50.40752010032629,4099.982416000001,71.12390254890698,Qwen2.5,49.767863000000006,0.0,overhead_free_oracle,qwen25_0_5b,16,3.9024557611663666,INT8,NPU,61.44043881168372,2150.216519821128,2,npu_gpu_oracle,NPU prefill + iGPU decode · oracle,0.5,qwen25_0_5b_int8,16.926910499999998,20.88518585,3802.4077690000004
1726.3610558123034,8192,NPU,30.8105446351867,1977.6391059999996,7.584801470850365,4745.241426999999,104.69055899941593,Qwen2.5,189.426746,0.0,overhead_free_oracle,qwen25_0_5b,16,3.371798937133405,INT8,iGPU,73.88001436422923,2954.1816531812337,2,gpu_npu_oracle,iGPU prefill + NPU decode · oracle,0.5,qwen25_0_5b_int8,127.83232249999999,128.08539535,2767.602321
1522.1650894501877,1024,iGPU,14.145582753232093,378.21018699999996,39.66048645855221,672.7259789999999,23.170924518338918,Qwen2.5,47.832315,0.0,measured,qwen25_1_5b,16,23.783829522659182,INT8,iGPU,9.025341765106825,3422.566895835589,0,gpu_full,Whole iGPU,1.5,qwen25_1_5b_int8,23.400827999999997,24.287520299999997,294.515792
118.2639478424114,1024,NPU,103.72019190309588,7747.780861000001,1.9360382371558145,8658.598150000002,118.33352930838726,Qwen2.5,676.306464,0.0,measured,qwen25_1_5b,16,1.847874185037678,INT8,NPU,14.61333740529138,1106.698360004451,0,npu_full,Whole NPU,1.5,qwen25_1_5b_int8,504.92425299999996,506.7957369,910.8172890000001
794.3973414574447,1024,iGPU,14.145582753232093,378.21018699999996,39.66048645855221,1289.027476,28.758920158523473,Qwen2.5,47.832315,0.0,overhead_free_oracle,qwen25_1_5b,16,12.412458460272573,INT8,NPU,14.61333740529138,1106.698360004451,0,npu_gpu_oracle,NPU prefill + iGPU decode · oracle,1.5,qwen25_1_5b_int8,23.400827999999997,24.287520299999997,910.8172890000001
127.32681274795048,1024,NPU,103.72019190309588,7747.780861000001,1.9360382371558145,8042.296653000001,112.74553366820271,Qwen2.5,676.306464,0.0,overhead_free_oracle,qwen25_1_5b,16,1.9894814491867263,INT8,iGPU,9.025341765106825,3422.566895835589,0,gpu_npu_oracle,iGPU prefill + NPU decode · oracle,1.5,qwen25_1_5b_int8,504.92425299999996,506.7957369,294.515792
1451.5662632457834,1024,iGPU,13.303783137862586,365.472077,41.042807218347356,705.444888,23.167475685392333,Qwen2.5,35.874994,0.0,measured,qwen25_1_5b,16,22.680722863215365,INT8,iGPU,9.863692547529746,2964.9429818668646,1,gpu_full,Whole iGPU,1.5,qwen25_1_5b_int8,23.2246125,24.7919254,339.972811
120.73284053212437,1024,NPU,97.38511861323094,7572.597787,1.9808261869857582,8481.536552,112.08481262627237,Qwen2.5,508.60053000000005,0.0,measured,qwen25_1_5b,16,1.8864506333144433,INT8,NPU,14.69969401304142,1108.9855981662306,1,npu_full,Whole NPU,1.5,qwen25_1_5b_int8,504.70483099999996,504.9771622000001,908.938765
803.508543911148,1024,iGPU,13.303783137862586,365.472077,41.042807218347356,1274.410842,28.003477150904004,Qwen2.5,35.874994,0.0,overhead_free_oracle,qwen25_1_5b,16,12.554820998611687,INT8,NPU,14.69969401304142,1108.9855981662306,1,npu_gpu_oracle,NPU prefill + iGPU decode · oracle,1.5,qwen25_1_5b_int8,23.2246125,24.7919254,908.938765
129.41432715416514,1024,NPU,97.38511861323094,7572.597787,1.9808261869857582,7912.570597999999,107.2488111607607,Qwen2.5,508.60053000000005,0.0,overhead_free_oracle,qwen25_1_5b,16,2.0220988617838302,INT8,iGPU,9.863692547529746,2964.9429818668646,1,gpu_npu_oracle,iGPU prefill + NPU decode · oracle,1.5,qwen25_1_5b_int8,504.70483099999996,504.9771622000001,339.972811
1382.2742450433498,1024,iGPU,13.277148435609945,395.2431990000001,37.951317158527495,740.8081310000001,23.09089945264535,Qwen2.5,32.12012,0.0,measured,qwen25_1_5b,16,21.59803507880234,INT8,iGPU,9.813751017035404,2916.9626505967335,2,gpu_full,Whole iGPU,1.5,qwen25_1_5b_int8,24.073008,35.31746405,345.564932
121.09487584318877,1024,NPU,95.43473949126884,7541.025392,1.9891194128470853,8456.179445,109.04586196628705,Qwen2.5,502.37425,0.0,measured,qwen25_1_5b,16,1.8921074350498246,INT8,NPU,13.611122475018208,1101.453899150245,2,npu_full,Whole NPU,1.5,qwen25_1_5b_int8,504.29388500000005,505.11252255000005,915.154053
781.4424201799225,1024,iGPU,13.277148435609945,395.2431990000001,37.951317158527495,1310.3972520000002,26.88827091062815,Qwen2.5,32.12012,0.0,overhead_free_oracle,qwen25_1_5b,16,12.210037815311289,INT8,NPU,13.611122475018208,1101.453899150245,2,npu_gpu_oracle,NPU prefill + iGPU decode · oracle,1.5,qwen25_1_5b_int8,24.073008,35.31746405,915.154053
129.84064823093757,1024,NPU,95.43473949126884,7541.025392,1.9891194128470853,7886.590324,105.24849050830424,Qwen2.5,502.37425,0.0,overhead_free_oracle,qwen25_1_5b,16,2.0287601286083996,INT8,iGPU,9.813751017035404,2916.9626505967335,2,gpu_npu_oracle,iGPU prefill + NPU decode · oracle,1.5,qwen25_1_5b_int8,504.29388500000005,505.11252255000005,345.564932
1914.7831804054222,2048,iGPU,15.05520487475458,424.54150600000014,35.33223439406182,1069.5727960000002,34.6077358042979,Qwen2.5,53.270424,0.0,measured,qwen25_1_5b,16,14.95924359691736,INT8,iGPU,19.552530929543323,3150.2347738820545,0,gpu_full,Whole iGPU,1.5,qwen25_1_5b_int8,25.920091,29.056300099999998,645.03129
214.0725923124935,2048,NPU,101.92387857950402,7739.0381780000025,1.9382253524269923,9566.848226000002,133.90944709307269,Qwen2.5,682.88784,0.0,measured,qwen25_1_5b,16,1.6724421274413555,INT8,NPU,31.985568513568662,1111.7128950152264,0,npu_full,Whole NPU,1.5,qwen25_1_5b_int8,505.74720800000006,508.33706115,1827.8100479999998
909.2719102233009,2048,iGPU,15.05520487475458,424.54150600000014,35.33223439406182,2252.351554,47.040773388323245,Qwen2.5,53.270424,0.0,overhead_free_oracle,qwen25_1_5b,16,7.103686798619538,INT8,NPU,31.985568513568662,1111.7128950152264,0,npu_gpu_oracle,NPU prefill + iGPU decode · oracle,1.5,qwen25_1_5b_int8,25.920091,29.056300099999998,1827.8100479999998
244.27278516915064,2048,NPU,101.92387857950402,7739.0381780000025,1.9382253524269923,8384.069468000003,121.47640950904734,Qwen2.5,682.88784,0.0,overhead_free_oracle,qwen25_1_5b,16,1.9083811341339894,INT8,iGPU,19.552530929543323,3150.2347738820545,0,gpu_npu_oracle,iGPU prefill + NPU decode · oracle,1.5,qwen25_1_5b_int8,505.74720800000006,508.33706115,645.03129
1786.1221481894456,2048,iGPU,14.582643415632816,422.482942,35.504392032945084,1146.618109,35.91370598660502,Qwen2.5,42.768417,0.0,measured,qwen25_1_5b,16,13.954079282730044,INT8,iGPU,21.3310625709722,2806.1059490016455,1,gpu_full,Whole iGPU,1.5,qwen25_1_5b_int8,26.215950000000003,30.359560100000003,724.135167
216.8907698435901,2048,NPU,98.71723675034217,7616.708197,1.9693546886708964,9442.541061,129.74698381183762,Qwen2.5,531.218957,0.0,measured,qwen25_1_5b,16,1.6944591394030477,INT8,NPU,31.02974706149546,1112.9167625717575,1,npu_full,Whole NPU,1.5,qwen25_1_5b_int8,506.14783600000004,506.58887945,1825.8328640000002
910.9040618469058,2048,iGPU,14.582643415632816,422.482942,35.504392032945084,2248.315806,45.61239047712827,Qwen2.5,42.768417,0.0,overhead_free_oracle,qwen25_1_5b,16,7.116437983178952,INT8,NPU,31.02974706149546,1112.9167625717575,1,npu_gpu_oracle,NPU prefill + iGPU decode · oracle,1.5,qwen25_1_5b_int8,26.215950000000003,30.359560100000003,1825.8328640000002
245.53871960231191,2048,NPU,98.71723675034217,7616.708197,1.9693546886708964,8340.843364,120.04829932131437,Qwen2.5,531.218957,0.0,overhead_free_oracle,qwen25_1_5b,16,1.9182712468930618,INT8,iGPU,21.3310625709722,2806.1059490016455,1,gpu_npu_oracle,iGPU prefill + NPU decode · oracle,1.5,qwen25_1_5b_int8,506.14783600000004,506.58887945,724.135167
1831.2941132697526,2048,iGPU,14.632260640407594,418.9417359999999,35.80450146413677,1118.3348349999999,35.973226840856526,Qwen2.5,39.859041999999995,0.0,measured,qwen25_1_5b,16,14.306985259919943,INT8,iGPU,21.340966200448932,2905.376108093397,2,gpu_full,Whole iGPU,1.5,qwen25_1_5b_int8,26.3308655,29.713804399999997,699.393099
216.88870598167276,2048,NPU,99.02834647804289,7622.788359000001,1.9677838729826396,9442.630914000001,130.28991509853228,Qwen2.5,535.328571,0.0,measured,qwen25_1_5b,16,1.6944430154818184,INT8,NPU,31.261568620489392,1116.5801098656032,2,npu_full,Whole NPU,1.5,qwen25_1_5b_int8,506.2352045,506.6745119,1819.842555
914.7821914925166,2048,iGPU,14.632260640407594,418.9417359999999,35.80450146413677,2238.784291,45.893829260896986,Qwen2.5,39.859041999999995,0.0,overhead_free_oracle,qwen25_1_5b,16,7.146735871035286,INT8,NPU,31.261568620489392,1116.5801098656032,2,npu_gpu_oracle,NPU prefill + iGPU decode · oracle,1.5,qwen25_1_5b_int8,26.3308655,29.713804399999997,1819.842555
246.08932289397333,2048,NPU,99.02834647804289,7622.788359000001,1.9677838729826396,8322.181458000001,120.36931267849182,Qwen2.5,535.328571,0.0,overhead_free_oracle,qwen25_1_5b,16,1.9225728351091667,INT8,iGPU,21.340966200448932,2905.376108093397,2,gpu_npu_oracle,iGPU prefill + NPU decode · oracle,1.5,qwen25_1_5b_int8,506.2352045,506.6745119,699.393099
2149.1447727606237,4096,iGPU,15.209882658840094,416.661599,36.00043785172533,1905.874398,62.97722485233095,Qwen2.5,57.124945000000004,0.0,measured,qwen25_1_5b,16,8.395096768596186,INT8,iGPU,47.767342193490855,2739.7024808944047,0,gpu_full,Whole iGPU,1.5,qwen25_1_5b_int8,25.1725155,27.6603429,1489.212799
347.00517416983797,4096,NPU,103.90261344980496,7804.6283109999995,1.9219364974573738,11803.858573,175.33876540995925,Qwen2.5,673.7688499999999,0.0,measured,qwen25_1_5b,16,1.3554889616009296,INT8,NPU,71.43615196015429,1020.1963209689275,0,npu_full,Whole NPU,1.5,qwen25_1_5b_int8,508.99250799999993,511.06188375000005,3999.230262
927.5589459458458,4096,iGPU,15.209882658840094,416.661599,36.00043785172533,4415.891861,86.64603461899438,Qwen2.5,57.124945000000004,0.0,overhead_free_oracle,qwen25_1_5b,16,3.6232771326009603,INT8,NPU,71.43615196015429,1020.1963209689275,0,npu_gpu_oracle,NPU prefill + iGPU decode · oracle,1.5,qwen25_1_5b_int8,25.1725155,27.6603429,3999.230262
440.72197399552925,4096,NPU,103.90261344980496,7804.6283109999995,1.9219364974573738,9293.84111,151.66995564329582,Qwen2.5,673.7688499999999,0.0,overhead_free_oracle,qwen25_1_5b,16,1.7215702109200361,INT8,iGPU,47.767342193490855,2739.7024808944047,0,gpu_npu_oracle,iGPU prefill + NPU decode · oracle,1.5,qwen25_1_5b_int8,508.99250799999993,511.06188375000005,1489.212799
2044.5036860684395,4096,iGPU,14.227044492542767,400.3545160000001,37.46679355553966,2003.420208,65.55833869411491,Qwen2.5,43.987549,0.0,measured,qwen25_1_5b,16,7.986342523704842,INT8,iGPU,51.33129420157214,2545.123397226319,1,gpu_full,Whole iGPU,1.5,qwen25_1_5b_int8,25.1619285,26.887268299999995,1603.065692
349.0341454992589,4096,NPU,100.39000643925154,7708.881378,1.9458076035269876,11735.241531,165.15005269058588,Qwen2.5,578.449123,0.0,measured,qwen25_1_5b,16,1.36341463085648,INT8,NPU,64.76004625133434,1013.3221681523034,1,npu_full,Whole NPU,1.5,qwen25_1_5b_int8,509.31186299999996,509.9949101999999,4026.3601529999996
925.29117105379,4096,iGPU,14.227044492542767,400.3545160000001,37.46679355553966,4426.714669,78.9870907438771,Qwen2.5,43.987549,0.0,overhead_free_oracle,qwen25_1_5b,16,3.614418636928867,INT8,NPU,64.76004625133434,1013.3221681523034,1,npu_gpu_oracle,NPU prefill + iGPU decode · oracle,1.5,qwen25_1_5b_int8,25.1619285,26.887268299999995,4026.3601529999996
439.8650431761958,4096,NPU,100.39000643925154,7708.881378,1.9458076035269876,9311.94707,151.72130064082367,Qwen2.5,578.449123,0.0,overhead_free_oracle,qwen25_1_5b,16,1.7182228249070148,INT8,iGPU,51.33129420157214,2545.123397226319,1,gpu_npu_oracle,iGPU prefill + NPU decode · oracle,1.5,qwen25_1_5b_int8,509.31186299999996,509.9949101999999,1603.065692
2038.0987795762005,4096,iGPU,14.183563906926345,402.05676400000016,37.30816477446453,2009.716134,65.44541461298002,Qwen2.5,43.484227,0.0,measured,qwen25_1_5b,16,7.961323357719533,INT8,iGPU,51.26185070605367,2537.851037437116,2,gpu_full,Whole iGPU,1.5,qwen25_1_5b_int8,25.106216500000002,27.58854755,1607.6593699999999
348.9341463316411,4096,NPU,99.55988349151285,7709.773274000001,1.9455825050764004,11738.604671000001,166.0139304845643,Qwen2.5,582.939636,0.0,measured,qwen25_1_5b,16,1.363024009107973,INT8,NPU,66.45404699305145,1012.7006066915835,2,npu_full,Whole NPU,1.5,qwen25_1_5b_int8,509.05022850000006,509.56522545000007,4028.8313970000004
924.4196312722053,4096,iGPU,14.183563906926345,402.05676400000016,37.30816477446453,4430.888161000001,80.6376108999778,Qwen2.5,43.484227,0.0,overhead_free_oracle,qwen25_1_5b,16,3.611014184657052,INT8,NPU,66.45404699305145,1012.7006066915835,2,npu_gpu_oracle,NPU prefill + iGPU decode · oracle,1.5,qwen25_1_5b_int8,25.106216500000002,27.58854755,4028.8313970000004
439.6060756755388,4096,NPU,99.55988349151285,7709.773274000001,1.9455825050764004,9317.432644,150.8217341975665,Qwen2.5,582.939636,0.0,overhead_free_oracle,qwen25_1_5b,16,1.7172112331075735,INT8,iGPU,51.26185070605367,2537.851037437116,2,gpu_npu_oracle,iGPU prefill + NPU decode · oracle,1.5,qwen25_1_5b_int8,509.05022850000006,509.56522545000007,1607.6593699999999
1869.8564797913095,8192,iGPU,17.172871358548306,482.91600400000016,31.061302329504077,4381.084906,142.99966914839644,Qwen2.5,69.953952,0.0,measured,qwen25_1_5b,16,3.6520634370924014,INT8,iGPU,125.82679778984813,2097.3950091811594,0,gpu_full,Whole iGPU,1.5,qwen25_1_5b_int8,29.060207000000002,31.579061899999996,3898.168902
484.13380727291695,8192,NPU,105.0295225950783,7931.355205,1.891227868667874,16920.941849,262.7768533889938,Qwen2.5,710.192006,0.0,measured,qwen25_1_5b,16,0.9455738423299159,INT8,NPU,157.7473307939155,909.4967681808797,0,npu_full,Whole NPU,1.5,qwen25_1_5b_int8,515.4821875,517.4487136,8989.586643999999
864.818971756069,8192,iGPU,17.172871358548306,482.91600400000016,31.061302329504077,9472.502648,174.9202021524638,Qwen2.5,69.953952,0.0,overhead_free_oracle,qwen25_1_5b,16,1.6890995542110723,INT8,NPU,157.7473307939155,909.4967681808797,0,npu_gpu_oracle,NPU prefill + iGPU decode · oracle,1.5,qwen25_1_5b_int8,29.060207000000002,31.579061899999996,8989.586643999999
692.5046118425397,8192,NPU,105.0295225950783,7931.355205,1.891227868667874,11829.524107,230.85632038492645,Qwen2.5,710.192006,0.0,overhead_free_oracle,qwen25_1_5b,16,1.3525480700049604,INT8,iGPU,125.82679778984813,2097.3950091811594,0,gpu_npu_oracle,iGPU prefill + NPU decode · oracle,1.5,qwen25_1_5b_int8,515.4821875,517.4487136,3898.168902
1776.308094074904,8192,iGPU,16.364882734555493,471.42549400000007,31.818389524771863,4611.812572,147.17802031892046,Qwen2.5,58.79694,0.0,measured,qwen25_1_5b,16,3.4693517462400467,INT8,iGPU,130.81313758436497,1974.6945988319019,1,gpu_full,Whole iGPU,1.5,qwen25_1_5b_int8,28.904646,32.368322549999995,4140.387078
485.1702072545709,8192,NPU,100.83936844590616,7823.682869999999,1.9172556261856764,16884.796051999998,262.13128570717254,Qwen2.5,611.2510540000001,0.0,measured,qwen25_1_5b,16,0.9475980610440838,INT8,NPU,161.29191726126638,902.3173903446778,1,npu_full,Whole NPU,1.5,qwen25_1_5b_int8,515.2153075,515.7304541500001,9061.113182
859.372332852416,8192,iGPU,16.364882734555493,471.42549400000007,31.818389524771863,9532.538676,177.65679999582187,Qwen2.5,58.79694,0.0,overhead_free_oracle,qwen25_1_5b,16,1.678461587602375,INT8,NPU,161.29191726126638,902.3173903446778,1,npu_gpu_oracle,NPU prefill + iGPU decode · oracle,1.5,qwen25_1_5b_int8,28.904646,32.368322549999995,9061.113182
684.7168259300786,8192,NPU,100.83936844590616,7823.682869999999,1.9172556261856764,11964.069947999998,231.65250603027113,Qwen2.5,611.2510540000001,0.0,overhead_free_oracle,qwen25_1_5b,16,1.3373375506446847,INT8,iGPU,130.81313758436497,1974.6945988319019,1,gpu_npu_oracle,iGPU prefill + NPU decode · oracle,1.5,qwen25_1_5b_int8,515.2153075,515.7304541500001,4140.387078
1747.7597544239495,8192,iGPU,18.5781870244993,511.1287000000011,29.34681617369559,4687.143058000001,171.23608787963533,Qwen2.5,61.63259,0.0,measured,qwen25_1_5b,16,3.4135932703592764,INT8,iGPU,152.65790085513603,1957.847674622387,2,gpu_full,Whole iGPU,1.5,qwen25_1_5b_int8,32.487269999999995,36.757029849999995,4176.014357999999
489.7500051047411,8192,NPU,106.38998529977727,7759.891316000001,1.9330167639167486,16726.901306,272.77307034396176,Qwen2.5,582.662967,0.0,measured,qwen25_1_5b,16,0.9565429787201974,INT8,NPU,166.3830850441845,911.7866500782164,2,npu_full,Whole NPU,1.5,qwen25_1_5b_int8,515.1385075,515.8123436500001,8967.009989999999
864.3047193056003,8192,iGPU,18.5781870244993,511.1287000000011,29.34681617369559,9478.13869,184.9612720686838,Qwen2.5,61.63259,0.0,overhead_free_oracle,qwen25_1_5b,16,1.6880951548937506,INT8,NPU,166.3830850441845,911.7866500782164,2,npu_gpu_oracle,NPU prefill + iGPU decode · oracle,1.5,qwen25_1_5b_int8,32.487269999999995,36.757029849999995,8967.009989999999
686.3325015917849,8192,NPU,106.38998529977727,7759.891316000001,1.9330167639167486,11935.905674000001,259.0478861549133,Qwen2.5,582.662967,0.0,overhead_free_oracle,qwen25_1_5b,16,1.3404931671714548,INT8,iGPU,152.65790085513603,1957.847674622387,2,gpu_npu_oracle,iGPU prefill + NPU decode · oracle,1.5,qwen25_1_5b_int8,515.1385075,515.8123436500001,4176.014357999999
905.5782911715714,1024,iGPU,24.304258881354226,674.8738059999998,22.226377534054123,1130.7691559999998,40.01787456832454,Qwen2.5,66.72352,0.0,measured,qwen25_3b,16,14.149660799555804,INT8,iGPU,15.71361568697031,2211.033738334905,0,gpu_full,Whole iGPU,3.0,qwen25_3b_int8,42.7644835,45.472147500000005,455.89534999999995
45.9928266931224,1024,NPU,233.84226798134162,20322.271676,0.7381064597081711,22264.341499000002,266.87978875194744,Qwen2.5,1635.6835620000002,0.0,measured,qwen25_3b,16,0.7186379170800375,INT8,NPU,33.037520770605816,519.0338617397898,0,npu_full,Whole NPU,3.0,qwen25_3b_int8,1336.9418990000001,1341.9328629999998,1942.069823
391.2961626885698,1024,iGPU,24.304258881354226,674.8738059999998,22.226377534054123,2616.943629,57.34177965196004,Qwen2.5,66.72352,0.0,overhead_free_oracle,qwen25_3b,16,6.114002542008903,INT8,NPU,33.037520770605816,519.0338617397898,0,npu_gpu_oracle,NPU prefill + iGPU decode · oracle,3.0,qwen25_3b_int8,42.7644835,45.472147500000005,1942.069823
49.28249920787792,1024,NPU,233.84226798134162,20322.271676,0.7381064597081711,20778.167026,249.55588366831194,Qwen2.5,1635.6835620000002,0.0,overhead_free_oracle,qwen25_3b,16,0.7700390501230925,INT8,iGPU,15.71361568697031,2211.033738334905,0,gpu_npu_oracle,iGPU prefill + NPU decode · oracle,3.0,qwen25_3b_int8,1336.9418990000001,1341.9328629999998,455.89534999999995
881.6297257469126,1024,iGPU,23.171103168270015,660.38063,22.714173188271744,1161.485338,39.81794016999228,Qwen2.5,52.612127,0.0,measured,qwen25_3b,16,13.77546446479551,INT8,iGPU,16.646837001722268,2011.5556367911836,1,gpu_full,Whole iGPU,3.0,qwen25_3b_int8,43.007611000000004,45.50781405,501.10470799999996
46.87733351641008,1024,NPU,215.56266049492513,19903.582011999995,0.7536331897924908,21844.245889999995,248.45482328196945,Qwen2.5,1327.2707349999998,0.0,measured,qwen25_3b,16,0.7324583361939075,INT8,NPU,32.89216278704433,519.4098841262609,1,npu_full,Whole NPU,3.0,qwen25_3b_int8,1323.6092875000002,1337.8007714999999,1940.663878
393.6879960533148,1024,iGPU,23.171103168270015,660.38063,22.714173188271744,2601.044508,56.06326595531434,Qwen2.5,52.612127,0.0,overhead_free_oracle,qwen25_3b,16,6.151374938333044,INT8,NPU,32.89216278704433,519.4098841262609,1,npu_gpu_oracle,NPU prefill + iGPU decode · oracle,3.0,qwen25_3b_int8,43.007611000000004,45.50781405,1940.663878
50.18454897405062,1024,NPU,215.56266049492513,19903.582011999995,0.7536331897924908,20404.686719999994,232.2094974966474,Qwen2.5,1327.2707349999998,0.0,overhead_free_oracle,qwen25_3b,16,0.784133577719541,INT8,iGPU,16.646837001722268,2011.5556367911836,1,gpu_npu_oracle,iGPU prefill + NPU decode · oracle,3.0,qwen25_3b_int8,1323.6092875000002,1337.8007714999999,501.10470799999996
883.1200817391109,1024,iGPU,22.756311317995895,669.9663330000003,22.38918474131744,1159.5252120000002,39.33216705414115,Qwen2.5,51.51833,0.0,measured,qwen25_3b,16,13.798751277173608,INT8,iGPU,16.575855736145257,2058.9964624050867,2,gpu_full,Whole iGPU,3.0,qwen25_3b_int8,43.751551,46.293156599999996,489.558879
46.61299745041111,1024,NPU,230.47710086263922,20029.001822000002,0.7489140064645603,21968.121683,263.66322710277404,Qwen2.5,1343.034015,0.0,measured,qwen25_3b,16,0.7283280851626736,INT8,NPU,33.186126240134826,519.823462320775,2,npu_full,Whole NPU,3.0,qwen25_3b_int8,1336.6938610000002,1338.9391349,1939.119861
392.474576867122,1024,iGPU,22.756311317995895,669.9663330000003,22.38918474131744,2609.0861940000004,55.94243755813072,Qwen2.5,51.51833,0.0,overhead_free_oracle,qwen25_3b,16,6.132415263548781,INT8,NPU,33.186126240134826,519.823462320775,2,npu_gpu_oracle,NPU prefill + iGPU decode · oracle,3.0,qwen25_3b_int8,43.751551,46.293156599999996,1939.119861
49.90603458604647,1024,NPU,230.47710086263922,20029.001822000002,0.7489140064645603,20518.560701000002,247.05295659878448,Qwen2.5,1343.034015,0.0,overhead_free_oracle,qwen25_3b,16,0.779781790406976,INT8,iGPU,16.575855736145257,2058.9964624050867,2,gpu_npu_oracle,iGPU prefill + NPU decode · oracle,3.0,qwen25_3b_int8,1336.6938610000002,1338.9391349,489.558879
1162.3062652536948,2048,iGPU,24.372317050499085,762.4592539999999,19.673182430808296,1762.014076,56.71671049828792,Qwen2.5,76.49324,0.0,measured,qwen25_3b,16,9.080517697294491,INT8,iGPU,32.34439344778883,2032.9050045841307,0,gpu_full,Whole iGPU,3.0,qwen25_3b_int8,48.7077775,50.77213510000001,999.5548220000001
84.75809129574021,2048,NPU,241.10768755894142,20263.533394000002,0.7402460226626357,24162.884849000002,310.1688867404289,Qwen2.5,1527.8762720000002,0.0,measured,qwen25_3b,16,0.6621725882479704,INT8,NPU,69.06119918148747,521.1122986604448,0,npu_full,Whole NPU,3.0,qwen25_3b_int8,1337.9499635,1343.3131942999999,3899.351455
439.31427675649115,2048,iGPU,24.372317050499085,762.4592539999999,19.673182430808296,4661.810708999999,93.43351623198654,Qwen2.5,76.49324,0.0,overhead_free_oracle,qwen25_3b,16,3.432142787160087,INT8,NPU,69.06119918148747,521.1122986604448,0,npu_gpu_oracle,NPU prefill + iGPU decode · oracle,3.0,qwen25_3b_int8,48.7077775,50.77213510000001,3899.351455
96.31714731159913,2048,NPU,241.10768755894142,20263.533394000002,0.7402460226626357,21263.088216000004,273.4520810067303,Qwen2.5,1527.8762720000002,0.0,overhead_free_oracle,qwen25_3b,16,0.7524777133718682,INT8,iGPU,32.34439344778883,2032.9050045841307,0,gpu_npu_oracle,iGPU prefill + NPU decode · oracle,3.0,qwen25_3b_int8,1337.9499635,1343.3131942999999,999.5548220000001
1111.2640708949841,2048,iGPU,23.736713278876508,762.1848110000001,19.680266234011846,1842.946293,59.92964746310727,Qwen2.5,62.479971,0.0,measured,qwen25_3b,16,8.681750553867063,INT8,iGPU,36.192934184230765,1880.1558288695562,1,gpu_full,Whole iGPU,3.0,qwen25_3b_int8,49.404401,52.36134095,1080.761482
85.34559206479975,2048,NPU,234.3291498957721,20084.159637,0.7468572382967064,23996.552727000002,303.3873142102698,Qwen2.5,1375.780532,0.0,measured,qwen25_3b,16,0.666762438006248,INT8,NPU,69.05816431449767,519.3752144164021,1,npu_full,Whole NPU,3.0,qwen25_3b_int8,1336.4961575,1337.3146729500002,3912.39309
438.11442302884404,2048,iGPU,23.736713278876508,762.1848110000001,19.680266234011846,4674.577901000001,92.79487759337418,Qwen2.5,62.479971,0.0,overhead_free_oracle,qwen25_3b,16,3.422768929912844,INT8,NPU,69.05816431449767,519.3752144164021,1,npu_gpu_oracle,NPU prefill + iGPU decode · oracle,3.0,qwen25_3b_int8,49.404401,52.36134095,3912.39309
96.76388532161768,2048,NPU,234.3291498957721,20084.159637,0.7468572382967064,21164.921119,270.52208408000286,Qwen2.5,1375.780532,0.0,overhead_free_oracle,qwen25_3b,16,0.7559678540751381,INT8,iGPU,36.192934184230765,1880.1558288695562,1,gpu_npu_oracle,iGPU prefill + NPU decode · oracle,3.0,qwen25_3b_int8,1336.4961575,1337.3146729500002,1080.761482
1123.6659005692154,2048,iGPU,24.885412281367955,755.8781859999999,19.844467372947843,1822.605811,61.04210505013206,Qwen2.5,60.392722000000006,0.0,measured,qwen25_3b,16,8.778639848196995,INT8,iGPU,36.1566927687641,1904.8911384478301,2,gpu_full,Whole iGPU,3.0,qwen25_3b_int8,49.103414,51.85995685,1066.727625
85.49639075308235,2048,NPU,234.6219525064614,20049.626409,0.7481436159462158,23954.227564,303.472746758231,Qwen2.5,1375.0637000000002,0.0,measured,qwen25_3b,16,0.6679405527584559,INT8,NPU,68.85079425176957,520.4116680132468,2,npu_full,Whole NPU,3.0,qwen25_3b_int8,1335.574202,1337.7854578,3904.601155
439.43977650173645,2048,iGPU,24.885412281367955,755.8781859999999,19.844467372947843,4660.479341,93.73620653313753,Qwen2.5,60.392722000000006,0.0,overhead_free_oracle,qwen25_3b,16,3.433123253919816,INT8,NPU,68.85079425176957,520.4116680132468,2,npu_gpu_oracle,NPU prefill + iGPU decode · oracle,3.0,qwen25_3b_int8,49.103414,51.85995685,3904.601155
96.98643983248533,2048,NPU,234.6219525064614,20049.626409,0.7481436159462158,21116.354034,270.77864527522553,Qwen2.5,1375.0637000000002,0.0,overhead_free_oracle,qwen25_3b,16,0.7577065611912916,INT8,iGPU,36.1566927687641,1904.8911384478301,2,gpu_npu_oracle,iGPU prefill + NPU decode · oracle,3.0,qwen25_3b_int8,1335.574202,1337.7854578,1066.727625
1314.1304473167024,4096,iGPU,25.285964983793406,733.3920720000001,20.452907213864727,3116.889962,108.95313007130636,Qwen2.5,76.495322,0.0,measured,qwen25_3b,16,5.133322059830869,INT8,iGPU,83.66716508751296,1711.7699231527324,0,gpu_full,Whole iGPU,3.0,qwen25_3b_int8,46.680254000000005,48.02061165,2383.49789
142.86143424581672,4096,NPU,242.70093124126765,20310.500735999995,0.7385342289179887,28671.138726999998,388.6761570662737,Qwen2.5,1566.131313,0.0,measured,qwen25_3b,16,0.5580524775227216,INT8,NPU,145.97522582500602,488.00103585300656,0,npu_full,Whole NPU,3.0,qwen25_3b_int8,1338.565505,1341.0676509999998,8360.637991000001
450.4053727142379,4096,iGPU,25.285964983793406,733.3920720000001,20.452907213864727,9094.030063000002,171.26119080879943,Qwen2.5,76.495322,0.0,overhead_free_oracle,qwen25_3b,16,1.7593959871649918,INT8,NPU,145.97522582500602,488.00103585300656,0,npu_gpu_oracle,NPU prefill + iGPU decode · oracle,3.0,qwen25_3b_int8,46.680254000000005,48.02061165,8360.637991000001
180.4882457033071,4096,NPU,242.70093124126765,20310.500735999995,0.7385342289179887,22693.998625999993,326.3680963287806,Qwen2.5,1566.131313,0.0,overhead_free_oracle,qwen25_3b,16,0.7050322097785433,INT8,iGPU,83.66716508751296,1711.7699231527324,0,gpu_npu_oracle,iGPU prefill + NPU decode · oracle,3.0,qwen25_3b_int8,1338.565505,1341.0676509999998,2383.49789
1275.9525179228785,4096,iGPU,24.920576419224147,717.192485,20.91488730532362,3210.150803,112.90325488563047,Qwen2.5,65.289453,0.0,measured,qwen25_3b,16,4.984189523136244,INT8,iGPU,87.98267846640633,1636.6097942917954,1,gpu_full,Whole iGPU,3.0,qwen25_3b_int8,46.329924500000004,47.8250051,2492.958318
144.23220293409287,4096,NPU,222.27124845869028,20048.524277,0.7481847438122042,28398.651041,371.69155522343283,Qwen2.5,1415.829474,0.0,measured,qwen25_3b,16,0.5634070427113003,INT8,NPU,149.42030676474255,488.61533666652247,1,npu_full,Whole NPU,3.0,qwen25_3b_int8,1333.6449665,1340.32522035,8350.126764
451.7321920094224,4096,iGPU,24.920576419224147,717.192485,20.91488730532362,9067.319249,174.3408831839667,Qwen2.5,65.289453,0.0,overhead_free_oracle,qwen25_3b,16,1.7645788750368063,INT8,NPU,149.42030676474255,488.61533666652247,1,npu_gpu_oracle,NPU prefill + iGPU decode · oracle,3.0,qwen25_3b_int8,46.329924500000004,47.8250051,8350.126764
181.70943205432934,4096,NPU,222.27124845869028,20048.524277,0.7481847438122042,22541.482595,310.2539269250966,Qwen2.5,1415.829474,0.0,overhead_free_oracle,qwen25_3b,16,0.709802468962224,INT8,iGPU,87.98267846640633,1636.6097942917954,1,gpu_npu_oracle,iGPU prefill + NPU decode · oracle,3.0,qwen25_3b_int8,1333.6449665,1340.32522035,2492.958318
1271.4490703254107,4096,iGPU,24.96424436984384,716.0261310000001,20.948956121267592,3221.5210939999997,113.21750021044565,Qwen2.5,61.728724,0.0,measured,qwen25_3b,16,4.966597930958636,INT8,iGPU,88.25325584060181,1628.4207552805208,2,gpu_full,Whole iGPU,3.0,qwen25_3b_int8,46.4175805,48.11390775,2505.4949629999996
143.4206169352931,4096,NPU,242.0698117726104,20168.652208000003,0.7437284279239131,28559.352815000002,389.8027993959432,Qwen2.5,1413.173914,0.0,measured,qwen25_3b,16,0.5602367849034887,INT8,NPU,147.73298762333283,486.2526016714542,2,npu_full,Whole NPU,3.0,qwen25_3b_int8,1339.6948475000002,1341.2687457999998,8390.700606999999
449.77741375597213,4096,iGPU,24.96424436984384,716.0261310000001,20.948956121267592,9106.726738,172.69723199317667,Qwen2.5,61.728724,0.0,overhead_free_oracle,qwen25_3b,16,1.7569430224842661,INT8,NPU,147.73298762333283,486.2526016714542,2,npu_gpu_oracle,NPU prefill + iGPU decode · oracle,3.0,qwen25_3b_int8,46.4175805,48.11390775,8390.700606999999
180.64626506608994,4096,NPU,242.0698117726104,20168.652208000003,0.7437284279239131,22674.147171000004,330.3230676132122,Qwen2.5,1413.173914,0.0,overhead_free_oracle,qwen25_3b,16,0.7056494729144138,INT8,iGPU,88.25325584060181,1628.4207552805208,2,gpu_npu_oracle,iGPU prefill + NPU decode · oracle,3.0,qwen25_3b_int8,1339.6948475000002,1341.2687457999998,2505.4949629999996
1143.7718185207716,8192,iGPU,26.424150961174604,817.7338030000001,18.343377692067843,7162.267742,244.37519663695852,Qwen2.5,88.318891,0.0,measured,qwen25_3b,16,2.233929333048382,INT8,iGPU,217.95104567578392,1288.6683369667132,0,gpu_full,Whole iGPU,3.0,qwen25_3b_int8,51.714276500000004,54.00788675,6344.533939
210.80561249326925,8192,NPU,223.47655179738246,20245.78652,0.7408949010295106,38860.445427,546.7867989831767,Qwen2.5,1641.6156660000001,0.0,measured,qwen25_3b,16,0.4117297119009165,INT8,NPU,323.31024718579425,439.2237344153233,0,npu_full,Whole NPU,3.0,qwen25_3b_int8,1333.9993415,1349.1767584000002,18614.658906999997
421.5641440688033,8192,iGPU,26.424150961174604,817.7338030000001,18.343377692067843,19432.392709999996,349.73439814696883,Qwen2.5,88.318891,0.0,overhead_free_oracle,qwen25_3b,16,0.8233674688843814,INT8,NPU,323.31024718579425,439.2237344153233,0,npu_gpu_oracle,NPU prefill + iGPU decode · oracle,3.0,qwen25_3b_int8,51.714276500000004,54.00788675,18614.658906999997
308.082033559218,8192,NPU,223.47655179738246,20245.78652,0.7408949010295106,26590.320459000002,441.4275974731664,Qwen2.5,1641.6156660000001,0.0,overhead_free_oracle,qwen25_3b,16,0.6017227217953477,INT8,iGPU,217.95104567578392,1288.6683369667132,0,gpu_npu_oracle,iGPU prefill + NPU decode · oracle,3.0,qwen25_3b_int8,1333.9993415,1349.1767584000002,6344.533939
1108.9074991771236,8192,iGPU,26.8410603600193,815.552356000001,18.392442728716734,7387.4511680000005,250.13882033965706,Qwen2.5,84.755449,0.0,measured,qwen25_3b,16,2.1658349593303194,INT8,iGPU,223.29775997963776,1244.08488838431,1,gpu_full,Whole iGPU,3.0,qwen25_3b_int8,51.931095,53.37625094999999,6571.898811999999
210.15979053109132,8192,NPU,240.5400544955544,20351.185562999995,0.7370577971276101,38979.863746999996,574.7364770321341,Qwen2.5,1459.9875650000001,0.0,measured,qwen25_3b,16,0.41046834088103773,INT8,NPU,334.1964225365797,438.89319034038016,1,npu_full,Whole NPU,3.0,qwen25_3b_int8,1349.340495,1350.9115041999999,18628.678184
421.3074918623136,8192,iGPU,26.8410603600193,815.552356000001,18.392442728716734,19444.23054,361.037482896599,Qwen2.5,84.755449,0.0,overhead_free_oracle,qwen25_3b,16,0.8228661950435813,INT8,NPU,334.1964225365797,438.89319034038016,1,npu_gpu_oracle,NPU prefill + iGPU decode · oracle,3.0,qwen25_3b_int8,51.931095,53.37625094999999,18628.678184
304.2742014955336,8192,NPU,240.5400544955544,20351.185562999995,0.7370577971276101,26923.084374999995,463.83781447519215,Qwen2.5,1459.9875650000001,0.0,overhead_free_oracle,qwen25_3b,16,0.594285549795964,INT8,iGPU,223.29775997963776,1244.08488838431,1,gpu_npu_oracle,iGPU prefill + NPU decode · oracle,3.0,qwen25_3b_int8,1349.340495,1350.9115041999999,6571.898811999999
1107.5514373663705,8192,iGPU,27.856233742973984,820.0756469999997,18.290995537878715,7396.496202,252.51695786028355,Qwen2.5,80.291492,0.0,measured,qwen25_3b,16,2.1631864011061923,INT8,iGPU,224.66072411730957,1243.2294941636378,2,gpu_full,Whole iGPU,3.0,qwen25_3b_int8,52.0100875,56.54648019999999,6576.420555000001
210.37064229808922,8192,NPU,240.75361234612416,20313.683532,0.738418513627556,38940.794734999996,586.8787631325329,Qwen2.5,1466.3667899999998,0.0,measured,qwen25_3b,16,0.4108801607384555,INT8,NPU,346.1251507864087,438.9301116473289,2,npu_full,Whole NPU,3.0,qwen25_3b_int8,1349.0224505,1350.9542047,18627.111202999997
421.2434458097471,8192,iGPU,27.856233742973984,820.0756469999997,18.290995537878715,19447.18685,373.9813845293827,Qwen2.5,80.291492,0.0,overhead_free_oracle,qwen25_3b,16,0.8227411050971623,INT8,NPU,346.1251507864087,438.9301116473289,2,npu_gpu_oracle,NPU prefill + iGPU decode · oracle,3.0,qwen25_3b_int8,52.0100875,56.54648019999999,18627.111202999997
304.6473889984091,8192,NPU,240.75361234612416,20313.683532,0.738418513627556,26890.104087,465.41433646343376,Qwen2.5,1466.3667899999998,0.0,overhead_free_oracle,qwen25_3b,16,0.5950144316375178,INT8,iGPU,224.66072411730957,1243.2294941636378,2,gpu_npu_oracle,iGPU prefill + NPU decode · oracle,3.0,qwen25_3b_int8,1349.0224505,1350.9542047,6576.420555000001
448.564927407544,1024,iGPU,47.86169078877538,1457.1058550000002,10.294379058685479,2282.835633,79.48445138212134,Qwen2.5,121.705181,0.0,measured,qwen25_7b,16,7.008826990742875,INT8,iGPU,31.62276059334596,1220.7383418356023,0,gpu_full,Whole iGPU,7.0,qwen25_7b_int8,95.138294,96.20100335000001,825.729778
19.904184674453905,1024,NPU,461.2690945871203,46702.076039,0.3211848652611029,51446.468004,535.6509617377583,Qwen2.5,3271.5995279999997,0.0,measured,qwen25_7b,16,0.31100288553834227,INT8,NPU,74.38186715063797,212.4613664798667,0,npu_full,Whole NPU,7.0,qwen25_7b_int8,3103.936429,3123.7985535999997,4744.391965
165.1213996556722,1024,iGPU,47.86169078877538,1457.1058550000002,10.294379058685479,6201.4978200000005,122.24355793941335,Qwen2.5,121.705181,0.0,overhead_free_oracle,qwen25_7b,16,2.5800218696198782,INT8,NPU,74.38186715063797,212.4613664798667,0,npu_gpu_oracle,NPU prefill + iGPU decode · oracle,7.0,qwen25_7b_int8,95.138294,96.20100335000001,4744.391965
21.545282438301207,1024,NPU,461.2690945871203,46702.076039,0.3211848652611029,47527.805817,492.8918551804663,Qwen2.5,3271.5995279999997,0.0,overhead_free_oracle,qwen25_7b,16,0.33664503809845636,INT8,iGPU,31.62276059334596,1220.7383418356023,0,gpu_npu_oracle,iGPU prefill + NPU decode · oracle,7.0,qwen25_7b_int8,3103.936429,3123.7985535999997,825.729778
445.3095765823119,1024,iGPU,47.170225835796735,1448.1868190000002,10.357779675385927,2299.523868,80.06201804845809,Qwen2.5,102.50777099999999,0.0,measured,qwen25_7b,16,6.957962134098623,INT8,iGPU,32.89179221266135,1184.0198910455265,1,gpu_full,Whole iGPU,7.0,qwen25_7b_int8,95.943353,97.09120100000001,851.337049
19.944090272479738,1024,NPU,461.44154608021506,46596.335328999994,0.32191372763738574,51343.530138999995,537.0834476199191,Qwen2.5,3113.611299,0.0,measured,qwen25_7b,16,0.3116264105074959,INT8,NPU,75.64190153970398,212.3359247605851,1,npu_full,Whole NPU,7.0,qwen25_7b_int8,3107.214298,3109.5429515,4747.19481
165.2844104399884,1024,iGPU,47.170225835796735,1448.1868190000002,10.357779675385927,6195.381629,122.81212737550072,Qwen2.5,102.50777099999999,0.0,overhead_free_oracle,qwen25_7b,16,2.5825689131248186,INT8,NPU,75.64190153970398,212.3359247605851,1,npu_gpu_oracle,NPU prefill + iGPU decode · oracle,7.0,qwen25_7b_int8,95.943353,97.09120100000001,4747.19481
21.581669841296513,1024,NPU,461.44154608021506,46596.335328999994,0.32191372763738574,47447.672377999996,494.3333382928764,Qwen2.5,3113.611299,0.0,overhead_free_oracle,qwen25_7b,16,0.337213591270258,INT8,iGPU,32.89179221266135,1184.0198910455265,1,gpu_npu_oracle,iGPU prefill + NPU decode · oracle,7.0,qwen25_7b_int8,3107.214298,3109.5429515,851.337049
439.8715688251594,1024,iGPU,46.103998314333595,1452.1752310000002,10.329331942723378,2327.952231,78.63028201157661,Qwen2.5,102.33086499999999,0.0,measured,qwen25_7b,16,6.872993262893115,INT8,iGPU,32.52628369724302,1150.977931596742,2,gpu_full,Whole iGPU,7.0,qwen25_7b_int8,96.2988055,97.611688,875.777
19.956819824573934,1024,NPU,464.02770544081653,46561.73317,0.3221529564896993,51310.780425,540.2556088991223,Qwen2.5,3112.492155,0.0,measured,qwen25_7b,16,0.3118253097589677,INT8,NPU,76.22790345830576,212.25309959565774,2,npu_full,Whole NPU,7.0,qwen25_7b_int8,3107.415192,3108.46740155,4749.0472549999995
165.12873103840448,1024,iGPU,46.103998314333595,1452.1752310000002,10.329331942723378,6201.222486,122.33190177263936,Qwen2.5,102.33086499999999,0.0,overhead_free_oracle,qwen25_7b,16,2.58013642247507,INT8,NPU,76.22790345830576,212.25309959565774,2,npu_gpu_oracle,NPU prefill + iGPU decode · oracle,7.0,qwen25_7b_int8,96.2988055,97.611688,4749.0472549999995
21.586293132382583,1024,NPU,464.02770544081653,46561.73317,0.3221529564896993,47437.51017,496.55398913805953,Qwen2.5,3112.492155,0.0,overhead_free_oracle,qwen25_7b,16,0.33728583019347785,INT8,iGPU,32.52628369724302,1150.977931596742,2,gpu_npu_oracle,iGPU prefill + NPU decode · oracle,7.0,qwen25_7b_int8,3107.415192,3108.46740155,875.777
637.3590390856447,2048,iGPU,47.51222501670351,1449.9361070000002,10.34528344220343,3213.25952,116.38368814807829,Qwen2.5,122.90696500000001,0.0,measured,qwen25_7b,16,4.979367492856599,INT8,iGPU,68.87146313137478,1152.3694320730942,0,gpu_full,Whole iGPU,7.0,qwen25_7b_int8,94.52278799999999,95.9783772,1763.3234129999998
36.36594262107759,2048,NPU,492.68247387249306,46832.688750999994,0.32028910575158276,56316.42829499999,647.6636764945526,Qwen2.5,3262.551215,0.0,measured,qwen25_7b,16,0.2841089267271687,INT8,NPU,154.98120262205958,214.26147255230862,0,npu_full,Whole NPU,7.0,qwen25_7b_int8,3109.9407135,3123.94320155,9483.739544
187.31120854245287,2048,iGPU,47.51222501670351,1449.9361070000002,10.34528344220343,10933.675651,202.49342763876308,Qwen2.5,122.90696500000001,0.0,overhead_free_oracle,qwen25_7b,16,1.463368816737913,INT8,NPU,154.98120262205958,214.26147255230862,0,npu_gpu_oracle,NPU prefill + iGPU decode · oracle,7.0,qwen25_7b_int8,94.52278799999999,95.9783772,9483.739544
42.143375738084984,2048,NPU,492.68247387249306,46832.688750999994,0.32028910575158276,48596.01216399999,561.5539370038679,Qwen2.5,3262.551215,0.0,overhead_free_oracle,qwen25_7b,16,0.32924512295378894,INT8,iGPU,68.87146313137478,1152.3694320730942,0,gpu_npu_oracle,iGPU prefill + NPU decode · oracle,7.0,qwen25_7b_int8,3109.9407135,3123.94320155,1763.3234129999998
631.3766099219148,2048,iGPU,47.11586016942242,1428.802512,10.498301811496255,3243.705845,118.64620400500446,Qwen2.5,104.20521600000001,0.0,measured,qwen25_7b,16,4.932629765014959,INT8,iGPU,71.53034383558204,1119.6188596122877,1,gpu_full,Whole iGPU,7.0,qwen25_7b_int8,94.40986749999999,95.42383090000001,1814.903333
36.52867430016458,2048,NPU,456.54155729060057,46564.806051,0.3221316971356282,56065.544103,604.1874118462272,Qwen2.5,3123.5186869999998,0.0,measured,qwen25_7b,16,0.2853802679700358,INT8,NPU,147.6458545556266,213.8781207184471,1,npu_full,Whole NPU,7.0,qwen25_7b_int8,3105.6618265,3111.3768621000004,9500.738052
187.38207594432234,2048,iGPU,47.11586016942242,1428.802512,10.498301811496255,10929.540564,194.76171472504905,Qwen2.5,104.20521600000001,0.0,overhead_free_oracle,qwen25_7b,16,1.4639224683150183,INT8,NPU,147.6458545556266,213.8781207184471,1,npu_gpu_oracle,NPU prefill + iGPU decode · oracle,7.0,qwen25_7b_int8,94.40986749999999,95.42383090000001,9500.738052
42.33179624425997,2048,NPU,456.54155729060057,46564.806051,0.3221316971356282,48379.709384,528.0719011261826,Qwen2.5,3123.5186869999998,0.0,overhead_free_oracle,qwen25_7b,16,0.330717158158281,INT8,iGPU,71.53034383558204,1119.6188596122877,1,gpu_npu_oracle,iGPU prefill + NPU decode · oracle,7.0,qwen25_7b_int8,3105.6618265,3111.3768621000004,1814.903333
626.918122268407,2048,iGPU,46.70509268039716,1436.487232,10.44213945369756,3266.774284,121.35327069078124,Qwen2.5,104.643907,0.0,measured,qwen25_7b,16,4.89779783022193,INT8,iGPU,74.64817801038409,1110.2083674686892,2,gpu_full,Whole iGPU,7.0,qwen25_7b_int8,94.895799,96.26160594999999,1830.2870520000001
36.52539950560461,2048,NPU,480.0475977036934,46595.175117000006,0.32192174323489836,56070.57082800001,641.1556664126668,Qwen2.5,3152.366479,0.0,measured,qwen25_7b,16,0.285354683637536,INT8,NPU,161.10806870897346,214.45014667208548,2,npu_full,Whole NPU,7.0,qwen25_7b_int8,3106.8281524999998,3110.8264585,9475.395711000001
187.68529782605458,2048,iGPU,46.70509268039716,1436.487232,10.44213945369756,10911.882943,207.81316138937063,Qwen2.5,104.643907,0.0,overhead_free_oracle,qwen25_7b,16,1.4662913892660514,INT8,NPU,161.10806870897346,214.45014667208548,2,npu_gpu_oracle,NPU prefill + iGPU decode · oracle,7.0,qwen25_7b_int8,94.895799,96.26160594999999,9475.395711000001
42.29180080620987,2048,NPU,480.0475977036934,46595.175117000006,0.32192174323489836,48425.462169000006,554.6957757140775,Qwen2.5,3152.366479,0.0,overhead_free_oracle,qwen25_7b,16,0.3304046937985146,INT8,iGPU,74.64817801038409,1110.2083674686892,2,gpu_npu_oracle,iGPU prefill + NPU decode · oracle,7.0,qwen25_7b_int8,3106.8281524999998,3110.8264585,1830.2870520000001
713.5173011702389,4096,iGPU,49.31209521961884,1523.8461130000005,9.84351364093416,5740.575587,210.12306815089136,Qwen2.5,127.952757,0.0,measured,qwen25_7b,16,2.7871769576962455,INT8,iGPU,160.81097293127252,967.5745207647153,0,gpu_full,Whole iGPU,7.0,qwen25_7b_int8,98.9142945,103.16315465000001,4216.729474
61.48783683609714,4096,NPU,496.36229126390504,46844.75106600001,0.32020663273173045,66614.80076000001,821.4738069699072,Qwen2.5,3293.594374,0.0,measured,qwen25_7b,16,0.24018686264100444,INT8,NPU,325.11151570600214,206.3727741280406,0,npu_full,Whole NPU,7.0,qwen25_7b_int8,3112.18156,3121.3705642000004,19770.049694
192.35559510221285,4096,iGPU,49.31209521961884,1523.8461130000005,9.84351364093416,21293.895807,374.423610925621,Qwen2.5,127.952757,0.0,overhead_free_oracle,qwen25_7b,16,0.7513890433680189,INT8,NPU,325.11151570600214,206.3727741280406,0,npu_gpu_oracle,NPU prefill + iGPU decode · oracle,7.0,qwen25_7b_int8,98.9142945,103.16315465000001,19770.049694
80.21702380508371,4096,NPU,496.36229126390504,46844.75106600001,0.32020663273173045,51061.48054000001,657.1732641951776,Qwen2.5,3293.594374,0.0,overhead_free_oracle,qwen25_7b,16,0.31334774923860825,INT8,iGPU,160.81097293127252,967.5745207647153,0,gpu_npu_oracle,iGPU prefill + NPU decode · oracle,7.0,qwen25_7b_int8,3112.18156,3121.3705642000004,4216.729474
704.6822767165471,4096,iGPU,47.1914123871712,1496.6974200000004,10.02206578267503,5812.548627,211.7978605549249,Qwen2.5,113.064014,0.0,measured,qwen25_7b,16,2.752665143424012,INT8,iGPU,164.6064481677537,945.3523312811466,1,gpu_full,Whole iGPU,7.0,qwen25_7b_int8,98.5599525,99.9681923,4315.851207
61.69407783785291,4096,NPU,457.3033365069613,46594.35403799999,0.3219274160935198,66392.109965,786.236882907738,Qwen2.5,3243.338733,0.0,measured,qwen25_7b,16,0.24099249155411293,INT8,NPU,328.9335464007768,206.08396300288422,1,npu_full,Whole NPU,7.0,qwen25_7b_int8,3108.2273225,3116.2414857000003,19797.755927000002
192.35055877013397,4096,iGPU,47.1914123871712,1496.6974200000004,10.02206578267503,21294.453347000002,376.124958787948,Qwen2.5,113.064014,0.0,overhead_free_oracle,qwen25_7b,16,0.7513693701958358,INT8,NPU,328.9335464007768,206.08396300288422,1,npu_gpu_oracle,NPU prefill + iGPU decode · oracle,7.0,qwen25_7b_int8,98.5599525,99.9681923,19797.755927000002
80.45538179012306,4096,NPU,457.3033365069613,46594.35403799999,0.3219274160935198,50910.20524499999,621.909784674715,Qwen2.5,3243.338733,0.0,overhead_free_oracle,qwen25_7b,16,0.3142788351176682,INT8,iGPU,164.6064481677537,945.3523312811466,1,gpu_npu_oracle,iGPU prefill + NPU decode · oracle,7.0,qwen25_7b_int8,3108.2273225,3116.2414857000003,4315.851207
705.7972546239915,4096,iGPU,49.32855310883207,1501.6674090000006,9.988896282958486,5803.3662970000005,215.69962908173022,Qwen2.5,112.529333,0.0,measured,qwen25_7b,16,2.757020525874967,INT8,iGPU,166.37107597289815,948.4624810401189,2,gpu_full,Whole iGPU,7.0,qwen25_7b_int8,99.0827125,99.88161005,4301.698888
61.53561849396418,4096,NPU,508.1109076246928,46771.44117699999,0.32070852688149143,66563.07517899999,845.6109054774932,Qwen2.5,3205.429596,0.0,measured,qwen25_7b,16,0.24037350974204758,INT8,NPU,337.49999785280045,206.14770865243895,2,npu_full,Whole NPU,7.0,qwen25_7b_int8,3112.8856765,3115.1021892999997,19791.634002
192.3609646498513,4096,iGPU,49.32855310883207,1501.6674090000006,9.988896282958486,21293.301411,386.8285509616325,Qwen2.5,112.529333,0.0,overhead_free_oracle,qwen25_7b,16,0.7514100181634816,INT8,NPU,337.49999785280045,206.14770865243895,2,npu_gpu_oracle,NPU prefill + iGPU decode · oracle,7.0,qwen25_7b_int8,99.0827125,99.88161005,19791.634002
80.19871100126377,4096,NPU,508.1109076246928,46771.44117699999,0.32070852688149143,51073.14006499999,674.4819835975909,Qwen2.5,3205.429596,0.0,overhead_free_oracle,qwen25_7b,16,0.3132762148486866,INT8,iGPU,166.37107597289815,948.4624810401189,2,gpu_npu_oracle,iGPU prefill + NPU decode · oracle,7.0,qwen25_7b_int8,3112.8856765,3115.1021892999997,4301.698888
674.1516812175385,8192,iGPU,52.920890989267036,1644.9200059999985,9.118984476622629,12151.568005,436.56266581086265,Qwen2.5,152.81451800000002,0.0,measured,qwen25_7b,16,1.3167025023780048,INT8,iGPU,383.6417748215956,778.1739714491409,0,gpu_full,Whole iGPU,7.0,qwen25_7b_int8,106.221656,108.08398975,10506.647999
91.89616969030398,8192,NPU,529.413722751662,47174.40495999999,0.3179690345372403,89144.085413,1277.9215587066137,Qwen2.5,3390.517737,0.0,measured,qwen25_7b,16,0.17948470642637496,INT8,NPU,748.5078359549517,194.80729688080285,0,npu_full,Whole NPU,7.0,qwen25_7b_int8,3129.8400265,3138.7973348000005,41969.680453
187.8270100789048,8192,iGPU,52.920890989267036,1644.9200059999985,9.118984476622629,43614.600459,801.4287269442187,Qwen2.5,152.81451800000002,0.0,overhead_free_oracle,qwen25_7b,16,0.36684962906036095,INT8,NPU,748.5078359549517,194.80729688080285,0,npu_gpu_oracle,NPU prefill + iGPU decode · oracle,7.0,qwen25_7b_int8,106.221656,108.08398975,41969.680453
142.02237268142312,8192,NPU,529.413722751662,47174.40495999999,0.3179690345372403,57681.05295899999,913.0554975732576,Qwen2.5,3390.517737,0.0,overhead_free_oracle,qwen25_7b,16,0.27738744664340453,INT8,iGPU,383.6417748215956,778.1739714491409,0,gpu_npu_oracle,iGPU prefill + NPU decode · oracle,7.0,qwen25_7b_int8,3129.8400265,3138.7973348000005,10506.647999
664.8174423249313,8192,iGPU,51.73869463044002,1637.3721860000005,9.161020401014678,12322.179712000001,447.55890340054196,Qwen2.5,142.453615,0.0,measured,qwen25_7b,16,1.2984715670408815,INT8,iGPU,395.82020877010194,765.1986224463881,1,gpu_full,Whole iGPU,7.0,qwen25_7b_int8,106.494876,108.0899779,10684.807526
92.19897734598074,8192,NPU,486.7332216824616,46896.601235,0.31985260349326033,88851.310891,1243.8399271459123,Qwen2.5,3310.921853,0.0,measured,qwen25_7b,16,0.18007612762886863,INT8,NPU,757.1067054634507,194.87681042337374,1,npu_full,Whole NPU,7.0,qwen25_7b_int8,3119.0700705,3130.83855425,41954.709656
187.92403697744922,8192,iGPU,51.73869463044002,1637.3721860000005,9.161020401014678,43592.081842,808.8454000938907,Qwen2.5,142.453615,0.0,overhead_free_oracle,qwen25_7b,16,0.3670391347215805,INT8,NPU,757.1067054634507,194.87681042337374,1,npu_gpu_oracle,NPU prefill + iGPU decode · oracle,7.0,qwen25_7b_int8,106.494876,108.0899779,41954.709656
142.26814133711258,8192,NPU,486.7332216824616,46896.601235,0.31985260349326033,57581.408761,882.5534304525636,Qwen2.5,3310.921853,0.0,overhead_free_oracle,qwen25_7b,16,0.277867463549048,INT8,iGPU,395.82020877010194,765.1986224463881,1,gpu_npu_oracle,iGPU prefill + NPU decode · oracle,7.0,qwen25_7b_int8,3119.0700705,3130.83855425,10684.807526
664.0633237303208,8192,iGPU,52.03908832629088,1647.4889739999999,9.104765031343996,12336.172933,438.76027407536543,Qwen2.5,144.399666,0.0,measured,qwen25_7b,16,1.2969986791607828,INT8,iGPU,386.72118574907455,764.9211101536696,2,gpu_full,Whole iGPU,7.0,qwen25_7b_int8,107.18557000000001,108.49589744999999,10688.683959
92.03204201370568,8192,NPU,511.1675122109341,47074.985089,0.3186405682687098,89012.47675,1275.755816067187,Qwen2.5,3322.44694,0.0,measured,qwen25_7b,16,0.1797500820580189,INT8,NPU,764.5883038562529,194.95681968989373,2,npu_full,Whole NPU,7.0,qwen25_7b_int8,3127.600312,3131.83723055,41937.491661
187.9546550359503,8192,iGPU,52.03908832629088,1647.4889739999999,9.104765031343996,43584.980635,816.6273921825438,Qwen2.5,144.399666,0.0,overhead_free_oracle,qwen25_7b,16,0.36709893561709045,INT8,NPU,764.5883038562529,194.95681968989373,2,npu_gpu_oracle,NPU prefill + iGPU decode · oracle,7.0,qwen25_7b_int8,107.18557000000001,108.49589744999999,41937.491661
141.81924616306273,8192,NPU,511.1675122109341,47074.985089,0.3186405682687098,57763.669048,897.8886979600086,Qwen2.5,3322.44694,0.0,overhead_free_oracle,qwen25_7b,16,0.2769907151622319,INT8,iGPU,386.72118574907455,764.9211101536696,2,gpu_npu_oracle,iGPU prefill + NPU decode · oracle,7.0,qwen25_7b_int8,3127.600312,3131.83723055,10688.683959
1880.6584713508762,1024,iGPU,11.973967655726495,304.252731,49.30111868083774,544.490143,19.008366268236916,Llama 3.2,39.77642,0.0,measured,llama32_1b,16,29.38528861485744,INT8,iGPU,7.0343986125104205,4195.849395846805,0,gpu_full,Whole iGPU,1.0,llama32_1b_int8,18.722242,19.98986765,240.237412
141.45776325094963,1024,NPU,91.54940711124948,6523.119832999999,2.2995131752932187,7238.909879999999,103.41675178635248,Llama 3.2,597.190734,0.0,measured,llama32_1b,16,2.210277550796088,INT8,NPU,11.867344675103006,1408.2341661842079,0,npu_full,Whole NPU,1.0,llama32_1b_int8,422.91620649999993,426.02729645,715.7900470000001
1003.8794667099735,1024,iGPU,11.973967655726495,304.252731,49.30111868083774,1020.042778,23.841312330829503,Llama 3.2,39.77642,0.0,overhead_free_oracle,llama32_1b,16,15.685616667343336,INT8,NPU,11.867344675103006,1408.2341661842079,0,npu_gpu_oracle,NPU prefill + iGPU decode · oracle,1.0,llama32_1b_int8,18.722242,19.98986765,715.7900470000001
151.40409753706572,1024,NPU,91.54940711124948,6523.119832999999,2.2995131752932187,6763.357244999999,98.5838057237599,Llama 3.2,597.190734,0.0,overhead_free_oracle,llama32_1b,16,2.365689024016652,INT8,iGPU,7.0343986125104205,4195.849395846805,0,gpu_npu_oracle,iGPU prefill + NPU decode · oracle,1.0,llama32_1b_int8,422.91620649999993,426.02729645,240.237412
1760.8140523993982,1024,iGPU,11.52495659412336,316.45892000000003,47.39951713163908,581.549198,19.360171229776917,Llama 3.2,32.335183,0.0,measured,llama32_1b,16,27.512719568740597,INT8,iGPU,7.835214635653558,3802.478188204246,1,gpu_full,Whole iGPU,1.0,llama32_1b_int8,18.740425,26.361397099999998,265.090278
145.0257437591238,1024,NPU,86.3934543023654,6345.906671,2.3637284280508135,7060.815366,97.75641667800228,Llama 3.2,428.263869,0.0,measured,llama32_1b,16,2.2660272462363094,INT8,NPU,11.362962375636888,1409.9702620066748,1,npu_full,Whole NPU,1.0,llama32_1b_int8,422.7833595,423.44954105,714.908695
992.8564607877472,1024,iGPU,11.52495659412336,316.45892000000003,47.39951713163908,1031.3676150000001,22.88791896976025,Llama 3.2,32.335183,0.0,overhead_free_oracle,llama32_1b,16,15.51338219980855,INT8,NPU,11.362962375636888,1409.9702620066748,1,npu_gpu_oracle,NPU prefill + iGPU decode · oracle,1.0,llama32_1b_int8,18.740425,26.361397099999998,714.908695
154.8934310361304,1024,NPU,86.3934543023654,6345.906671,2.3637284280508135,6610.996948999999,94.22866893801896,Llama 3.2,428.263869,0.0,overhead_free_oracle,llama32_1b,16,2.4202098599395376,INT8,iGPU,7.835214635653558,3802.478188204246,1,gpu_npu_oracle,iGPU prefill + NPU decode · oracle,1.0,llama32_1b_int8,422.7833595,423.44954105,265.090278
1865.9776733621134,1024,iGPU,10.940775947449527,290.09792500000003,51.706678012260866,548.773983,18.739274801884726,Llama 3.2,24.616941,0.0,measured,llama32_1b,16,29.15590114628302,INT8,iGPU,7.7984988544351985,3896.765737786216,2,gpu_full,Whole iGPU,1.0,llama32_1b_int8,18.6387915,20.45485955,258.676058
145.15707399063353,1024,NPU,84.28961202703627,6336.459438999999,2.3672525870957446,7054.427123999999,95.6030603690088,Llama 3.2,426.86201,0.0,measured,llama32_1b,16,2.268079281103649,INT8,NPU,11.313448341972538,1403.9629095562987,2,npu_full,Whole NPU,1.0,llama32_1b_int8,422.053105,423.48913335,717.967685
1015.8068977276191,1024,iGPU,10.940775947449527,290.09792500000003,51.706678012260866,1008.06561,22.254224289422066,Llama 3.2,24.616941,0.0,overhead_free_oracle,llama32_1b,16,15.871982776994049,INT8,NPU,11.313448341972538,1403.9629095562987,2,npu_gpu_oracle,NPU prefill + iGPU decode · oracle,1.0,llama32_1b_int8,18.6387915,20.45485955,717.967685
155.2659532872066,1024,NPU,84.28961202703627,6336.459438999999,2.3672525870957446,6595.135496999999,92.08811088147147,Llama 3.2,426.86201,0.0,overhead_free_oracle,llama32_1b,16,2.426030520112603,INT8,iGPU,7.7984988544351985,3896.765737786216,2,gpu_npu_oracle,iGPU prefill + NPU decode · oracle,1.0,llama32_1b_int8,422.053105,423.48913335,258.676058
2433.957599999864,2048,iGPU,12.346093432023707,323.797556,46.32524156544282,841.427969,27.873811976695766,Llama 3.2,45.099012,0.0,measured,llama32_1b,16,19.01529374999894,INT8,iGPU,15.527718544672059,3925.5807791958314,0,gpu_full,Whole iGPU,1.0,llama32_1b_int8,19.481908,21.360242849999995,517.630413
256.68433950794036,2048,NPU,88.52194053567638,6552.860685000001,2.289076591287245,7978.671406,113.24373675439493,Llama 3.2,607.626808,0.0,measured,llama32_1b,16,2.005346402405784,INT8,NPU,24.721796218718552,1425.1541036069964,0,npu_full,Whole NPU,1.0,llama32_1b_int8,424.1912555,426.7551553,1425.810721
1170.5477316966305,2048,iGPU,12.346093432023707,323.797556,46.32524156544282,1749.608277,37.06788965074226,Llama 3.2,45.099012,0.0,overhead_free_oracle,llama32_1b,16,9.144904153879926,INT8,NPU,24.721796218718552,1425.1541036069964,0,npu_gpu_oracle,NPU prefill + iGPU decode · oracle,1.0,llama32_1b_int8,19.481908,21.360242849999995,1425.810721
289.65456170071536,2048,NPU,88.52194053567638,6552.860685000001,2.289076591287245,7070.491098,104.04965908034843,Llama 3.2,607.626808,0.0,overhead_free_oracle,llama32_1b,16,2.2629262632868388,INT8,iGPU,15.527718544672059,3925.5807791958314,0,gpu_npu_oracle,iGPU prefill + NPU decode · oracle,1.0,llama32_1b_int8,424.1912555,426.7551553,517.630413
2363.342762778616,2048,iGPU,11.14910183133524,302.544173,49.57953693591712,866.5691800000001,28.135222944952325,Llama 3.2,29.824132,0.0,measured,llama32_1b,16,18.463615334207937,INT8,iGPU,16.986121113617084,3602.6771415828375,1,gpu_full,Whole iGPU,1.0,llama32_1b_int8,19.2617705,20.0867775,564.0250070000001
261.9439520375293,2048,NPU,81.26664098392267,6389.715276,2.3475224406853528,7818.466447,103.93904546219149,Llama 3.2,453.29940200000004,0.0,measured,llama32_1b,16,2.0464371252931977,INT8,NPU,22.672404478268817,1422.2210565733283,1,npu_full,Whole NPU,1.0,llama32_1b_int8,424.542054,425.18923929999994,1428.751171
1182.9293061392302,2048,iGPU,11.14910183133524,302.544173,49.57953693591712,1731.2953440000001,33.82150630960406,Llama 3.2,29.824132,0.0,overhead_free_oracle,llama32_1b,16,9.241635204212736,INT8,NPU,22.672404478268817,1422.2210565733283,1,npu_gpu_oracle,NPU prefill + iGPU decode · oracle,1.0,llama32_1b_int8,19.2617705,20.0867775,1428.751171
294.51775830725256,2048,NPU,81.26664098392267,6389.715276,2.3475224406853528,6953.740283,98.25276209753976,Llama 3.2,453.29940200000004,0.0,overhead_free_oracle,llama32_1b,16,2.3009199867754107,INT8,iGPU,16.986121113617084,3602.6771415828375,1,gpu_npu_oracle,iGPU prefill + NPU decode · oracle,1.0,llama32_1b_int8,424.542054,425.18923929999994,564.0250070000001
2349.294525609314,2048,iGPU,11.075730444826203,307.8899779999999,48.71870171753366,871.7510629999999,28.443647595007533,Llama 3.2,30.489342,0.0,measured,llama32_1b,16,18.353863481322765,INT8,iGPU,17.36791715018133,3603.724488275335,2,gpu_full,Whole iGPU,1.0,llama32_1b_int8,19.3590285,22.459025049999997,563.861085
261.7596438323234,2048,NPU,83.6463029799006,6400.823388000001,2.343448505097232,7823.971526000001,107.6461381745534,Llama 3.2,455.564631,0.0,measured,llama32_1b,16,2.0449972174400264,INT8,NPU,23.999835194652803,1427.820439589403,2,npu_full,Whole NPU,1.0,llama32_1b_int8,424.7773815,425.34586365,1423.148138
1183.1050865202324,2048,iGPU,11.075730444826203,307.8899779999999,48.71870171753366,1731.038116,35.07556563947901,Llama 3.2,30.489342,0.0,overhead_free_oracle,llama32_1b,16,9.243008488439315,INT8,NPU,23.999835194652803,1427.820439589403,2,npu_gpu_oracle,NPU prefill + iGPU decode · oracle,1.0,llama32_1b_int8,19.3590285,22.459025049999997,1423.148138
294.0549579725375,2048,NPU,83.6463029799006,6400.823388000001,2.343448505097232,6964.684473000001,101.01422013008192,Llama 3.2,455.564631,0.0,overhead_free_oracle,llama32_1b,16,2.2973043591604494,INT8,iGPU,17.36791715018133,3603.724488275335,2,gpu_npu_oracle,iGPU prefill + NPU decode · oracle,1.0,llama32_1b_int8,424.7773815,425.34586365,563.861085
2383.1728604842515,4096,iGPU,13.863445707940116,381.84593400000017,39.28285903916421,1718.717122,53.11068629586424,Llama 3.2,62.051987000000004,0.0,measured,llama32_1b,16,9.309268986266607,INT8,iGPU,39.247240587924125,3051.902110407364,0,gpu_full,Whole iGPU,1.0,llama32_1b_int8,21.276234,30.2459046,1336.8711879999998
418.2488425068459,4096,NPU,86.89639427141388,6674.163352,2.247472710643957,9793.212996,139.7733261211759,Llama 3.2,676.611074,0.0,measured,llama32_1b,16,1.6337845410423668,INT8,NPU,52.876931849762016,1308.0907538129586,0,npu_full,Whole NPU,1.0,llama32_1b_int8,428.0453165,430.79960515,3119.049644
1169.9863388498927,4096,iGPU,13.863445707940116,381.84593400000017,39.28285903916421,3500.8955780000006,66.74037755770213,Llama 3.2,62.051987000000004,0.0,overhead_free_oracle,llama32_1b,16,4.570259136132393,INT8,NPU,52.876931849762016,1308.0907538129586,0,npu_gpu_oracle,NPU prefill + iGPU decode · oracle,1.0,llama32_1b_int8,21.276234,30.2459046,3119.049644
511.2947621868574,4096,NPU,86.89639427141388,6674.163352,2.247472710643957,8011.03454,126.14363485933801,Llama 3.2,676.611074,0.0,overhead_free_oracle,llama32_1b,16,1.9972451647924117,INT8,iGPU,39.247240587924125,3051.902110407364,0,gpu_npu_oracle,iGPU prefill + NPU decode · oracle,1.0,llama32_1b_int8,428.0453165,430.79960515,1336.8711879999998
2309.7617606213153,4096,iGPU,12.633431188648146,343.54992800000014,43.661775996646405,1773.3430650000003,55.097430154245224,Llama 3.2,35.072932,0.0,measured,llama32_1b,16,9.022506877427013,INT8,iGPU,42.46399896559708,2853.5596474890617,1,gpu_full,Whole iGPU,1.0,llama32_1b_int8,21.2911095,24.919939499999998,1429.7931370000001
426.551626137422,4096,NPU,83.62422612558846,6481.1999110000015,2.3143862565544,9602.58911,137.66066928337548,Llama 3.2,496.594108,0.0,measured,llama32_1b,16,1.6662172895993046,INT8,NPU,54.03644315778702,1307.110308867318,1,npu_full,Whole NPU,1.0,llama32_1b_int8,427.4844565,427.97794079999994,3121.3891989999997
1182.1275496826356,4096,iGPU,12.633431188648146,343.54992800000014,43.661775996646405,3464.9391269999996,66.66987434643517,Llama 3.2,35.072932,0.0,overhead_free_oracle,llama32_1b,16,4.617685740947795,INT8,NPU,54.03644315778702,1307.110308867318,1,npu_gpu_oracle,NPU prefill + iGPU decode · oracle,1.0,llama32_1b_int8,21.2911095,24.919939499999998,3121.3891989999997
517.7605358957458,4096,NPU,83.62422612558846,6481.1999110000015,2.3143862565544,7910.993048000002,126.08822509118554,Llama 3.2,496.594108,0.0,overhead_free_oracle,llama32_1b,16,2.022502093342757,INT8,iGPU,42.46399896559708,2853.5596474890617,1,gpu_npu_oracle,iGPU prefill + NPU decode · oracle,1.0,llama32_1b_int8,427.4844565,427.97794079999994,1429.7931370000001
2276.106049506676,4096,iGPU,12.309732043603852,371.053351,40.425453535386616,1799.564656,54.844003295893515,Llama 3.2,46.114875,0.0,measured,llama32_1b,16,8.891039255885453,INT8,iGPU,42.53427125228966,2856.12020410297,2,gpu_full,Whole iGPU,1.0,llama32_1b_int8,21.404238,30.640991399999997,1428.511305
426.2108534715582,4096,NPU,82.23488762547476,6495.110204999999,2.3094296365368603,9610.266764999998,136.46418934938154,Llama 3.2,503.12422599999996,0.0,measured,llama32_1b,16,1.6648861463732743,INT8,NPU,54.229301723906794,1309.7255054172942,2,npu_full,Whole NPU,1.0,llama32_1b_int8,428.253489,429.79907105,3115.15656
1174.9149089032005,4096,iGPU,12.309732043603852,371.053351,40.425453535386616,3486.209911,66.53903376751065,Llama 3.2,46.114875,0.0,overhead_free_oracle,llama32_1b,16,4.589511362903127,INT8,NPU,54.229301723906794,1309.7255054172942,2,npu_gpu_oracle,NPU prefill + iGPU decode · oracle,1.0,llama32_1b_int8,21.404238,30.640991399999997,3115.15656
516.9353426120426,4096,NPU,82.23488762547476,6495.110204999999,2.3094296365368603,7923.621509999999,124.76915887776443,Llama 3.2,503.12422599999996,0.0,overhead_free_oracle,llama32_1b,16,2.0192786820782915,INT8,iGPU,42.53427125228966,2856.12020410297,2,gpu_npu_oracle,iGPU prefill + NPU decode · oracle,1.0,llama32_1b_int8,428.253489,429.79907105,1428.511305
1959.2225588205001,8192,iGPU,14.905659816054552,416.99386600000025,35.97175216001858,4181.250345,122.24250256114304,Llama 3.2,59.939008,0.0,measured,llama32_1b,16,3.8266065601962893,INT8,iGPU,107.33684274508849,2172.009278754568,0,gpu_full,Whole iGPU,1.0,llama32_1b_int8,25.266045000000002,26.6841813,3764.256479
547.72308267441,8192,NPU,88.93075450495434,6857.665318,2.1873333422422934,14956.462963,222.97483817856818,Llama 3.2,793.48128,0.0,measured,llama32_1b,16,1.069771645848457,INT8,NPU,134.04408367361384,1009.5325699423622,0,npu_full,Whole NPU,1.0,llama32_1b_int8,433.45848200000006,434.56051835,8098.797645
961.9775201657119,8192,iGPU,14.905659816054552,416.99386600000025,35.97175216001858,8515.791511,148.94974348966838,Llama 3.2,59.939008,0.0,overhead_free_oracle,llama32_1b,16,1.878862344073656,INT8,NPU,134.04408367361384,1009.5325699423622,0,npu_gpu_oracle,NPU prefill + iGPU decode · oracle,1.0,llama32_1b_int8,25.266045000000002,26.6841813,8098.797645
771.2352017422784,8192,NPU,88.93075450495434,6857.665318,2.1873333422422934,10621.921797,196.26759725004283,Llama 3.2,793.48128,0.0,overhead_free_oracle,llama32_1b,16,1.5063187534028875,INT8,iGPU,107.33684274508849,2172.009278754568,0,gpu_npu_oracle,iGPU prefill + NPU decode · oracle,1.0,llama32_1b_int8,433.45848200000006,434.56051835,3764.256479
1884.5904289579726,8192,iGPU,14.719667101228467,407.74072099999967,36.78808425906521,4346.83307,129.08153154364902,Llama 3.2,48.003477000000004,0.0,measured,llama32_1b,16,3.68084068155854,INT8,iGPU,114.36186444242055,2075.6050571080427,1,gpu_full,Whole iGPU,1.0,llama32_1b_int8,25.028719,29.183185899999998,3939.092349
557.1037459815625,8192,NPU,85.11301959264884,6602.486234999999,2.271871453587362,14704.622001,216.18046081022365,Llama 3.2,532.402453,0.0,measured,llama32_1b,16,1.0880932538702393,INT8,NPU,131.0674412175748,1009.1166374068879,1,npu_full,Whole NPU,1.0,llama32_1b_int8,433.66997699999996,434.4063293,8102.135766
962.6461691323489,8192,iGPU,14.719667101228467,407.74072099999967,36.78808425906521,8509.876487,145.7871083188033,Llama 3.2,48.003477000000004,0.0,overhead_free_oracle,llama32_1b,16,1.8801682990866189,INT8,NPU,131.0674412175748,1009.1166374068879,1,npu_gpu_oracle,NPU prefill + iGPU decode · oracle,1.0,llama32_1b_int8,25.028719,29.183185899999998,8102.135766
777.1132126675801,8192,NPU,85.11301959264884,6602.486234999999,2.271871453587362,10541.578583999999,199.4748840350694,Llama 3.2,532.402453,0.0,overhead_free_oracle,llama32_1b,16,1.5177992434913674,INT8,iGPU,114.36186444242055,2075.6050571080427,1,gpu_npu_oracle,iGPU prefill + NPU decode · oracle,1.0,llama32_1b_int8,433.66997699999996,434.4063293,3939.092349
1887.4901841898977,8192,iGPU,14.755236113103393,408.53076700000065,36.71694083202306,4340.1550210000005,130.12347629461493,Llama 3.2,52.534369,0.0,measured,llama32_1b,16,3.686504265995894,INT8,iGPU,115.36824018151154,2079.54765557309,2,gpu_full,Whole iGPU,1.0,llama32_1b_int8,25.031965,27.1545193,3931.624254
554.6430059946806,8192,NPU,86.27556689923847,6625.726171,2.2639027953876485,14769.860814,222.90180490131218,Llama 3.2,569.7060819999999,0.0,measured,llama32_1b,16,1.0832871210833606,INT8,NPU,136.6262380020737,1003.912675612183,2,npu_full,Whole NPU,1.0,llama32_1b_int8,432.4662175,433.35562925000005,8144.134642999999
957.8300573317997,8192,iGPU,14.755236113103393,408.53076700000065,36.71694083202306,8552.66541,151.3814741151771,Llama 3.2,52.534369,0.0,overhead_free_oracle,llama32_1b,16,1.8707618307261713,INT8,NPU,136.6262380020737,1003.912675612183,2,npu_gpu_oracle,NPU prefill + iGPU decode · oracle,1.0,llama32_1b_int8,25.031965,27.1545193,8144.134642999999
775.9522673985693,8192,NPU,86.27556689923847,6625.726171,2.2639027953876485,10557.350425,201.64380708075,Llama 3.2,569.7060819999999,0.0,overhead_free_oracle,llama32_1b,16,1.5155317722628308,INT8,iGPU,115.36824018151154,2079.54765557309,2,gpu_npu_oracle,iGPU prefill + NPU decode · oracle,1.0,llama32_1b_int8,432.4662175,433.35562925000005,3931.624254
878.3006256610532,1024,iGPU,25.415860683056017,706.991945,21.216649080775596,1165.887818,41.9189668865672,Llama 3.2,66.61760799999999,0.0,measured,llama32_3b,16,13.723447275953957,INT8,iGPU,16.50310620351118,2196.5767384445403,0,gpu_full,Whole iGPU,3.0,llama32_3b_int8,44.822905,51.2683358,458.895873
22.25891260226811,1024,NPU,305.4000833915667,42569.204649,0.35236740088711915,46004.044236,344.8710458081819,Llama 3.2,3079.4010040000003,0.0,measured,llama32_3b,16,0.34779550941043924,INT8,NPU,39.47096241661522,293.4634862760478,0,npu_full,Whole NPU,3.0,llama32_3b_int8,2828.334214,2832.8761292,3434.839587
247.23361925479685,1024,iGPU,25.415860683056017,706.991945,21.216649080775596,4141.831532,64.88682309967123,Llama 3.2,66.61760799999999,0.0,overhead_free_oracle,llama32_3b,16,3.8630253008562008,INT8,NPU,39.47096241661522,293.4634862760478,0,npu_gpu_oracle,NPU prefill + iGPU decode · oracle,3.0,llama32_3b_int8,44.822905,51.2683358,3434.839587
23.798401220998244,1024,NPU,305.4000833915667,42569.204649,0.35236740088711915,43028.100522,321.90318959507783,Llama 3.2,3079.4010040000003,0.0,overhead_free_oracle,llama32_3b,16,0.37185001907809756,INT8,iGPU,16.50310620351118,2196.5767384445403,0,gpu_npu_oracle,iGPU prefill + NPU decode · oracle,3.0,llama32_3b_int8,2828.334214,2832.8761292,458.895873
862.310934390815,1024,iGPU,24.064499818875625,681.047863,22.024883734199456,1187.506686,41.03450894235209,Llama 3.2,52.372621,0.0,measured,llama32_3b,16,13.473608349856484,INT8,iGPU,16.970009123476466,1990.2901365783887,1,gpu_full,Whole iGPU,3.0,llama32_3b_int8,44.787385,45.6219144,506.458823
22.537694758884,1024,NPU,288.453551928868,42006.697952999995,0.35708591084171953,45434.99283999999,328.4179190470328,Llama 3.2,2837.053767,0.0,measured,llama32_3b,16,0.3521514806075625,INT8,NPU,39.96436711816477,294.0237153525819,1,npu_full,Whole NPU,3.0,llama32_3b_int8,2825.5590785,2833.54747725,3428.294887
249.18826739385514,1024,iGPU,24.064499818875625,681.047863,22.024883734199456,4109.34275,64.02886693704039,Llama 3.2,52.372621,0.0,overhead_free_oracle,llama32_3b,16,3.8935666780289866,INT8,NPU,39.96436711816477,294.0237153525819,1,npu_gpu_oracle,NPU prefill + iGPU decode · oracle,3.0,llama32_3b_int8,44.787385,45.6219144,3428.294887
24.086661110474864,1024,NPU,288.453551928868,42006.697952999995,0.35708591084171953,42513.156775999996,305.4235610523445,Llama 3.2,2837.053767,0.0,overhead_free_oracle,llama32_3b,16,0.37635407985116975,INT8,iGPU,16.970009123476466,1990.2901365783887,1,gpu_npu_oracle,iGPU prefill + NPU decode · oracle,3.0,llama32_3b_int8,2825.5590785,2833.54747725,506.458823
866.3457629460256,1024,iGPU,23.513456034136958,684.64345,21.909214204853633,1181.976116,40.30665020127479,Llama 3.2,53.068780000000004,0.0,measured,llama32_3b,16,13.53665254603165,INT8,iGPU,16.793194167137834,2026.8123710981013,2,gpu_full,Whole iGPU,3.0,llama32_3b_int8,44.791843,46.701485,497.33266599999996
22.31677227198859,1024,NPU,319.3815765170863,42450.546801000004,0.3533523389066604,45884.77166500001,360.0778095176796,Llama 3.2,2835.265562,0.0,measured,llama32_3b,16,0.3486995667498217,INT8,NPU,40.69623300059334,293.5160159623141,2,npu_full,Whole NPU,3.0,llama32_3b_int8,2829.6059745000002,2837.0889576,3434.224864
248.61197832410238,1024,iGPU,23.513456034136958,684.64345,21.909214204853633,4118.868313999999,64.2096890347303,Llama 3.2,53.068780000000004,0.0,overhead_free_oracle,llama32_3b,16,3.8845621613140997,INT8,NPU,40.69623300059334,293.5160159623141,2,npu_gpu_oracle,NPU prefill + iGPU decode · oracle,3.0,llama32_3b_int8,44.791843,46.701485,3434.224864
23.842853540343338,1024,NPU,319.3815765170863,42450.546801000004,0.3533523389066604,42947.879467000006,336.1747706842241,Llama 3.2,2835.265562,0.0,overhead_free_oracle,llama32_3b,16,0.37254458656786466,INT8,iGPU,16.793194167137834,2026.8123710981013,2,gpu_npu_oracle,iGPU prefill + NPU decode · oracle,3.0,llama32_3b_int8,2829.6059745000002,2837.0889576,497.33266599999996
1150.9875383439094,2048,iGPU,25.30235554155565,734.806685,20.413532302036693,1779.3415929999999,61.640498622164976,Llama 3.2,70.460438,0.0,measured,llama32_3b,16,8.992090143311792,INT8,iGPU,36.33814308060933,1945.3634191036535,0,gpu_full,Whole iGPU,3.0,llama32_3b_int8,46.5672985,51.13770174999999,1044.5349079999999
41.273694590720496,2048,NPU,321.7252838247088,42666.89017,0.3515606583989292,49619.98242,404.1854157061856,Llama 3.2,3083.222817,0.0,measured,llama32_3b,16,0.32245073899000387,INT8,NPU,82.46013188147681,292.24407313163437,0,npu_full,Whole NPU,3.0,llama32_3b_int8,2831.784712,2835.2483260000004,6953.09225
266.3926798876422,2048,iGPU,25.30235554155565,734.806685,20.413532302036693,7687.898934999999,107.76248742303247,Llama 3.2,70.460438,0.0,overhead_free_oracle,llama32_3b,16,2.0811928116222047,INT8,NPU,82.46013188147681,292.24407313163437,0,npu_gpu_oracle,NPU prefill + iGPU decode · oracle,3.0,llama32_3b_int8,46.5672985,51.13770174999999,6953.09225
46.852739217389654,2048,NPU,321.7252838247088,42666.89017,0.3515606583989292,43711.425078,358.0634269053181,Llama 3.2,3083.222817,0.0,overhead_free_oracle,llama32_3b,16,0.3660370251358567,INT8,iGPU,36.33814308060933,1945.3634191036535,0,gpu_npu_oracle,iGPU prefill + NPU decode · oracle,3.0,llama32_3b_int8,2831.784712,2835.2483260000004,1044.5349079999999
1135.646105054397,2048,iGPU,24.591693798946324,716.9914679999999,20.920751040234133,1803.3787029999999,62.44297543195971,Llama 3.2,62.059429,0.0,measured,llama32_3b,16,8.872235195737476,INT8,iGPU,37.851281633013386,1870.4196206797296,1,gpu_full,Whole iGPU,3.0,llama32_3b_int8,46.536223,47.932761899999996,1086.387235
41.462033377127085,2048,NPU,316.9760799872869,42468.12174500001,0.35320610810309805,49394.58664200001,397.6464616747197,Llama 3.2,2911.1904329999998,0.0,measured,llama32_3b,16,0.32392213575880535,INT8,NPU,80.67038168743287,293.3675446590515,1,npu_full,Whole NPU,3.0,llama32_3b_int8,2830.3012484999995,2834.8560459999994,6926.464897
267.94160942397167,2048,iGPU,24.591693798946324,716.9914679999999,20.920751040234133,7643.456365,105.26207548637919,Llama 3.2,62.059429,0.0,overhead_free_oracle,llama32_3b,16,2.0932938236247787,INT8,NPU,80.67038168743287,293.3675446590515,1,npu_gpu_oracle,NPU prefill + iGPU decode · oracle,3.0,llama32_3b_int8,46.536223,47.932761899999996,6926.464897
47.02153802125125,2048,NPU,316.9760799872869,42468.12174500001,0.35320610810309805,43554.50898000001,354.8273616203003,Llama 3.2,2911.1904329999998,0.0,overhead_free_oracle,llama32_3b,16,0.3673557657910254,INT8,iGPU,37.851281633013386,1870.4196206797296,1,gpu_npu_oracle,iGPU prefill + NPU decode · oracle,3.0,llama32_3b_int8,2830.3012484999995,2834.8560459999994,1086.387235
1137.9664197355844,2048,iGPU,24.26077004486693,713.229055,21.031111807412277,1799.701612,62.07486891919182,Llama 3.2,57.451591,0.0,measured,llama32_3b,16,8.890362654184253,INT8,iGPU,37.81409887432489,1870.2727343715135,2,gpu_full,Whole iGPU,3.0,llama32_3b_int8,46.6407465,47.72214555,1086.472557
41.848985741517254,2048,NPU,285.5969669137373,41970.548072,0.35739347444945607,48937.864650999996,371.1600309534886,Llama 3.2,2907.000545,0.0,measured,llama32_3b,16,0.32694520110560354,INT8,NPU,85.56306403975134,291.6474336941422,2,npu_full,Whole NPU,3.0,llama32_3b_int8,2802.5064660000003,2824.5518817999996,6967.316579
266.64772238758366,2048,iGPU,24.26077004486693,713.229055,21.031111807412277,7680.545634,109.82383408461827,Llama 3.2,57.451591,0.0,overhead_free_oracle,llama32_3b,16,2.0831853311529973,INT8,NPU,85.56306403975134,291.6474336941422,2,npu_gpu_oracle,NPU prefill + iGPU decode · oracle,3.0,llama32_3b_int8,46.6407465,47.72214555,6967.316579
47.56483309996187,2048,NPU,285.5969669137373,41970.548072,0.35739347444945607,43057.020629,323.41106578806216,Llama 3.2,2907.000545,0.0,overhead_free_oracle,llama32_3b,16,0.3716002585934521,INT8,iGPU,37.81409887432489,1870.2727343715135,2,gpu_npu_oracle,iGPU prefill + NPU decode · oracle,3.0,llama32_3b_int8,2802.5064660000003,2824.5518817999996,1086.472557
1199.3255105765284,4096,iGPU,27.011291633905472,788.8162160000006,19.015836256591356,3415.2529600000003,117.214084845788,Llama 3.2,77.211651,0.0,measured,llama32_3b,16,4.684865275689564,INT8,iGPU,90.20279321188252,1553.4354708220608,0,gpu_full,Whole iGPU,3.0,llama32_3b_int8,50.666067500000004,51.672495399999995,2626.4367439999996
70.93708718600165,4096,NPU,322.99650632465733,43081.07381,0.3481807363055605,57741.305183000004,502.74846344553436,Llama 3.2,3157.52455,0.0,measured,llama32_3b,16,0.27709799682031894,INT8,NPU,179.75195712087702,278.30392960333535,0,npu_full,Whole NPU,3.0,llama32_3b_int8,2857.3367815,2862.3974482999997,14660.231373
265.12961245044164,4096,iGPU,27.011291633905472,788.8162160000006,19.015836256591356,15449.047589000002,206.7632487547825,Llama 3.2,77.211651,0.0,overhead_free_oracle,llama32_3b,16,1.0356625486345377,INT8,NPU,179.75195712087702,278.30392960333535,0,npu_gpu_oracle,NPU prefill + iGPU decode · oracle,3.0,llama32_3b_int8,50.666067500000004,51.672495399999995,14660.231373
89.61328128253413,4096,NPU,322.99650632465733,43081.07381,0.3481807363055605,45707.510554,413.19929953653985,Llama 3.2,3157.52455,0.0,overhead_free_oracle,llama32_3b,16,0.35005188000989895,INT8,iGPU,90.20279321188252,1553.4354708220608,0,gpu_npu_oracle,iGPU prefill + NPU decode · oracle,3.0,llama32_3b_int8,2857.3367815,2862.3974482999997,2626.4367439999996
1170.9301119196555,4096,iGPU,26.033634211625582,777.4218330000003,19.294544304366095,3498.0738460000002,120.78508402481626,Llama 3.2,67.901695,0.0,measured,llama32_3b,16,4.573945749686154,INT8,iGPU,94.75144981319067,1499.6405201784987,1,gpu_full,Whole iGPU,3.0,llama32_3b_int8,49.8744535,54.33613819999999,2720.652013
71.06118850422085,4096,NPU,330.6216491280052,42962.923533,0.3491382514618317,57640.46572,516.067814787387,Llama 3.2,2993.300873,0.0,measured,llama32_3b,16,0.2775827675946127,INT8,NPU,185.4461656593818,277.97569565929666,1,npu_full,Whole NPU,3.0,llama32_3b_int8,2855.4519525,2862.56344025,14677.542187000001
265.02811618968747,4096,iGPU,26.033634211625582,777.4218330000003,19.294544304366095,15454.964020000001,211.47979987100737,Llama 3.2,67.901695,0.0,overhead_free_oracle,llama32_3b,16,1.0352660788659667,INT8,NPU,185.4461656593818,277.97569565929666,1,npu_gpu_oracle,NPU prefill + iGPU decode · oracle,3.0,llama32_3b_int8,49.8744535,54.33613819999999,14677.542187000001
89.66023239305403,4096,NPU,330.6216491280052,42962.923533,0.3491382514618317,45683.575546,425.37309894119585,Llama 3.2,2993.300873,0.0,overhead_free_oracle,llama32_3b,16,0.3502352827853673,INT8,iGPU,94.75144981319067,1499.6405201784987,1,gpu_npu_oracle,iGPU prefill + NPU decode · oracle,3.0,llama32_3b_int8,2855.4519525,2862.56344025,2720.652013
1172.304226556511,4096,iGPU,27.01887007420781,771.080715,19.453216386043323,3493.973584,121.82276582847284,Llama 3.2,67.28160299999999,0.0,measured,llama32_3b,16,4.579313384986371,INT8,iGPU,94.80389575426503,1498.406362751395,2,gpu_full,Whole iGPU,3.0,llama32_3b_int8,49.9552465,51.7227957,2722.892869
71.3287949553284,4096,NPU,315.8914185936133,42807.511623,0.3504057916774743,57424.214198,490.40172837581736,Llama 3.2,3007.338554,0.0,measured,llama32_3b,16,0.2786281052942516,INT8,NPU,174.51030978220405,279.1327236129384,2,npu_full,Whole NPU,3.0,llama32_3b_int8,2851.9015024999994,2859.9354397,14616.702575
266.1851887829647,4096,iGPU,27.01887007420781,771.080715,19.453216386043323,15387.78329,201.52917985641187,Llama 3.2,67.28160299999999,0.0,overhead_free_oracle,llama32_3b,16,1.0397858936834559,INT8,NPU,174.51030978220405,279.1327236129384,2,npu_gpu_oracle,NPU prefill + iGPU decode · oracle,3.0,llama32_3b_int8,49.9552465,51.7227957,14616.702575
89.96186275304659,4096,NPU,315.8914185936133,42807.511623,0.3504057916774743,45530.404492,410.69531434787837,Llama 3.2,3007.338554,0.0,overhead_free_oracle,llama32_3b,16,0.35141352637908824,INT8,iGPU,94.80389575426503,1498.406362751395,2,gpu_npu_oracle,iGPU prefill + NPU decode · oracle,3.0,llama32_3b_int8,2851.9015024999994,2859.9354397,2722.892869
1023.3285479619814,8192,iGPU,29.230398341602722,897.369439,16.715523560414006,8005.249161,268.15763327568305,Llama 3.2,93.239509,0.0,measured,llama32_3b,16,1.9986885702382449,INT8,iGPU,238.92723493408033,1150.2727001265935,0,gpu_full,Whole iGPU,3.0,llama32_3b_int8,56.947846999999996,59.96024355,7107.879722
109.7479911131106,8192,NPU,328.6804490195017,43207.683871,0.34716047369684755,74643.735315,702.089033212181,Llama 3.2,3264.937101,0.0,measured,llama32_3b,16,0.21435154514279414,INT8,NPU,373.4085841926793,260.0835545317986,0,npu_full,Whole NPU,3.0,llama32_3b_int8,2855.7154379999997,2861.9686597000004,31436.051444
253.36013871353532,8192,iGPU,29.230398341602722,897.369439,16.715523560414006,32333.420883,402.63898253428204,Llama 3.2,93.239509,0.0,overhead_free_oracle,llama32_3b,16,0.4948440209248737,INT8,NPU,373.4085841926793,260.0835545317986,0,npu_gpu_oracle,NPU prefill + iGPU decode · oracle,3.0,llama32_3b_int8,56.947846999999996,59.96024355,31436.051444
162.81244638864956,8192,NPU,328.6804490195017,43207.683871,0.34716047369684755,50315.563593,567.607683953582,Llama 3.2,3264.937101,0.0,overhead_free_oracle,llama32_3b,16,0.3179930593528312,INT8,iGPU,238.92723493408033,1150.2727001265935,0,gpu_npu_oracle,iGPU prefill + NPU decode · oracle,3.0,llama32_3b_int8,2855.7154379999997,2861.9686597000004,7107.879722
999.1199637446002,8192,iGPU,30.446487237825238,884.5761059999995,16.95727467456599,8199.215607,277.01937880869855,Llama 3.2,80.78071100000001,0.0,measured,llama32_3b,16,1.9514061791886723,INT8,iGPU,246.5728915708733,1117.7584348322623,1,gpu_full,Whole iGPU,3.0,llama32_3b_int8,56.984279,59.34449775,7314.639501000001
109.95655443975312,8192,NPU,317.8268284199735,42956.07344500001,0.3491939275875777,74502.152616,719.5135830053599,Llama 3.2,3123.8754270000004,0.0,measured,llama32_3b,16,0.2147588953901428,INT8,NPU,401.68675458538644,259.1764242928838,1,npu_full,Whole NPU,3.0,llama32_3b_int8,2848.5759369999996,2858.8260909,31546.079170999998
252.60050806959217,8192,iGPU,30.446487237825238,884.5761059999995,16.95727467456599,32430.655276999998,432.1332418232117,Llama 3.2,80.78071100000001,0.0,overhead_free_oracle,llama32_3b,16,0.4933603673234222,INT8,NPU,401.68675458538644,259.1764242928838,1,npu_gpu_oracle,NPU prefill + iGPU decode · oracle,3.0,llama32_3b_int8,56.984279,59.34449775,31546.079170999998
162.95770479324042,8192,NPU,317.8268284199735,42956.07344500001,0.3491939275875777,50270.71294600001,564.3997199908467,Llama 3.2,3123.8754270000004,0.0,overhead_free_oracle,llama32_3b,16,0.3182767671742977,INT8,iGPU,246.5728915708733,1117.7584348322623,1,gpu_npu_oracle,iGPU prefill + NPU decode · oracle,3.0,llama32_3b_int8,2848.5759369999996,2858.8260909,7314.639501000001
998.8883865956254,8192,iGPU,31.00528598413206,885.8275440000007,16.93331856928576,8201.116471000001,277.79714154544126,Llama 3.2,82.083003,0.0,measured,llama32_3b,16,1.950953880069581,INT8,iGPU,246.7918555613092,1117.65920411198,2,gpu_full,Whole iGPU,3.0,llama32_3b_int8,56.916600499999994,60.241982549999996,7315.2889270000005
110.46079699202387,8192,NPU,309.0086795995553,42751.685257,0.3508633615219638,74162.057699,697.907662966561,Llama 3.2,3092.512374,0.0,measured,llama32_3b,16,0.21574374412504663,INT8,NPU,388.8989833670057,260.2961813043503,2,npu_full,Whole NPU,3.0,llama32_3b_int8,2834.381457,2855.9806651000004,31410.372442
253.65213255897382,8192,iGPU,31.00528598413206,885.8275440000007,16.93331856928576,32296.199986,419.90426935113777,Llama 3.2,82.083003,0.0,overhead_free_oracle,llama32_3b,16,0.49541432140424574,INT8,NPU,388.8989833670057,260.2961813043503,2,npu_gpu_oracle,NPU prefill + iGPU decode · oracle,3.0,llama32_3b_int8,56.916600499999994,60.241982549999996,31410.372442
163.62083256507108,8192,NPU,309.0086795995553,42751.685257,0.3508633615219638,50066.974184,555.8005351608645,Llama 3.2,3092.512374,0.0,overhead_free_oracle,llama32_3b,16,0.31957193860365446,INT8,iGPU,246.7918555613092,1117.65920411198,2,gpu_npu_oracle,iGPU prefill + NPU decode · oracle,3.0,llama32_3b_int8,2834.381457,2855.9806651000004,7315.2889270000005
2369.104330887212,1024,iGPU,9.654293688239045,250.929705,59.777697502971996,432.230859,14.313075671403713,Qwen2.5,37.317903,0.0,measured,qwen25_0_5b,16,37.01725517011269,FP16,iGPU,4.658781983164668,5559.81017087183,0,gpu_full,Whole iGPU,0.5,qwen25_0_5b_fp16,15.214021,15.5608924,181.301154
1931.4554380599402,1024,NPU,9.064027210407774,326.42862800000006,45.951851992589326,530.1701400000001,11.39968529290373,Qwen2.5,90.371291,0.0,measured,qwen25_0_5b,16,30.178991219686566,FP16,NPU,2.3356580824959563,4947.445368914313,0,npu_full,Whole NPU,0.5,qwen25_0_5b_fp16,16.4679565,18.03229775,203.741512
2252.1768735582837,1024,iGPU,9.654293688239045,250.929705,59.777697502971996,454.671217,11.989951770735,Qwen2.5,37.317903,0.0,overhead_free_oracle,qwen25_0_5b,16,35.19026364934818,FP16,NPU,2.3356580824959563,4947.445368914313,0,npu_gpu_oracle,NPU prefill + iGPU decode · oracle,0.5,qwen25_0_5b_fp16,15.214021,15.5608924,203.741512
2016.8208293127068,1024,NPU,9.064027210407774,326.42862800000006,45.951851992589326,507.72978200000006,13.722809193572441,Qwen2.5,90.371291,0.0,overhead_free_oracle,qwen25_0_5b,16,31.512825458011044,FP16,iGPU,4.658781983164668,5559.81017087183,0,gpu_npu_oracle,iGPU prefill + NPU decode · oracle,0.5,qwen25_0_5b_fp16,16.4679565,18.03229775,181.301154
2273.966598655079,1024,iGPU,8.831686693621933,242.05350200000004,61.96977063360149,450.31444200000004,14.367050427195586,Qwen2.5,24.224101,0.0,measured,qwen25_0_5b,16,35.53072810398561,FP16,iGPU,5.535363733573653,4840.081870368971,1,gpu_full,Whole iGPU,0.5,qwen25_0_5b_fp16,15.2328625,16.608904,208.26094
2238.162637036616,1024,NPU,7.310423015123858,256.22848,58.541501709724066,457.518137,10.16254561750419,Qwen2.5,20.350076,0.0,measured,qwen25_0_5b,16,34.97129120369713,FP16,NPU,2.8521226023803328,5007.708866034781,1,npu_full,Whole NPU,0.5,qwen25_0_5b_fp16,16.643112000000002,17.64209375,201.289657
2309.7232453292463,1024,iGPU,8.831686693621933,242.05350200000004,61.96977063360149,443.343159,11.683809296002266,Qwen2.5,24.224101,0.0,overhead_free_oracle,qwen25_0_5b,16,36.089425708269474,FP16,NPU,2.8521226023803328,5007.708866034781,1,npu_gpu_oracle,NPU prefill + iGPU decode · oracle,0.5,qwen25_0_5b_fp16,15.2328625,16.608904,201.289657
2204.5712042267833,1024,NPU,7.310423015123858,256.22848,58.541501709724066,464.48942,12.84578674869751,Qwen2.5,20.350076,0.0,overhead_free_oracle,qwen25_0_5b,16,34.44642506604349,FP16,iGPU,5.535363733573653,4840.081870368971,1,gpu_npu_oracle,iGPU prefill + NPU decode · oracle,0.5,qwen25_0_5b_fp16,16.643112000000002,17.64209375,208.26094
2260.9293922967113,1024,iGPU,8.876303930828678,245.21217299999998,61.171514515309156,452.911092,14.428662628936411,Qwen2.5,23.03937,0.0,measured,qwen25_0_5b,16,35.327021754636114,FP16,iGPU,5.552358698107733,4853.1788458658275,2,gpu_full,Whole iGPU,0.5,qwen25_0_5b_fp16,15.358897,17.65771065,207.69891900000002
2220.4528711209146,1024,NPU,7.381910501490423,257.468484,58.259557701827305,461.167185,10.010024502913383,Qwen2.5,21.64219,0.0,measured,qwen25_0_5b,16,34.69457611126429,FP16,NPU,2.6281140014229605,4948.485164861213,2,npu_full,Whole NPU,0.5,qwen25_0_5b_fp16,16.6017975,17.67764695,203.698701
2281.0763991428735,1024,iGPU,8.876303930828678,245.21217299999998,61.171514515309156,448.910874,11.504417932251638,Qwen2.5,23.03937,0.0,overhead_free_oracle,qwen25_0_5b,16,35.6418187366074,FP16,NPU,2.6281140014229605,4948.485164861213,2,npu_gpu_oracle,NPU prefill + iGPU decode · oracle,0.5,qwen25_0_5b_fp16,15.358897,17.65771065,203.698701
2201.3580345396645,1024,NPU,7.381910501490423,257.468484,58.259557701827305,465.16740300000004,12.934269199598155,Qwen2.5,21.64219,0.0,overhead_free_oracle,qwen25_0_5b,16,34.39621928968226,FP16,iGPU,5.552358698107733,4853.1788458658275,2,gpu_npu_oracle,iGPU prefill + NPU decode · oracle,0.5,qwen25_0_5b_fp16,16.6017975,17.67764695,207.69891900000002
2964.23971744647,2048,iGPU,9.982206487615553,301.239062,49.79433908873345,690.902287,20.224601601738687,Qwen2.5,46.763065,0.0,measured,qwen25_0_5b,16,23.158122792550547,FP16,iGPU,10.242395114123134,5214.759488786759,0,gpu_full,Whole iGPU,0.5,qwen25_0_5b_fp16,16.438308,26.155030949999997,389.663225
2807.349539107639,2048,NPU,9.932892538886803,350.5260169999999,42.792829269503265,729.5137179999999,16.8166451161279,Qwen2.5,103.356565,0.0,measured,qwen25_0_5b,16,21.93241827427843,FP16,NPU,6.883752577241097,5361.651564518712,0,npu_full,Whole NPU,0.5,qwen25_0_5b_fp16,16.9491155,20.958004949999996,378.987701
3010.7606924604347,2048,iGPU,9.982206487615553,301.239062,49.79433908873345,680.226763,16.86595906485665,Qwen2.5,46.763065,0.0,overhead_free_oracle,qwen25_0_5b,16,23.521567909847146,FP16,NPU,6.883752577241097,5361.651564518712,0,npu_gpu_oracle,NPU prefill + iGPU decode · oracle,0.5,qwen25_0_5b_fp16,16.438308,26.155030949999997,378.987701
2766.8599917316824,2048,NPU,9.932892538886803,350.5260169999999,42.792829269503265,740.1892419999999,20.17528765300994,Qwen2.5,103.356565,0.0,overhead_free_oracle,qwen25_0_5b,16,21.61609368540377,FP16,iGPU,10.242395114123134,5214.759488786759,0,gpu_npu_oracle,iGPU prefill + NPU decode · oracle,0.5,qwen25_0_5b_fp16,16.9491155,20.958004949999996,389.663225
2901.3389312250233,2048,iGPU,9.096677781319256,264.3017819999999,56.753306339796076,705.8809909999999,21.176776688412616,Qwen2.5,29.068478,0.0,measured,qwen25_0_5b,16,22.666710400195495,FP16,iGPU,12.080098907093362,4601.665926712596,1,gpu_full,Whole iGPU,0.5,qwen25_0_5b_fp16,16.547641000000002,18.1297297,441.579209
3113.2793270680786,2048,NPU,8.173476214639802,273.919321,54.76064976081041,657.827257,14.641903385774786,Qwen2.5,31.766454,0.0,measured,qwen25_0_5b,16,24.322494742719364,FP16,NPU,6.468427171134984,5292.935647988272,1,npu_full,Whole NPU,0.5,qwen25_0_5b_fp16,17.316771000000003,17.806366,383.907936
3159.471299379687,2048,iGPU,9.096677781319256,264.3017819999999,56.753306339796076,648.2097179999998,15.56510495245424,Qwen2.5,29.068478,0.0,overhead_free_oracle,qwen25_0_5b,16,24.683369526403805,FP16,NPU,6.468427171134984,5292.935647988272,1,npu_gpu_oracle,NPU prefill + iGPU decode · oracle,0.5,qwen25_0_5b_fp16,16.547641000000002,18.1297297,383.907936
2862.339912843706,2048,NPU,8.173476214639802,273.919321,54.76064976081041,715.4985300000001,20.253575121733164,Qwen2.5,31.766454,0.0,overhead_free_oracle,qwen25_0_5b,16,22.362030569091452,FP16,iGPU,12.080098907093362,4601.665926712596,1,gpu_npu_oracle,iGPU prefill + NPU decode · oracle,0.5,qwen25_0_5b_fp16,17.316771000000003,17.806366,441.579209
2851.833989930976,2048,iGPU,9.592399270316214,275.13134400000007,54.51941527970728,718.1343680000001,21.580767323350216,Qwen2.5,37.542289,0.0,measured,qwen25_0_5b,16,22.27995304633575,FP16,iGPU,11.988368053034002,4586.876138344373,2,gpu_full,Whole iGPU,0.5,qwen25_0_5b_fp16,16.6904175,18.34303435,443.00302400000004
3167.8691398301476,2048,NPU,7.903885319158234,272.014205,55.144178959330446,646.491351,14.471351738748112,Qwen2.5,30.789481000000002,0.0,measured,qwen25_0_5b,16,24.748977654923028,FP16,NPU,6.567466419589879,5426.232339422924,2,npu_full,Whole NPU,0.5,qwen25_0_5b_fp16,16.9854185,17.955736849999997,374.477146
3152.6681555532004,2048,iGPU,9.592399270316214,275.13134400000007,54.51941527970728,649.6084900000001,16.15986568990609,Qwen2.5,37.542289,0.0,overhead_free_oracle,qwen25_0_5b,16,24.63021996525938,FP16,NPU,6.567466419589879,5426.232339422924,2,npu_gpu_oracle,NPU prefill + iGPU decode · oracle,0.5,qwen25_0_5b_fp16,16.6904175,18.34303435,374.477146
2864.2666455244253,2048,NPU,7.903885319158234,272.014205,55.144178959330446,715.017229,19.892253372192236,Qwen2.5,30.789481000000002,0.0,overhead_free_oracle,qwen25_0_5b,16,22.377083168159572,FP16,iGPU,11.988368053034002,4586.876138344373,2,gpu_npu_oracle,iGPU prefill + NPU decode · oracle,0.5,qwen25_0_5b_fp16,16.9854185,17.955736849999997,443.00302400000004
3034.9201648542553,4096,iGPU,11.079995186858174,341.95809099999985,43.86502438393833,1349.6236399999998,37.85466507988191,Qwen2.5,51.243226,0.0,measured,qwen25_0_5b,16,11.855156893961935,FP16,iGPU,26.774669893023734,4048.9624797126016,0,gpu_full,Whole iGPU,0.5,qwen25_0_5b_fp16,20.0438755,23.857719749999998,1007.6655489999999
3139.9254451073525,4096,NPU,11.011815232036707,414.85898499999996,36.15686424147231,1304.489572,30.0712956916333,Qwen2.5,121.77828000000001,0.0,measured,qwen25_0_5b,16,12.265333769950596,FP16,NPU,19.059480459596593,4586.173249459104,0,npu_full,Whole NPU,0.5,qwen25_0_5b_fp16,19.408633000000002,27.549739649999996,889.630587
3325.7856889782165,4096,iGPU,11.079995186858174,341.95809099999985,43.86502438393833,1231.5886779999998,30.139475646454766,Qwen2.5,51.243226,0.0,overhead_free_oracle,qwen25_0_5b,16,12.991350347571158,FP16,NPU,19.059480459596593,4586.173249459104,0,npu_gpu_oracle,NPU prefill + iGPU decode · oracle,0.5,qwen25_0_5b_fp16,20.0438755,23.857719749999998,889.630587
2879.387948749431,4096,NPU,11.011815232036707,414.85898499999996,36.15686424147231,1422.524534,37.78648512506044,Qwen2.5,121.77828000000001,0.0,overhead_free_oracle,qwen25_0_5b,16,11.247609174802465,FP16,iGPU,26.774669893023734,4048.9624797126016,0,gpu_npu_oracle,iGPU prefill + NPU decode · oracle,0.5,qwen25_0_5b_fp16,19.408633000000002,27.549739649999996,1007.6655489999999
2817.7492814720413,4096,iGPU,10.267912031348612,325.0365820000002,46.14865166161512,1453.6424610000001,40.60978290946809,Qwen2.5,40.764533,0.0,measured,qwen25_0_5b,16,11.006833130750161,FP16,iGPU,30.341870878119476,3615.079520598528,1,gpu_full,Whole iGPU,0.5,qwen25_0_5b_fp16,19.5080695,23.44630155,1128.605879
3365.9014788458758,4096,NPU,9.820086582831687,327.56153100000006,45.792923101217276,1216.910247,27.786917847685658,Qwen2.5,51.535531000000006,0.0,measured,qwen25_0_5b,16,13.148052651741702,FP16,NPU,17.966831264853973,4587.626795426779,1,npu_full,Whole NPU,0.5,qwen25_0_5b_fp16,19.6297255,20.2453457,889.348716
3372.8998586740136,4096,iGPU,10.267912031348612,325.0365820000002,46.14865166161512,1214.3852980000001,28.234743296202584,Qwen2.5,40.764533,0.0,overhead_free_oracle,qwen25_0_5b,16,13.175390072945365,FP16,NPU,17.966831264853973,4587.626795426779,1,npu_gpu_oracle,NPU prefill + iGPU decode · oracle,0.5,qwen25_0_5b_fp16,19.5080695,23.44630155,889.348716
2812.8633918541,4096,NPU,9.820086582831687,327.56153100000006,45.792923101217276,1456.16741,40.161957460951164,Qwen2.5,51.535531000000006,0.0,overhead_free_oracle,qwen25_0_5b,16,10.987747624430078,FP16,iGPU,30.341870878119476,3615.079520598528,1,gpu_npu_oracle,iGPU prefill + NPU decode · oracle,0.5,qwen25_0_5b_fp16,19.6297255,20.2453457,1128.605879
2845.602066983094,4096,iGPU,10.77982371240567,337.24682899999993,44.477808863252505,1439.414192,40.289082094538706,Qwen2.5,46.685089999999995,0.0,measured,qwen25_0_5b,16,11.115633074152711,FP16,iGPU,29.509258382133034,3701.797147118028,2,gpu_full,Whole iGPU,0.5,qwen25_0_5b_fp16,19.858069999999998,23.73208415,1102.167363
3339.1583711978074,4096,NPU,9.458380108340009,328.889045,45.60808645967518,1226.656404,27.437611488809317,Qwen2.5,54.623934,0.0,measured,qwen25_0_5b,16,13.043587387491435,FP16,NPU,17.979231380469308,4544.607195949524,2,npu_full,Whole NPU,0.5,qwen25_0_5b_fp16,19.554413999999998,20.106267550000002,897.767359
3316.561088770261,4096,iGPU,10.77982371240567,337.24682899999993,44.477808863252505,1235.014188,28.75905509287498,Qwen2.5,46.685089999999995,0.0,overhead_free_oracle,qwen25_0_5b,16,12.955316753008832,FP16,NPU,17.979231380469308,4544.607195949524,2,npu_gpu_oracle,NPU prefill + iGPU decode · oracle,0.5,qwen25_0_5b_fp16,19.858069999999998,23.73208415,897.767359
2862.2212074256686,4096,NPU,9.458380108340009,328.889045,45.60808645967518,1431.056408,38.96763849047304,Qwen2.5,54.623934,0.0,overhead_free_oracle,qwen25_0_5b,16,11.180551591506518,FP16,iGPU,29.509258382133034,3701.797147118028,2,gpu_npu_oracle,iGPU prefill + NPU decode · oracle,0.5,qwen25_0_5b_fp16,19.554413999999998,20.106267550000002,1102.167363
2689.3559239239694,8192,iGPU,11.397912698882905,399.3202180000003,37.56383805239734,3046.082494,85.00188226815493,Qwen2.5,69.778687,0.0,measured,qwen25_0_5b,16,5.252648288914003,FP16,iGPU,73.60396956927202,3089.0571753033405,0,gpu_full,Whole iGPU,0.5,qwen25_0_5b_fp16,22.787651,26.263037849999996,2646.762276
2360.692145969335,8192,NPU,11.612118803778685,491.1756399999995,30.53897379764192,3470.1687019999995,68.9559743565998,Qwen2.5,146.39438299999998,0.0,measured,qwen25_0_5b,16,4.610726847596357,FP16,NPU,57.34385555282111,2744.551541355688,0,npu_full,Whole NPU,0.5,qwen25_0_5b_fp16,23.2367585,30.86077999999999,2978.993062
2424.8787252791426,8192,iGPU,11.397912698882905,399.3202180000003,37.56383805239734,3378.3132800000003,68.74176825170402,Qwen2.5,69.778687,0.0,overhead_free_oracle,qwen25_0_5b,16,4.736091260310825,FP16,NPU,57.34385555282111,2744.551541355688,0,npu_gpu_oracle,NPU prefill + iGPU decode · oracle,0.5,qwen25_0_5b_fp16,22.787651,26.263037849999996,2978.993062
2610.631637493494,8192,NPU,11.612118803778685,491.1756399999995,30.53897379764192,3137.9379159999994,85.21608837305071,Qwen2.5,146.39438299999998,0.0,overhead_free_oracle,qwen25_0_5b,16,5.098889916979481,FP16,iGPU,73.60396956927202,3089.0571753033405,0,gpu_npu_oracle,iGPU prefill + NPU decode · oracle,0.5,qwen25_0_5b_fp16,23.2367585,30.86077999999999,2646.762276
2516.4757796349845,8192,iGPU,10.60748833129782,383.63755299999957,39.09940484893042,3255.3462529999997,89.21420497592791,Qwen2.5,54.975293,0.0,measured,qwen25_0_5b,16,4.914991757099579,FP16,iGPU,78.6067166446301,2847.0854303571946,1,gpu_full,Whole iGPU,0.5,qwen25_0_5b_fp16,22.7875505,26.0898805,2871.7087
2417.3315714401288,8192,NPU,10.209296028835045,397.16215200000033,37.76794924809452,3388.860716,64.2541216746021,Qwen2.5,76.118545,0.0,measured,qwen25_0_5b,16,4.7213507254690015,FP16,NPU,54.04482564576706,2732.8956527854257,1,npu_full,Whole NPU,0.5,qwen25_0_5b_fp16,22.600306500000002,24.377819849999995,2991.698564
2427.0175520419148,8192,iGPU,10.60748833129782,383.63755299999957,39.09940484893042,3375.3361169999994,64.65231397706488,Qwen2.5,54.975293,0.0,overhead_free_oracle,qwen25_0_5b,16,4.740268656331865,FP16,NPU,54.04482564576706,2732.8956527854257,1,npu_gpu_oracle,NPU prefill + iGPU decode · oracle,0.5,qwen25_0_5b_fp16,22.7875505,26.0898805,2991.698564
2506.064133732255,8192,NPU,10.209296028835045,397.16215200000033,37.76794924809452,3268.8708520000005,88.81601267346514,Qwen2.5,76.118545,0.0,overhead_free_oracle,qwen25_0_5b,16,4.8946565111958105,FP16,iGPU,78.6067166446301,2847.0854303571946,1,gpu_npu_oracle,iGPU prefill + NPU decode · oracle,0.5,qwen25_0_5b_fp16,22.600306500000002,24.377819849999995,2871.7087
2530.28332314397,8192,iGPU,11.750422768592834,380.75962400000026,39.39493332412788,3237.5821020000003,91.88290004110453,Qwen2.5,54.518764,0.0,measured,qwen25_0_5b,16,4.941959615515566,FP16,iGPU,80.13247727251171,2861.920914919376,2,gpu_full,Whole iGPU,0.5,qwen25_0_5b_fp16,22.858809,25.109816749999997,2856.822478
2423.27989763919,8192,NPU,10.206019486903692,407.4311740000003,36.81603411132208,3380.542218,61.90938239094715,Qwen2.5,87.489434,0.0,measured,qwen25_0_5b,16,4.732968550076543,FP16,NPU,51.70336290404346,2749.981376074025,2,npu_full,Whole NPU,0.5,qwen25_0_5b_fp16,22.611179500000002,23.9025259,2973.1110439999998
2442.5509540846733,8192,iGPU,11.750422768592834,380.75962400000026,39.39493332412788,3353.870668,63.45378567263629,Qwen2.5,54.518764,0.0,overhead_free_oracle,qwen25_0_5b,16,4.770607332196628,FP16,NPU,51.70336290404346,2749.981376074025,2,npu_gpu_oracle,NPU prefill + iGPU decode · oracle,0.5,qwen25_0_5b_fp16,22.858809,25.109816749999997,2973.1110439999998
2509.6088948175893,8192,NPU,10.206019486903692,407.4311740000003,36.81603411132208,3264.2536520000003,90.33849675941539,Qwen2.5,87.489434,0.0,overhead_free_oracle,qwen25_0_5b,16,4.901579872690604,FP16,iGPU,80.13247727251171,2861.920914919376,2,gpu_npu_oracle,iGPU prefill + NPU decode · oracle,0.5,qwen25_0_5b_fp16,22.611179500000002,23.9025259,2856.822478
1015.0033191401506,1024,iGPU,23.34205704290465,675.0187910000001,22.221603605698732,1008.8636960000001,34.01359510119007,Qwen2.5,59.704240999999996,0.0,measured,qwen25_1_5b,16,15.859426861564852,FP16,iGPU,10.671538058285421,3019.3661335044185,0,gpu_full,Whole iGPU,1.5,qwen25_1_5b_fp16,43.582314,45.64459405,333.84490500000004
807.407079374919,1024,NPU,16.74128986331435,797.342281,18.812497916437472,1268.257396,25.796649805504725,Qwen2.5,125.936478,0.0,measured,qwen25_1_5b,16,12.61573561523311,FP16,NPU,9.055359942190375,2140.5131580879497,0,npu_full,Whole NPU,1.5,qwen25_1_5b_fp16,47.742450999999996,49.104597749999996,470.915115
893.5942942594106,1024,iGPU,23.34205704290465,675.0187910000001,22.221603605698732,1145.9339060000002,32.39741698509502,Qwen2.5,59.704240999999996,0.0,overhead_free_oracle,qwen25_1_5b,16,13.962410847803291,FP16,NPU,9.055359942190375,2140.5131580879497,0,npu_gpu_oracle,NPU prefill + iGPU decode · oracle,1.5,qwen25_1_5b_fp16,43.582314,45.64459405,470.915115
905.2436348938627,1024,NPU,16.74128986331435,797.342281,18.812497916437472,1131.187186,27.41282792159977,Qwen2.5,125.936478,0.0,overhead_free_oracle,qwen25_1_5b,16,14.144431795216605,FP16,iGPU,10.671538058285421,3019.3661335044185,0,gpu_npu_oracle,iGPU prefill + NPU decode · oracle,1.5,qwen25_1_5b_fp16,47.742450999999996,49.104597749999996,333.84490500000004
980.8388908137426,1024,iGPU,22.43097423160133,665.0707760000001,22.553990554533097,1044.00428,34.39303257398403,Qwen2.5,52.910336,0.0,measured,qwen25_1_5b,16,15.325607668964729,FP16,iGPU,11.9620583423827,2660.0973240940975,1,gpu_full,Whole iGPU,1.5,qwen25_1_5b_fp16,43.377521,45.06358405,378.93350399999997
863.7132134473471,1024,NPU,15.627893059326851,714.6595399999999,20.989015272922824,1185.5787129999999,24.786369496670208,Qwen2.5,52.85397,0.0,measured,qwen25_1_5b,16,13.495518960114799,FP16,NPU,9.158476437343356,2140.494712879316,1,npu_full,Whole NPU,1.5,qwen25_1_5b_fp16,47.1426665,47.920721449999995,470.919173
901.4164261764959,1024,iGPU,22.43097423160133,665.0707760000001,22.553990554533097,1135.9899490000003,31.589450668944686,Qwen2.5,52.910336,0.0,overhead_free_oracle,qwen25_1_5b,16,14.084631659007748,FP16,NPU,9.158476437343356,2140.494712879316,1,npu_gpu_oracle,NPU prefill + iGPU decode · oracle,1.5,qwen25_1_5b_fp16,43.377521,45.06358405,470.919173
936.3629419720415,1024,NPU,15.627893059326851,714.6595399999999,20.989015272922824,1093.5930439999997,27.589951401709552,Qwen2.5,52.85397,0.0,overhead_free_oracle,qwen25_1_5b,16,14.630670968313149,FP16,iGPU,11.9620583423827,2660.0973240940975,1,gpu_npu_oracle,iGPU prefill + NPU decode · oracle,1.5,qwen25_1_5b_fp16,47.1426665,47.920721449999995,378.93350399999997
996.2848663814116,1024,iGPU,21.381179666810027,667.3253749999998,22.477790538086463,1027.8184829999998,32.87154210231628,Qwen2.5,55.536018999999996,0.0,measured,qwen25_1_5b,16,15.566951037209556,FP16,iGPU,11.490362435506256,2796.169961729199,2,gpu_full,Whole iGPU,1.5,qwen25_1_5b_fp16,43.521603,44.418626749999994,360.493108
848.6195445371723,1024,NPU,14.848048534964676,729.6628529999998,20.557439560377347,1206.6655859999998,22.860813256404036,Qwen2.5,51.887613,0.0,measured,qwen25_1_5b,16,13.259680383393317,FP16,NPU,8.012764721439359,2113.1954394902805,2,npu_full,Whole NPU,1.5,qwen25_1_5b_fp16,48.7382755,49.52061395,477.00273300000003
894.8482457445679,1024,iGPU,21.381179666810027,667.3253749999998,22.477790538086463,1144.3281079999997,29.393944388249388,Qwen2.5,55.536018999999996,0.0,overhead_free_oracle,qwen25_1_5b,16,13.982003839758873,FP16,NPU,8.012764721439359,2113.1954394902805,2,npu_gpu_oracle,NPU prefill + iGPU decode · oracle,1.5,qwen25_1_5b_fp16,43.521603,44.418626749999994,477.00273300000003
939.3151407993814,1024,NPU,14.848048534964676,729.6628529999998,20.557439560377347,1090.155961,26.33841097047093,Qwen2.5,51.887613,0.0,overhead_free_oracle,qwen25_1_5b,16,14.676799074990335,FP16,iGPU,11.490362435506256,2796.169961729199,2,gpu_npu_oracle,iGPU prefill + NPU decode · oracle,1.5,qwen25_1_5b_fp16,48.7382755,49.52061395,360.493108
1398.5745163090473,2048,iGPU,23.43943592355296,739.7055059999998,20.278340337242266,1464.3481459999998,47.54009554451514,Qwen2.5,70.101923,0.0,measured,qwen25_1_5b,16,10.926363408664432,FP16,iGPU,24.100659620962176,2804.140810703604,0,gpu_full,Whole iGPU,1.5,qwen25_1_5b_fp16,46.5361975,53.8247413,724.64264
1139.0122221389486,2048,NPU,17.46500303877562,834.3031289999998,17.979076763117355,1798.0491869999998,38.62874369879418,Qwen2.5,138.584399,0.0,measured,qwen25_1_5b,16,8.898532985460536,FP16,NPU,21.163740660018558,2108.4392336886735,0,npu_full,Whole NPU,1.5,qwen25_1_5b_fp16,49.4733085,50.79916185,963.7460580000001
1202.2648857657805,2048,iGPU,23.43943592355296,739.7055059999998,20.278340337242266,1703.451564,44.60317658357152,Qwen2.5,70.101923,0.0,overhead_free_oracle,qwen25_1_5b,16,9.39269442004516,FP16,NPU,21.163740660018558,2108.4392336886735,0,npu_gpu_oracle,NPU prefill + iGPU decode · oracle,1.5,qwen25_1_5b_fp16,46.5361975,53.8247413,963.7460580000001
1313.7083025753413,2048,NPU,17.46500303877562,834.3031289999998,17.979076763117355,1558.945769,41.5656626597378,Qwen2.5,138.584399,0.0,overhead_free_oracle,qwen25_1_5b,16,10.263346113869854,FP16,iGPU,24.100659620962176,2804.140810703604,0,gpu_npu_oracle,iGPU prefill + NPU decode · oracle,1.5,qwen25_1_5b_fp16,49.4733085,50.79916185,724.64264
1366.154208948247,2048,iGPU,22.35148375103595,719.5981300000001,20.844968010130874,1499.0987010000001,48.04695553438617,Qwen2.5,60.999628,0.0,measured,qwen25_1_5b,16,10.67307975740818,FP16,iGPU,25.69547178335022,2606.797320742437,1,gpu_full,Whole iGPU,1.5,qwen25_1_5b_fp16,46.5253935,49.796110549999995,779.500571
1192.7521087911155,2048,NPU,17.31489624539456,763.137146,19.655706813149937,1717.037417,40.24847730714521,Qwen2.5,76.704513,0.0,measured,qwen25_1_5b,16,9.31837584993059,FP16,NPU,22.933581061750647,2130.201722104344,1,npu_full,Whole NPU,1.5,qwen25_1_5b_fp16,48.9025405,49.7028969,953.900271
1223.7836610875854,2048,iGPU,22.35148375103595,719.5981300000001,20.844968010130874,1673.498401,45.2850648127866,Qwen2.5,60.999628,0.0,overhead_free_oracle,qwen25_1_5b,16,9.560809852246761,FP16,NPU,22.933581061750647,2130.201722104344,1,npu_gpu_oracle,NPU prefill + iGPU decode · oracle,1.5,qwen25_1_5b_fp16,46.5253935,49.796110549999995,953.900271
1327.5962187562668,2048,NPU,17.31489624539456,763.137146,19.655706813149937,1542.637717,43.01036802874478,Qwen2.5,76.704513,0.0,overhead_free_oracle,qwen25_1_5b,16,10.371845459033334,FP16,iGPU,25.69547178335022,2606.797320742437,1,gpu_npu_oracle,iGPU prefill + NPU decode · oracle,1.5,qwen25_1_5b_fp16,48.9025405,49.7028969,779.500571
1360.7559327169686,2048,iGPU,23.261027436098225,734.706053,20.416328324438073,1505.045799,49.33237634725531,Qwen2.5,65.452983,0.0,measured,qwen25_1_5b,16,10.630905724351317,FP16,iGPU,26.071348911157088,2637.797167485111,2,gpu_full,Whole iGPU,1.5,qwen25_1_5b_fp16,46.4538635,54.70955785,770.339746
1181.783195202228,2048,NPU,18.27166674826438,785.0609979999999,19.106795571571624,1732.9743799999999,39.48190518484798,Qwen2.5,90.44789899999999,0.0,measured,qwen25_1_5b,16,9.232681212517406,FP16,NPU,21.2102384365836,2143.655779721865,2,npu_full,Whole NPU,1.5,qwen25_1_5b_fp16,49.289752500000006,51.320964800000006,947.913382
1217.149854209309,2048,iGPU,23.261027436098225,734.706053,20.416328324438073,1682.619435,44.471265872681826,Qwen2.5,65.452983,0.0,overhead_free_oracle,qwen25_1_5b,16,9.508983236010227,FP16,NPU,21.2102384365836,2143.655779721865,2,npu_gpu_oracle,NPU prefill + iGPU decode · oracle,1.5,qwen25_1_5b_fp16,46.4538635,54.70955785,947.913382
1316.7024690583535,2048,NPU,18.27166674826438,785.0609979999999,19.106795571571624,1555.400744,44.34301565942147,Qwen2.5,90.44789899999999,0.0,overhead_free_oracle,qwen25_1_5b,16,10.286738039518387,FP16,iGPU,26.071348911157088,2637.797167485111,2,gpu_npu_oracle,iGPU prefill + NPU decode · oracle,1.5,qwen25_1_5b_fp16,49.289752500000006,51.320964800000006,770.339746
1703.5038278928787,4096,iGPU,21.58785076735699,706.9264310000001,21.21861532151427,2404.456,75.36162733122013,Qwen2.5,76.23941400000001,0.0,measured,qwen25_1_5b,16,6.654311827706557,FP16,iGPU,53.773776563863144,2403.4927429296517,0,gpu_full,Whole iGPU,1.5,qwen25_1_5b_fp16,44.69485,46.5722248,1697.529569
1302.8557450935916,4096,NPU,18.79461373503249,902.1009869999998,16.62785011452382,3143.8630219999995,69.34693232462192,Qwen2.5,173.669819,0.0,measured,qwen25_1_5b,16,5.089280254271842,FP16,NPU,50.55231858958943,1819.9969204135443,0,npu_full,Whole NPU,1.5,qwen25_1_5b_fp16,51.1498665,56.3042718,2241.7620349999997
1389.0921496893054,4096,iGPU,21.58785076735699,706.9264310000001,21.21861532151427,2948.6884659999996,72.14016935694642,Qwen2.5,76.23941400000001,0.0,overhead_free_oracle,qwen25_1_5b,16,5.426141209723849,FP16,NPU,50.55231858958943,1819.9969204135443,0,npu_gpu_oracle,NPU prefill + iGPU decode · oracle,1.5,qwen25_1_5b_fp16,44.69485,46.5722248,2241.7620349999997
1575.608499656364,4096,NPU,18.79461373503249,902.1009869999998,16.62785011452382,2599.630556,72.56839029889564,Qwen2.5,173.669819,0.0,overhead_free_oracle,qwen25_1_5b,16,6.154720701782672,FP16,iGPU,53.773776563863144,2403.4927429296517,0,gpu_npu_oracle,iGPU prefill + NPU decode · oracle,1.5,qwen25_1_5b_fp16,51.1498665,56.3042718,1697.529569
1615.1515932468096,4096,iGPU,21.645568523481565,704.8072030000001,21.282415866569966,2535.984868,82.86869974474936,Qwen2.5,72.596193,0.0,measured,qwen25_1_5b,16,6.30918591112035,FP16,iGPU,61.22313122126779,2228.0743578204356,1,gpu_full,Whole iGPU,1.5,qwen25_1_5b_fp16,44.665932500000004,47.106267450000004,1831.177665
1341.1796973396185,4096,NPU,18.953258798648438,841.8113370000001,17.818719397930845,3054.0277400000004,71.19725384468838,Qwen2.5,128.9693,0.0,measured,qwen25_1_5b,16,5.238983192732885,FP16,NPU,52.24399504603994,1844.3041984803508,1,npu_full,Whole NPU,1.5,qwen25_1_5b_fp16,50.8645085,51.4627742,2212.2164030000004
1404.171015817278,4096,iGPU,21.645568523481565,704.8072030000001,21.282415866569966,2917.0236060000007,73.8895635695215,Qwen2.5,72.596193,0.0,overhead_free_oracle,qwen25_1_5b,16,5.485043030536242,FP16,NPU,52.24399504603994,1844.3041984803508,1,npu_gpu_oracle,NPU prefill + iGPU decode · oracle,1.5,qwen25_1_5b_fp16,44.665932500000004,47.106267450000004,2212.2164030000004
1532.3669483620267,4096,NPU,18.953258798648438,841.8113370000001,17.818719397930845,2672.9890020000003,80.17639001991623,Qwen2.5,128.9693,0.0,overhead_free_oracle,qwen25_1_5b,16,5.985808392039167,FP16,iGPU,61.22313122126779,2228.0743578204356,1,gpu_npu_oracle,iGPU prefill + NPU decode · oracle,1.5,qwen25_1_5b_fp16,50.8645085,51.4627742,1831.177665
1634.2013256294047,4096,iGPU,22.367952819962316,697.2798119999998,21.51216734208275,2506.423129,81.4949949933806,Qwen2.5,65.285731,0.0,measured,qwen25_1_5b,16,6.383598928239862,FP16,iGPU,59.12704217341829,2255.211050258657,2,gpu_full,Whole iGPU,1.5,qwen25_1_5b_fp16,44.705886,47.207606299999995,1809.143317
1346.7958201770846,4096,NPU,19.055439872996008,836.8270990000001,17.92484973051763,3041.29248,70.63349411528053,Qwen2.5,121.310946,0.0,measured,qwen25_1_5b,16,5.260921172566737,FP16,NPU,51.578054242284516,1850.7888738761737,2,npu_full,Whole NPU,1.5,qwen25_1_5b_fp16,50.9610385,51.880345350000006,2204.465381
1411.5643268337105,4096,iGPU,22.367952819962316,697.2798119999998,21.51216734208275,2901.7451929999997,73.94600706224684,Qwen2.5,65.285731,0.0,overhead_free_oracle,qwen25_1_5b,16,5.513923151694182,FP16,NPU,51.578054242284516,1850.7888738761737,2,npu_gpu_oracle,NPU prefill + iGPU decode · oracle,1.5,qwen25_1_5b_fp16,44.705886,47.207606299999995,2204.465381
1548.0142843743722,4096,NPU,19.055439872996008,836.8270990000001,17.92484973051763,2645.970416,78.1824820464143,Qwen2.5,121.310946,0.0,overhead_free_oracle,qwen25_1_5b,16,6.046930798337391,FP16,iGPU,59.12704217341829,2255.211050258657,2,gpu_npu_oracle,iGPU prefill + NPU decode · oracle,1.5,qwen25_1_5b_fp16,50.9610385,51.880345350000006,1809.143317
1593.9794344485392,8192,iGPU,24.34802377865463,767.4252459999998,19.545877697122307,5139.338578,170.84490466499898,Qwen2.5,84.36115099999999,0.0,measured,qwen25_1_5b,16,3.113241082907303,FP16,iGPU,146.49688088634434,1870.1194143434132,0,gpu_full,Whole iGPU,1.5,qwen25_1_5b_fp16,48.277505,50.668234749999996,4371.913332
1270.7656919998878,8192,NPU,20.762891246428644,988.5601379999989,15.173583703614803,6446.5070559999995,153.35850029518318,Qwen2.5,199.207669,0.0,measured,qwen25_1_5b,16,2.481964242187281,FP16,NPU,132.59560904875454,1497.999178598827,0,npu_full,Whole NPU,1.5,qwen25_1_5b_fp16,55.9964945,58.5222284,5457.946918000001
1315.9052638447206,8192,iGPU,24.34802377865463,767.4252459999998,19.545877697122307,6225.372164,156.94363282740917,Qwen2.5,84.36115099999999,0.0,overhead_free_oracle,qwen25_1_5b,16,2.57012746844672,FP16,NPU,132.59560904875454,1497.999178598827,0,npu_gpu_oracle,NPU prefill + iGPU decode · oracle,1.5,qwen25_1_5b_fp16,48.277505,50.668234749999996,5457.946918000001
1528.2232149541824,8192,NPU,20.762891246428644,988.5601379999989,15.173583703614803,5360.473469999999,167.25977213277298,Qwen2.5,199.207669,0.0,overhead_free_oracle,qwen25_1_5b,16,2.9848109667073874,FP16,iGPU,146.49688088634434,1870.1194143434132,0,gpu_npu_oracle,iGPU prefill + NPU decode · oracle,1.5,qwen25_1_5b_fp16,55.9964945,58.5222284,4371.913332
1526.3732712918795,8192,iGPU,24.903276962499113,767.9584869999999,19.532305787252795,5366.970291,177.1343408345819,Qwen2.5,79.860898,0.0,measured,qwen25_1_5b,16,2.981197795491952,FP16,iGPU,152.23106387208279,1777.773214865182,1,gpu_full,Whole iGPU,1.5,qwen25_1_5b_fp16,48.8631125,50.528452200000004,4599.011804
1276.6685193357519,8192,NPU,20.063071751089048,932.9118430000008,16.078689655995717,6416.700871000001,145.28672479830834,Qwen2.5,153.86979200000002,0.0,measured,qwen25_1_5b,16,2.4934932018276403,FP16,NPU,125.2236530472193,1490.9399246130151,1,npu_full,Whole NPU,1.5,qwen25_1_5b_fp16,55.317403,57.49918405,5483.789028
1310.353621982445,8192,iGPU,24.903276962499113,767.9584869999999,19.532305787252795,6251.747515,150.12693000971842,Qwen2.5,79.860898,0.0,overhead_free_oracle,qwen25_1_5b,16,2.559284417934463,FP16,NPU,125.2236530472193,1490.9399246130151,1,npu_gpu_oracle,NPU prefill + iGPU decode · oracle,1.5,qwen25_1_5b_fp16,48.8631125,50.528452200000004,5483.789028
1480.859195235382,8192,NPU,20.063071751089048,932.9118430000008,16.078689655995717,5531.9236470000005,172.29413562317183,Qwen2.5,153.86979200000002,0.0,overhead_free_oracle,qwen25_1_5b,16,2.8923031156941055,FP16,iGPU,152.23106387208279,1777.773214865182,1,gpu_npu_oracle,iGPU prefill + NPU decode · oracle,1.5,qwen25_1_5b_fp16,55.317403,57.49918405,4599.011804
1524.9000329790347,8192,iGPU,25.174907419832774,765.9607880000003,19.58324790903004,5372.155435,179.464606367435,Qwen2.5,79.342116,0.0,measured,qwen25_1_5b,16,2.978320376912177,FP16,iGPU,154.28969894760223,1775.0009772871852,2,gpu_full,Whole iGPU,1.5,qwen25_1_5b_fp16,48.571490000000004,50.694644,4606.194646999999
1270.5539099241466,8192,NPU,18.88347101782714,933.31293,16.07177991201729,6447.581591,144.91430819912776,Qwen2.5,154.256099,0.0,measured,qwen25_1_5b,16,2.481550605320599,FP16,NPU,126.03083718130063,1482.6988858604689,2,npu_full,Whole NPU,1.5,qwen25_1_5b_fp16,55.3727985,56.69758749999999,5514.268661
1304.4109401614953,8192,iGPU,25.174907419832774,765.9607880000003,19.58324790903004,6280.229449,151.2057446011334,Qwen2.5,79.342116,0.0,overhead_free_oracle,qwen25_1_5b,16,2.5476776175029205,FP16,NPU,126.03083718130063,1482.6988858604689,2,npu_gpu_oracle,NPU prefill + iGPU decode · oracle,1.5,qwen25_1_5b_fp16,48.571490000000004,50.694644,5514.268661
1478.8318070026896,8192,NPU,18.88347101782714,933.31293,16.07177991201729,5539.507576999999,173.17316996542937,Qwen2.5,154.256099,0.0,overhead_free_oracle,qwen25_1_5b,16,2.888343373052128,FP16,iGPU,154.28969894760223,1775.0009772871852,2,gpu_npu_oracle,iGPU prefill + NPU decode · oracle,1.5,qwen25_1_5b_fp16,55.3727985,56.69758749999999,4606.194646999999
513.7037132624425,1024,iGPU,41.06401270193119,1411.9576860000002,10.62354782209812,1993.366942,61.14214097649398,Qwen2.5,113.39930700000001,0.0,measured,qwen25_3b,16,8.026620519725665,FP16,iGPU,20.078128274562786,1733.7185288979988,0,gpu_full,Whole iGPU,3.0,qwen25_3b_fp16,91.1206735,97.85417325,581.409256
446.4723727321237,1024,NPU,30.241540385929476,1555.5211309999997,9.643070544697089,2293.5349699999997,51.06571097353138,Qwen2.5,181.028757,0.0,measured,qwen25_3b,16,6.976130823939433,FP16,NPU,20.824170587601905,1365.8280464846407,0,npu_full,Whole NPU,3.0,qwen25_3b_fp16,97.91415149999999,99.5388777,738.013839
476.28537777959644,1024,iGPU,41.06401270193119,1411.9576860000002,10.62354782209812,2149.971525,61.888183289533096,Qwen2.5,113.39930700000001,0.0,overhead_free_oracle,qwen25_3b,16,7.4419590278061944,FP16,NPU,20.824170587601905,1365.8280464846407,0,npu_gpu_oracle,NPU prefill + iGPU decode · oracle,3.0,qwen25_3b_fp16,91.1206735,97.85417325,738.013839
479.19202526647393,1024,NPU,30.241540385929476,1555.5211309999997,9.643070544697089,2136.930387,50.31966866049226,Qwen2.5,181.028757,0.0,overhead_free_oracle,qwen25_3b,16,7.487375394788655,FP16,iGPU,20.078128274562786,1733.7185288979988,0,gpu_npu_oracle,iGPU prefill + NPU decode · oracle,3.0,qwen25_3b_fp16,97.91415149999999,99.5388777,581.409256
508.0445377105066,1024,iGPU,43.1229998117395,1385.781446,10.824217659499535,2015.571321,65.03463419199078,Qwen2.5,110.586364,0.0,measured,qwen25_3b,16,7.938195901726665,FP16,iGPU,21.91163438025128,1600.5338288425166,1,gpu_full,Whole iGPU,3.0,qwen25_3b_fp16,90.34492250000001,95.07992044999999,629.789875
462.94000328706386,1024,NPU,29.91821369238244,1472.499178,10.186762902220105,2211.949697,50.16819537864944,Qwen2.5,103.587636,0.0,measured,qwen25_3b,16,7.233437551360373,FP16,NPU,20.249981686267002,1363.1743762424758,1,npu_full,Whole NPU,3.0,qwen25_3b_fp16,97.65238649999999,98.4875902,739.450519
481.8297564049673,1024,iGPU,43.1229998117395,1385.781446,10.824217659499535,2125.231965,63.372981498006496,Qwen2.5,110.586364,0.0,overhead_free_oracle,qwen25_3b,16,7.5285899438276145,FP16,NPU,20.249981686267002,1363.1743762424758,1,npu_gpu_oracle,NPU prefill + iGPU decode · oracle,3.0,qwen25_3b_fp16,90.34492250000001,95.07992044999999,739.450519
487.08810928674905,1024,NPU,29.91821369238244,1472.499178,10.186762902220105,2102.289053,51.82984807263372,Qwen2.5,103.587636,0.0,overhead_free_oracle,qwen25_3b,16,7.610751707605454,FP16,iGPU,21.91163438025128,1600.5338288425166,1,gpu_npu_oracle,iGPU prefill + NPU decode · oracle,3.0,qwen25_3b_fp16,97.65238649999999,98.4875902,629.789875
512.7420592796457,1024,iGPU,43.545706709041134,1390.0422509999999,10.791038897709017,1997.1055259999998,65.75984254671522,Qwen2.5,105.34460499999999,0.0,measured,qwen25_3b,16,8.011594676244464,FP16,iGPU,22.214135837674092,1660.4529404286563,2,gpu_full,Whole iGPU,3.0,qwen25_3b_fp16,90.976238,95.74199429999999,607.063275
463.6431861516104,1024,NPU,30.55820108362977,1472.273538,10.188324121057455,2208.594951,51.049921114854904,Qwen2.5,103.099638,0.0,measured,qwen25_3b,16,7.244424783618912,FP16,NPU,20.491720031225135,1368.9673859858262,2,npu_full,Whole NPU,3.0,qwen25_3b_fp16,97.750102,98.0997677,736.321413
481.5733156734379,1024,iGPU,43.545706709041134,1390.0422509999999,10.791038897709017,2126.363664,64.03742674026627,Qwen2.5,105.34460499999999,0.0,overhead_free_oracle,qwen25_3b,16,7.524583057397467,FP16,NPU,20.491720031225135,1368.9673859858262,2,npu_gpu_oracle,NPU prefill + iGPU decode · oracle,3.0,qwen25_3b_fp16,90.976238,95.74199429999999,736.321413
492.4647097083834,1024,NPU,30.55820108362977,1472.273538,10.188324121057455,2079.336813,52.77233692130386,Qwen2.5,103.099638,0.0,overhead_free_oracle,qwen25_3b,16,7.6947610891934906,FP16,iGPU,22.214135837674092,1660.4529404286563,2,gpu_npu_oracle,iGPU prefill + NPU decode · oracle,3.0,qwen25_3b_fp16,97.750102,98.0997677,607.063275
739.6758694038298,2048,iGPU,42.989717810215396,1526.5198689999997,9.826272362787046,2768.7803329999997,87.65506971318558,Qwen2.5,124.26487999999999,0.0,measured,qwen25_3b,16,5.77871772971742,FP16,iGPU,44.66535190297019,1635.727819476029,0,gpu_full,Whole iGPU,3.0,qwen25_3b_fp16,98.73080100000001,103.9432763,1242.260464
668.5939786961023,2048,NPU,29.45873941343495,1577.5534059999998,9.50839441818555,3063.144547,74.43958662072386,Qwen2.5,180.384097,0.0,measured,qwen25_3b,16,5.2233904585632995,FP16,NPU,44.9808472072889,1367.8056794497268,0,npu_full,Whole NPU,3.0,qwen25_3b_fp16,99.6810475,100.4612143,1485.591141
679.9218200128688,2048,iGPU,42.989717810215396,1526.5198689999997,9.826272362787046,3012.1110099999996,87.9705650175043,Qwen2.5,124.26487999999999,0.0,overhead_free_oracle,qwen25_3b,16,5.3118892188505376,FP16,NPU,44.9808472072889,1367.8056794497268,0,npu_gpu_oracle,NPU prefill + iGPU decode · oracle,3.0,qwen25_3b_fp16,98.73080100000001,103.9432763,1485.591141
726.2890724060451,2048,NPU,29.45873941343495,1577.5534059999998,9.50839441818555,2819.81387,74.12409131640514,Qwen2.5,180.384097,0.0,overhead_free_oracle,qwen25_3b,16,5.674133378172227,FP16,iGPU,44.66535190297019,1635.727819476029,0,gpu_npu_oracle,iGPU prefill + NPU decode · oracle,3.0,qwen25_3b_fp16,99.6810475,100.4612143,1242.260464
724.0150503497318,2048,iGPU,44.037910885957885,1521.3299389999997,9.859794128458285,2828.6704799999998,91.3198616084489,Qwen2.5,113.84433100000001,0.0,measured,qwen25_3b,16,5.65636758085728,FP16,iGPU,47.28195072249102,1554.3004567468697,1,gpu_full,Whole iGPU,3.0,qwen25_3b_fp16,99.86533,104.1105031,1307.340541
679.2468036896585,2048,NPU,30.033774338028522,1524.0442419999997,9.842233963179135,3015.1043609999997,74.0294116716735,Qwen2.5,133.27581899999998,0.0,measured,qwen25_3b,16,5.306615653825457,FP16,NPU,43.995637333644986,1362.7887796789769,1,npu_full,Whole NPU,3.0,qwen25_3b_fp16,99.2587395,99.68005465,1491.060119
679.8588365278691,2048,iGPU,44.037910885957885,1521.3299389999997,9.859794128458285,3012.390058,88.03354821960286,Qwen2.5,113.84433100000001,0.0,overhead_free_oracle,qwen25_3b,16,5.311397160373978,FP16,NPU,43.995637333644986,1362.7887796789769,1,npu_gpu_oracle,NPU prefill + iGPU decode · oracle,3.0,qwen25_3b_fp16,99.86533,104.1105031,1491.060119
723.3209743502391,2048,NPU,30.033774338028522,1524.0442419999997,9.842233963179135,2831.3847829999995,77.31572506051954,Qwen2.5,133.27581899999998,0.0,overhead_free_oracle,qwen25_3b,16,5.650945112111243,FP16,iGPU,47.28195072249102,1554.3004567468697,1,gpu_npu_oracle,iGPU prefill + NPU decode · oracle,3.0,qwen25_3b_fp16,99.2587395,99.68005465,1307.340541
727.0726149942805,2048,iGPU,44.457912013976575,1521.5263540000003,9.858521320098015,2816.7750480000004,91.30615653603783,Qwen2.5,112.726548,0.0,measured,qwen25_3b,16,5.680254804642816,FP16,iGPU,46.848244522061265,1568.8106920415082,2,gpu_full,Whole iGPU,3.0,qwen25_3b_fp16,99.89753000000002,104.039077,1295.2486940000001
673.3848738937401,2048,NPU,28.02770628253062,1528.162692,9.815708810668962,3041.351357,70.37691950663637,Qwen2.5,134.185059,0.0,measured,qwen25_3b,16,5.260819327294844,FP16,NPU,42.349213224105746,1342.859649295615,2,npu_full,Whole NPU,3.0,qwen25_3b_fp16,99.4194085,100.32548745,1513.188665
674.8574370831227,2048,iGPU,44.457912013976575,1521.5263540000003,9.858521320098015,3034.715019,86.80712523808232,Qwen2.5,112.726548,0.0,overhead_free_oracle,qwen25_3b,16,5.272323727211896,FP16,NPU,42.349213224105746,1342.859649295615,2,npu_gpu_oracle,NPU prefill + iGPU decode · oracle,3.0,qwen25_3b_fp16,99.89753000000002,104.039077,1513.188665
725.3636541083213,2048,NPU,28.02770628253062,1528.162692,9.815708810668962,2823.411386,74.87595080459188,Qwen2.5,134.185059,0.0,overhead_free_oracle,qwen25_3b,16,5.66690354772126,FP16,iGPU,46.848244522061265,1568.8106920415082,2,gpu_npu_oracle,iGPU prefill + NPU decode · oracle,3.0,qwen25_3b_fp16,99.4194085,100.32548745,1295.2486940000001
899.9434864931993,4096,iGPU,41.61464016584719,1430.1355159999998,10.48851653020552,4551.396906,153.91369347067837,Qwen2.5,124.144037,0.0,measured,qwen25_3b,16,3.51540424411406,FP16,iGPU,112.29905330483116,1307.1638322479619,0,gpu_full,Whole iGPU,3.0,qwen25_3b_fp16,92.687543,96.28903589999999,3121.26139
784.209294141648,4096,NPU,32.5576172875719,1650.9995100000006,9.085405482646086,5223.095455000001,131.26549072083276,Qwen2.5,221.395893,0.0,measured,qwen25_3b,16,3.0633175552408125,FP16,NPU,98.70787343326087,1142.1865657642632,0,npu_full,Whole NPU,3.0,qwen25_3b_fp16,101.8652895,103.19750105,3572.095945
818.8345605225485,4096,iGPU,41.61464016584719,1430.1355159999998,10.48851653020552,5002.231460999999,140.32251359910805,Qwen2.5,124.144037,0.0,overhead_free_oracle,qwen25_3b,16,3.198572502041205,FP16,NPU,98.70787343326087,1142.1865657642632,0,npu_gpu_oracle,NPU prefill + iGPU decode · oracle,3.0,qwen25_3b_fp16,92.687543,96.28903589999999,3572.095945
858.2933929701956,4096,NPU,32.5576172875719,1650.9995100000006,9.085405482646086,4772.260900000001,144.85667059240308,Qwen2.5,221.395893,0.0,overhead_free_oracle,qwen25_3b,16,3.3527085662898264,FP16,iGPU,112.29905330483116,1307.1638322479619,0,gpu_npu_oracle,iGPU prefill + NPU decode · oracle,3.0,qwen25_3b_fp16,101.8652895,103.19750105,3121.26139
876.8859758392337,4096,iGPU,41.445756127606096,1430.9708539999992,10.48239379444412,4671.074817999999,156.04669809514434,Qwen2.5,114.904352,0.0,measured,qwen25_3b,16,3.4253358431220065,FP16,iGPU,114.60094196753823,1259.2188538799617,1,gpu_full,Whole iGPU,3.0,qwen25_3b_fp16,92.857582,100.4056106,3240.103964
796.4479229971188,4096,NPU,30.410462992479438,1613.2820040000006,9.297816477719788,5142.834681,131.00280780180753,Qwen2.5,182.306812,0.0,measured,qwen25_3b,16,3.1111246992074952,FP16,NPU,100.59234480932811,1155.9538483692108,1,npu_full,Whole NPU,3.0,qwen25_3b_fp16,102.098412,102.67646659999998,3529.5526769999997
825.719296441737,4096,iGPU,41.445756127606096,1430.9708539999992,10.48239379444412,4960.523530999999,142.0381009369342,Qwen2.5,114.904352,0.0,overhead_free_oracle,qwen25_3b,16,3.225466001725535,FP16,NPU,100.59234480932811,1155.9538483692108,1,npu_gpu_oracle,NPU prefill + iGPU decode · oracle,3.0,qwen25_3b_fp16,92.857582,100.4056106,3529.5526769999997
843.946891305637,4096,NPU,30.410462992479438,1613.2820040000006,9.297816477719788,4853.3859680000005,145.01140496001767,Qwen2.5,182.306812,0.0,overhead_free_oracle,qwen25_3b,16,3.2966675441626445,FP16,iGPU,114.60094196753823,1259.2188538799617,1,gpu_npu_oracle,iGPU prefill + NPU decode · oracle,3.0,qwen25_3b_fp16,102.098412,102.67646659999998,3240.103964
874.4054818448777,4096,iGPU,44.08601773938256,1419.3535040000002,10.568191756125048,4684.325619,161.57231947938268,Qwen2.5,115.762957,0.0,measured,qwen25_3b,16,3.4156464134565536,FP16,iGPU,117.48630174000012,1249.627824156777,2,gpu_full,Whole iGPU,3.0,qwen25_3b_fp16,91.860189,100.3072394,3264.972115
791.831206974761,4096,NPU,30.782031961134198,1642.7416909999997,9.131076469404587,5172.819616,132.2361334994205,Qwen2.5,205.440954,0.0,measured,qwen25_3b,16,3.09309065224516,FP16,NPU,101.4541015382863,1155.7818514728679,2,npu_full,Whole NPU,3.0,qwen25_3b_fp16,102.295967,104.3798861,3530.077925
827.5698044830917,4096,iGPU,44.08601773938256,1419.3535040000002,10.568191756125048,4949.431429,145.54011927766885,Qwen2.5,115.762957,0.0,overhead_free_oracle,qwen25_3b,16,3.232694548762077,FP16,NPU,101.4541015382863,1155.7818514728679,2,npu_gpu_oracle,NPU prefill + iGPU decode · oracle,3.0,qwen25_3b_fp16,91.860189,100.3072394,3530.077925
834.6044944577602,4096,NPU,30.782031961134198,1642.7416909999997,9.131076469404587,4907.713806,148.2683337011343,Qwen2.5,205.440954,0.0,overhead_free_oracle,qwen25_3b,16,3.260173806475626,FP16,iGPU,117.48630174000012,1249.627824156777,2,gpu_npu_oracle,iGPU prefill + NPU decode · oracle,3.0,qwen25_3b_fp16,102.295967,104.3798861,3264.972115
906.0694069260272,8192,iGPU,47.00718435008983,1548.626832,9.686000326255487,9041.249972,314.6891916362031,Qwen2.5,139.978571,0.0,measured,qwen25_3b,16,1.769666810402397,FP16,iGPU,267.6820072861132,1091.206623799312,0,gpu_full,Whole iGPU,3.0,qwen25_3b_fp16,99.585678,107.27231370000001,7492.62314
766.9252289948744,8192,NPU,33.946561884203355,1808.6107499999998,8.293658544272171,10681.614961,280.6471193020305,Qwen2.5,287.819805,0.0,measured,qwen25_3b,16,1.497900837880614,FP16,NPU,246.70055741782716,921.4466493619024,0,npu_full,Whole NPU,3.0,qwen25_3b_fp16,108.187931,110.89314859999999,8873.004211
786.0573806729036,8192,iGPU,47.00718435008983,1548.626832,9.686000326255487,10421.631043,293.707741767917,Qwen2.5,139.978571,0.0,overhead_free_oracle,qwen25_3b,16,1.5352683216267649,FP16,NPU,246.70055741782716,921.4466493619024,0,npu_gpu_oracle,NPU prefill + iGPU decode · oracle,3.0,qwen25_3b_fp16,99.585678,107.27231370000001,8873.004211
880.7433612445155,8192,NPU,33.946561884203355,1808.6107499999998,8.293658544272171,9301.23389,301.62856917031655,Qwen2.5,287.819805,0.0,overhead_free_oracle,qwen25_3b,16,1.7202018774306944,FP16,iGPU,267.6820072861132,1091.206623799312,0,gpu_npu_oracle,iGPU prefill + NPU decode · oracle,3.0,qwen25_3b_fp16,108.187931,110.89314859999999,7492.62314
884.7993665700598,8192,iGPU,45.63622156134221,1522.0342549999996,9.855231543392565,9258.59614,323.90516705512033,Qwen2.5,129.88422799999998,0.0,measured,qwen25_3b,16,1.728123762832148,FP16,iGPU,278.2689454937781,1056.8001809501457,1,gpu_full,Whole iGPU,3.0,qwen25_3b_fp16,97.7180575,107.81119354999998,7736.561885
769.4641418033639,8192,NPU,35.28748434979572,1771.969294999999,8.465157969907148,10646.370058,276.93145829420837,Qwen2.5,250.5723,0.0,measured,qwen25_3b,16,1.502859651959695,FP16,NPU,241.64397394441266,921.3016425952004,1,npu_full,Whole NPU,3.0,qwen25_3b_fp16,108.125211,111.0312522,8874.400763000001
787.9624107510581,8192,iGPU,45.63622156134221,1522.0342549999996,9.855231543392565,10396.435018,287.2801955057549,Qwen2.5,129.88422799999998,0.0,overhead_free_oracle,qwen25_3b,16,1.5389890834981603,FP16,NPU,241.64397394441266,921.3016425952004,1,npu_gpu_oracle,NPU prefill + iGPU decode · oracle,3.0,qwen25_3b_fp16,97.7180575,107.81119354999998,8874.400763000001
861.5421083364425,8192,NPU,35.28748434979572,1771.969294999999,8.465157969907148,9508.531179999998,313.5564298435738,Qwen2.5,250.5723,0.0,overhead_free_oracle,qwen25_3b,16,1.6826994303446143,FP16,iGPU,278.2689454937781,1056.8001809501457,1,gpu_npu_oracle,iGPU prefill + NPU decode · oracle,3.0,qwen25_3b_fp16,108.125211,111.0312522,7736.561885
885.4299468098451,8192,iGPU,48.01422611902807,1545.6796530000001,9.70446882113418,9252.002408,318.80381272461636,Qwen2.5,131.406359,0.0,measured,qwen25_3b,16,1.7293553648629787,FP16,iGPU,270.7895866055883,1060.9469989685113,2,gpu_full,Whole iGPU,3.0,qwen25_3b_fp16,99.441204,107.64871504999999,7706.322755
773.4502172384254,8192,NPU,30.72779940119608,1768.571313999999,8.481422197261761,10591.502617,274.49894810694786,Qwen2.5,248.487652,0.0,measured,qwen25_3b,16,1.5106449555437995,FP16,NPU,243.77114870575178,926.6761486876783,2,npu_full,Whole NPU,3.0,qwen25_3b_fp16,108.0383345,110.94088165,8822.931303000001
790.0768998628054,8192,iGPU,48.01422611902807,1545.6796530000001,9.70446882113418,10368.610956,291.78537482477986,Qwen2.5,131.406359,0.0,overhead_free_oracle,qwen25_3b,16,1.5431189450445417,FP16,NPU,243.77114870575178,926.6761486876783,2,npu_gpu_oracle,NPU prefill + iGPU decode · oracle,3.0,qwen25_3b_fp16,99.441204,107.64871504999999,8822.931303000001
864.6006953051458,8192,NPU,30.72779940119608,1768.571313999999,8.481422197261761,9474.894068999998,301.51738600678436,Qwen2.5,248.487652,0.0,overhead_free_oracle,qwen25_3b,16,1.6886732330178629,FP16,iGPU,270.7895866055883,1060.9469989685113,2,gpu_npu_oracle,iGPU prefill + NPU decode · oracle,3.0,qwen25_3b_fp16,108.0383345,110.94088165,7706.322755
262.3660990401052,1024,iGPU,84.68513430072436,2804.853869,5.34787218891652,3902.943268,129.8226451709811,Qwen2.5,202.271215,0.0,measured,qwen25_7b,16,4.099470297501644,FP16,iGPU,45.137510870256754,917.9580468748337,0,gpu_full,Whole iGPU,7.0,qwen25_7b_fp16,185.93963250000002,186.1239023,1098.089399
202.66913529284705,1024,NPU,51.14317441851857,3171.9353140000003,4.728974116777969,5052.570035000001,100.47139755576656,Qwen2.5,280.37203900000003,0.0,measured,qwen25_7b,16,3.166705238950735,FP16,NPU,49.32822313724799,535.9892533856925,0,npu_full,Whole NPU,7.0,qwen25_7b_fp16,206.4257615,207.8030635,1880.6347210000001
218.54711207396196,1024,iGPU,84.68513430072436,2804.853869,5.34787218891652,4685.48859,134.01335743797233,Qwen2.5,202.271215,0.0,overhead_free_oracle,qwen25_7b,16,3.4147986261556555,FP16,NPU,49.32822313724799,535.9892533856925,0,npu_gpu_oracle,NPU prefill + iGPU decode · oracle,7.0,qwen25_7b_fp16,185.93963250000002,186.1239023,1880.6347210000001
239.81125844130446,1024,NPU,51.14317441851857,3171.9353140000003,4.728974116777969,4270.024713000001,96.28068528877532,Qwen2.5,280.37203900000003,0.0,overhead_free_oracle,qwen25_7b,16,3.747050913145382,FP16,iGPU,45.137510870256754,917.9580468748337,0,gpu_npu_oracle,iGPU prefill + NPU decode · oracle,7.0,qwen25_7b_fp16,206.4257615,207.8030635,1098.089399
260.75245999447395,1024,iGPU,87.30344707961846,2804.7091060000002,5.348148215410686,3927.0962200000004,135.94626725665168,Qwen2.5,194.16909600000002,0.0,measured,qwen25_7b,16,4.0742571874136555,FP16,iGPU,48.642820177033215,898.0858630919743,1,gpu_full,Whole iGPU,7.0,qwen25_7b_fp16,186.323086,187.25145110000003,1122.3871139999999
205.7060146978667,1024,NPU,52.346727874052846,3094.914167,4.8466610673536,4977.977924,104.30911227310798,Qwen2.5,213.00904400000002,0.0,measured,qwen25_7b,16,3.214156479654167,FP16,NPU,51.96238439905513,535.2978603368659,1,npu_full,Whole NPU,7.0,qwen25_7b_fp16,205.83404,206.16559439999997,1883.063757
218.4406177360475,1024,iGPU,87.30344707961846,2804.7091060000002,5.348148215410686,4687.772863,139.2658314786736,Qwen2.5,194.16909600000002,0.0,overhead_free_oracle,qwen25_7b,16,3.413134652125742,FP16,NPU,51.96238439905513,535.2978603368659,1,npu_gpu_oracle,NPU prefill + iGPU decode · oracle,7.0,qwen25_7b_fp16,186.323086,187.25145110000003,1883.063757
242.80930665622037,1024,NPU,52.346727874052846,3094.914167,4.8466610673536,4217.301281,100.98954805108606,Qwen2.5,213.00904400000002,0.0,overhead_free_oracle,qwen25_7b,16,3.7938954165034433,FP16,iGPU,48.642820177033215,898.0858630919743,1,gpu_npu_oracle,iGPU prefill + NPU decode · oracle,7.0,qwen25_7b_fp16,205.83404,206.16559439999997,1122.3871139999999
259.8030271736732,1024,iGPU,86.79918936284363,2812.7889609999997,5.332785433951368,3941.447531,132.8522017517532,Qwen2.5,194.39052800000002,0.0,measured,qwen25_7b,16,4.059422299588643,FP16,iGPU,46.053012388909565,893.0955975463864,2,gpu_full,Whole iGPU,7.0,qwen25_7b_fp16,186.7818645,188.26474005,1128.65857
205.28812655271398,1024,NPU,56.15374305139519,3094.5079060000003,4.847297358948806,4988.111184,106.06955219372988,Qwen2.5,211.8971,0.0,measured,qwen25_7b,16,3.207626977386156,FP16,NPU,49.91580914233469,532.3184701415584,2,npu_full,Whole NPU,7.0,qwen25_7b_fp16,205.7106695,206.5551994,1893.603278
217.576425422964,1024,iGPU,86.79918936284363,2812.7889609999997,5.332785433951368,4706.392239,136.71499850517833,Qwen2.5,194.39052800000002,0.0,overhead_free_oracle,qwen25_7b,16,3.3996316472338126,FP16,NPU,49.91580914233469,532.3184701415584,2,npu_gpu_oracle,NPU prefill + iGPU decode · oracle,7.0,qwen25_7b_fp16,186.7818645,188.26474005,1893.603278
242.47208956107463,1024,NPU,56.15374305139519,3094.5079060000003,4.847297358948806,4223.166476,102.20675544030476,Qwen2.5,211.8971,0.0,overhead_free_oracle,qwen25_7b,16,3.788626399391791,FP16,iGPU,46.053012388909565,893.0955975463864,2,gpu_npu_oracle,iGPU prefill + NPU decode · oracle,7.0,qwen25_7b_fp16,205.7106695,206.5551994,1128.65857
405.4189271720613,2048,iGPU,86.48324022823554,2784.91777,5.386155441135341,5051.564845,184.35023200238004,Qwen2.5,203.27832,0.0,measured,qwen25_7b,16,3.1673353685317287,FP16,iGPU,97.86699177414451,896.4783368403306,0,gpu_full,Whole iGPU,7.0,qwen25_7b_fp16,184.0927,185.77264455,2266.647075
292.54291416283405,2048,NPU,53.84730558142344,3211.020241,4.67141247148557,7000.682296,157.51794815752865,Qwen2.5,294.49066899999997,0.0,measured,qwen25_7b,16,2.285491516897141,FP16,NPU,103.67064257610521,536.1955684990492,0,npu_full,Whole NPU,7.0,qwen25_7b_fp16,208.02285700000002,209.51920255000002,3789.662055
311.5027963022717,2048,iGPU,86.48324022823554,2784.91777,5.386155441135341,6574.579825,190.15388280434075,Qwen2.5,203.27832,0.0,overhead_free_oracle,qwen25_7b,16,2.4336155961114976,FP16,NPU,103.67064257610521,536.1955684990492,0,npu_gpu_oracle,NPU prefill + iGPU decode · oracle,7.0,qwen25_7b_fp16,184.0927,185.77264455,3789.662055
373.881778840035,2048,NPU,53.84730558142344,3211.020241,4.67141247148557,5477.667316,151.71429735556796,Qwen2.5,294.49066899999997,0.0,overhead_free_oracle,qwen25_7b,16,2.9209513971877734,FP16,iGPU,97.86699177414451,896.4783368403306,0,gpu_npu_oracle,iGPU prefill + NPU decode · oracle,7.0,qwen25_7b_fp16,208.02285700000002,209.51920255000002,2266.647075
395.4165408286831,2048,iGPU,89.43702445788347,2805.3444459999996,5.346936994274535,5179.3483289999995,188.21767808498163,Qwen2.5,199.299217,0.0,measured,qwen25_7b,16,3.0891917252240866,FP16,iGPU,98.78065362709816,855.937942878251,1,gpu_full,Whole iGPU,7.0,qwen25_7b_fp16,186.034416,186.86304305000002,2374.003883
294.41761434710696,2048,NPU,60.24172790460636,3171.7900609999997,4.7291906814509685,6956.105546,167.79667885822093,Qwen2.5,262.7809,0.0,measured,qwen25_7b,16,2.300137612086773,FP16,NPU,107.55495095361458,536.9531182202691,1,npu_full,Whole NPU,7.0,qwen25_7b_fp16,207.78067700000003,208.00556804999997,3784.315485
310.7899377880658,2048,iGPU,89.43702445788347,2805.3444459999996,5.346936994274535,6589.659931,196.99197541149806,Qwen2.5,199.299217,0.0,overhead_free_oracle,qwen25_7b,16,2.428046388969264,FP16,NPU,107.55495095361458,536.9531182202691,1,npu_gpu_oracle,NPU prefill + iGPU decode · oracle,7.0,qwen25_7b_fp16,186.034416,186.86304305000002,3784.315485
369.288873816838,2048,NPU,60.24172790460636,3171.7900609999997,4.7291906814509685,5545.793943999999,159.02238153170453,Qwen2.5,262.7809,0.0,overhead_free_oracle,qwen25_7b,16,2.885069326694047,FP16,iGPU,98.78065362709816,855.937942878251,1,gpu_npu_oracle,iGPU prefill + NPU decode · oracle,7.0,qwen25_7b_fp16,207.78067700000003,208.00556804999997,2374.003883
399.4671220941392,2048,iGPU,86.60482368795958,2798.967763,5.359118528725976,5126.829936,187.82896060698425,Qwen2.5,195.772669,0.0,measured,qwen25_7b,16,3.1208368913604625,FP16,iGPU,101.22413691902466,872.9039131132442,2,gpu_full,Whole iGPU,7.0,qwen25_7b_fp16,185.658828,187.4788681,2327.862173
294.7735485571657,2048,NPU,56.2966653795337,3172.544802,4.728065618031263,6947.706163,157.31430246873828,Qwen2.5,256.819503,0.0,measured,qwen25_7b,16,2.3029183481028572,FP16,NPU,101.01763708920457,538.2551381755361,2,npu_full,Whole NPU,7.0,qwen25_7b_fp16,208.0495165,209.2143584,3775.161361
311.52415192506953,2048,iGPU,86.60482368795958,2798.967763,5.359118528725976,6574.129124,187.62246077716415,Qwen2.5,195.772669,0.0,overhead_free_oracle,qwen25_7b,16,2.4337824369146057,FP16,NPU,101.01763708920457,538.2551381755361,2,npu_gpu_oracle,NPU prefill + iGPU decode · oracle,7.0,qwen25_7b_fp16,185.658828,187.4788681,3775.161361
372.3360851857694,2048,NPU,56.2966653795337,3172.544802,4.728065618031263,5500.406975,157.52080229855835,Qwen2.5,256.819503,0.0,overhead_free_oracle,qwen25_7b,16,2.9088756655138233,FP16,iGPU,101.22413691902466,872.9039131132442,2,gpu_npu_oracle,iGPU prefill + NPU decode · oracle,7.0,qwen25_7b_fp16,208.0495165,209.2143584,2327.862173
498.109405927577,4096,iGPU,89.74144941661508,2854.4138379999995,5.255019366956979,8223.093062,314.7346536207989,Qwen2.5,212.843064,0.0,measured,qwen25_7b,16,1.9457398669045975,FP16,iGPU,224.99320420418383,759.963452791308,0,gpu_full,Whole iGPU,7.0,qwen25_7b_fp16,188.47727250000003,189.7162846,5368.679224
351.7051022920916,4096,NPU,66.18040987175256,3330.77203,4.503460418454397,11646.120495,297.0032745093148,Qwen2.5,330.0977,0.0,measured,qwen25_7b,16,1.373848055828483,FP16,NPU,230.82286463756225,490.6589323553983,0,npu_full,Whole NPU,7.0,qwen25_7b_fp16,214.2533025,215.05255904999999,8315.348465
366.70431195298465,4096,iGPU,89.74144941661508,2854.4138379999995,5.255019366956979,11169.762303,320.5643140541773,Qwen2.5,212.843064,0.0,overhead_free_oracle,qwen25_7b,16,1.4324387185663463,FP16,NPU,230.82286463756225,490.6589323553983,0,npu_gpu_oracle,NPU prefill + iGPU decode · oracle,7.0,qwen25_7b_fp16,188.47727250000003,189.7162846,8315.348465
470.83429522254784,4096,NPU,66.18040987175256,3330.77203,4.503460418454397,8699.451254,291.17361407593637,Qwen2.5,330.0977,0.0,overhead_free_oracle,qwen25_7b,16,1.8391964657130775,FP16,iGPU,224.99320420418383,759.963452791308,0,gpu_npu_oracle,iGPU prefill + NPU decode · oracle,7.0,qwen25_7b_fp16,214.2533025,215.05255904999999,5368.679224
488.51211749912517,4096,iGPU,88.51693521645075,2855.7088029999995,5.252636397745488,8384.643601,320.48796452606746,Qwen2.5,205.657362,0.0,measured,qwen25_7b,16,1.9082504589809577,FP16,iGPU,231.97102930961674,737.9359947373357,1,gpu_full,Whole iGPU,7.0,qwen25_7b_fp16,189.1270735,190.72192264999998,5528.934798
352.03427535792554,4096,NPU,57.76148911217185,3308.1790519999995,4.5342164871431505,11635.230677,289.9240176680551,Qwen2.5,302.21524999999997,0.0,measured,qwen25_7b,16,1.3751338881168966,FP16,NPU,232.16252855588326,489.9693413393484,1,npu_full,Whole NPU,7.0,qwen25_7b_fp16,214.416135,215.8251669,8327.051625
366.278078330661,4096,iGPU,88.51693521645075,2855.7088029999995,5.252636397745488,11182.760428,320.679463772334,Qwen2.5,205.657362,0.0,overhead_free_oracle,qwen25_7b,16,1.4307737434791445,FP16,NPU,232.16252855588326,489.9693413393484,1,npu_gpu_oracle,NPU prefill + iGPU decode · oracle,7.0,qwen25_7b_fp16,189.1270735,190.72192264999998,8327.051625
463.49974318821296,4096,NPU,57.76148911217185,3308.1790519999995,4.5342164871431505,8837.11385,289.7325184217886,Qwen2.5,302.21524999999997,0.0,overhead_free_oracle,qwen25_7b,16,1.8105458718289569,FP16,iGPU,231.97102930961674,737.9359947373357,1,gpu_npu_oracle,iGPU prefill + NPU decode · oracle,7.0,qwen25_7b_fp16,214.416135,215.8251669,5528.934798
488.3812285040316,4096,iGPU,89.51436478792222,2854.9520820000007,5.254028638369279,8386.890734,322.0551037138587,Qwen2.5,209.129247,0.0,measured,qwen25_7b,16,1.9077391738438734,FP16,iGPU,232.54073892593652,737.5352939832277,2,gpu_full,Whole iGPU,7.0,qwen25_7b_fp16,188.324204,191.93740460000004,5531.938652
350.97393651755306,4096,NPU,59.09135056654719,3336.429324999999,4.495824289639343,11670.382253,298.0857282312882,Qwen2.5,334.79060300000003,0.0,measured,qwen25_7b,16,1.3709919395216916,FP16,NPU,238.99437766474102,489.5636002805126,2,npu_full,Whole NPU,7.0,qwen25_7b_fp16,214.40785449999998,215.12930295,8333.952928
366.0769303465558,4096,iGPU,89.51436478792222,2854.9520820000007,5.254028638369279,11188.905010000002,328.5087424526632,Qwen2.5,209.129247,0.0,overhead_free_oracle,qwen25_7b,16,1.4299880091662336,FP16,NPU,238.99437766474102,489.5636002805126,2,npu_gpu_oracle,NPU prefill + iGPU decode · oracle,7.0,qwen25_7b_fp16,188.324204,191.93740460000004,8333.952928
461.8662656559724,4096,NPU,59.09135056654719,3336.429324999999,4.495824289639343,8868.367976999998,291.6320894924837,Qwen2.5,334.79060300000003,0.0,overhead_free_oracle,qwen25_7b,16,1.8041651002186423,FP16,iGPU,232.54073892593652,737.5352939832277,2,gpu_npu_oracle,iGPU prefill + NPU decode · oracle,7.0,qwen25_7b_fp16,214.40785449999998,215.12930295,5531.938652
500.2052243362155,8192,iGPU,92.47450650637403,3028.487874000002,4.952966834959828,16377.277968000002,606.3300549757737,Qwen2.5,263.741757,0.0,measured,qwen25_7b,16,0.9769633287816709,FP16,iGPU,513.8555484693997,612.4899666880626,0,gpu_full,Whole iGPU,7.0,qwen25_7b_fp16,196.93333750000002,200.4805697,13348.790094
362.7303902253494,8192,NPU,65.29253293847724,3574.4149639999996,4.196490936579461,22584.26705,593.999688863384,Qwen2.5,429.05281099999996,0.0,measured,qwen25_7b,16,0.7084577934088856,FP16,NPU,528.7071559249067,430.09277310586225,0,npu_full,Whole NPU,7.0,qwen25_7b_fp16,224.458395,226.4199107,19009.852086
371.715837711399,8192,iGPU,92.47450650637403,3028.487874000002,4.952966834959828,22038.33996,621.1816624312808,Qwen2.5,263.741757,0.0,overhead_free_oracle,qwen25_7b,16,0.7260074955300762,FP16,NPU,528.7071559249067,430.09277310586225,0,npu_gpu_oracle,NPU prefill + iGPU decode · oracle,7.0,qwen25_7b_fp16,196.93333750000002,200.4805697,19009.852086
484.0690620910161,8192,NPU,65.29253293847724,3574.4149639999996,4.196490936579461,16923.205058,579.1480814078769,Qwen2.5,429.05281099999996,0.0,overhead_free_oracle,qwen25_7b,16,0.9454473868965159,FP16,iGPU,513.8555484693997,612.4899666880626,0,gpu_npu_oracle,iGPU prefill + NPU decode · oracle,7.0,qwen25_7b_fp16,224.458395,226.4199107,13348.790094
455.5582859604053,8192,iGPU,90.73110662146432,3003.313819000001,4.994483062377571,17982.331246,654.0435670011412,Qwen2.5,234.580089,0.0,measured,qwen25_7b,16,0.8897622772664167,FP16,iGPU,563.312460379677,545.8301947938577,1,gpu_full,Whole iGPU,7.0,qwen25_7b_fp16,197.15962650000003,200.97298634999999,14979.017427
362.49185878054215,8192,NPU,63.42603255009427,3547.5005020000026,4.228329211382308,22599.128233000003,602.1242808096741,Qwen2.5,402.618993,0.0,measured,qwen25_7b,16,0.7079919116807464,FP16,NPU,538.6982482595798,429.14968292690077,1,npu_full,Whole NPU,7.0,qwen25_7b_fp16,224.522828,225.88628919999996,19051.627731
371.4360331188454,8192,iGPU,90.73110662146432,3003.313819000001,4.994483062377571,22054.941550000003,629.4293548810441,Qwen2.5,234.580089,0.0,overhead_free_oracle,qwen25_7b,16,0.7254610021852449,FP16,NPU,538.6982482595798,429.14968292690077,1,npu_gpu_oracle,NPU prefill + iGPU decode · oracle,7.0,qwen25_7b_fp16,197.15962650000003,200.97298634999999,19051.627731
442.1769936150207,8192,NPU,63.42603255009427,3547.5005020000026,4.228329211382308,18526.517929,626.7384929297713,Qwen2.5,402.618993,0.0,overhead_free_oracle,qwen25_7b,16,0.8636269406543373,FP16,iGPU,563.312460379677,545.8301947938577,1,gpu_npu_oracle,iGPU prefill + NPU decode · oracle,7.0,qwen25_7b_fp16,224.522828,225.88628919999996,14979.017427
495.6334444277145,8192,iGPU,90.01509427550441,2994.1263579999995,5.00980860741616,16528.343864,616.5810162520157,Qwen2.5,235.474582,0.0,measured,qwen25_7b,16,0.9680340711478799,FP16,iGPU,526.5659219765113,604.0984634963498,2,gpu_full,Whole iGPU,7.0,qwen25_7b_fp16,196.69397750000002,198.88595655000003,13534.217505999999
361.9344464126539,8192,NPU,60.64782667426079,3550.8778619999975,4.22430750449732,22633.932971,584.6845865681095,Qwen2.5,401.962881,0.0,measured,qwen25_7b,16,0.7069032156497147,FP16,NPU,524.0367598938486,428.442927681114,2,npu_full,Whole NPU,7.0,qwen25_7b_fp16,225.0096385,225.54362394999998,19083.055109
371.0618591528561,8192,iGPU,90.01509427550441,2994.1263579999995,5.00980860741616,22077.181467000002,614.0518541693531,Qwen2.5,235.474582,0.0,overhead_free_oracle,qwen25_7b,16,0.724730193657922,FP16,NPU,524.0367598938486,428.442927681114,2,npu_gpu_oracle,NPU prefill + iGPU decode · oracle,7.0,qwen25_7b_fp16,196.69397750000002,198.88595655000003,19083.055109
479.4822518429388,8192,NPU,60.64782667426079,3550.8778619999975,4.22430750449732,17085.095367999995,587.2137486507721,Qwen2.5,401.962881,0.0,overhead_free_oracle,qwen25_7b,16,0.9364887731307399,FP16,iGPU,526.5659219765113,604.0984634963498,2,gpu_npu_oracle,iGPU prefill + NPU decode · oracle,7.0,qwen25_7b_fp16,225.0096385,225.54362394999998,13534.217505999999
1171.2164163915008,1024,iGPU,19.587807629552028,577.7984490000001,25.96060966581099,874.3046850000001,28.611885485606145,Llama 3.2,56.5368,0.0,measured,llama32_1b,16,18.3002565061172,FP16,iGPU,9.024077856054117,3399.591231531468,0,gpu_full,Whole iGPU,1.0,llama32_1b_fp16,36.798647,39.3622204,296.506236
1015.1526804501798,1024,NPU,15.195494011287728,637.360181,23.534573459649497,1008.71526,22.366153392982568,Llama 3.2,106.01581,0.0,measured,llama32_1b,16,15.86176063203406,FP16,NPU,7.17065938169484,2714.383233196603,0,npu_full,Whole NPU,1.0,llama32_1b_fp16,37.7162305,38.885700449999995,371.355079
1078.8560225422245,1024,iGPU,19.587807629552028,577.7984490000001,25.96060966581099,949.153528,26.758467011246868,Llama 3.2,56.5368,0.0,overhead_free_oracle,llama32_1b,16,16.85712535222226,FP16,NPU,7.17065938169484,2714.383233196603,0,npu_gpu_oracle,NPU prefill + iGPU decode · oracle,1.0,llama32_1b_fp16,36.798647,39.3622204,371.355079
1096.5165695641458,1024,NPU,15.195494011287728,637.360181,23.534573459649497,933.866417,24.219571867341845,Llama 3.2,106.01581,0.0,overhead_free_oracle,llama32_1b,16,17.13307139943978,FP16,iGPU,9.024077856054117,3399.591231531468,0,gpu_npu_oracle,iGPU prefill + NPU decode · oracle,1.0,llama32_1b_fp16,37.7162305,38.885700449999995,296.506236
1110.9608818598306,1024,iGPU,18.74941740401262,594.2753970000001,25.240822816698234,921.7246230000001,28.473249027060497,Llama 3.2,49.454652,0.0,measured,llama32_1b,16,17.358763779059853,FP16,iGPU,9.723831623047879,3078.3398461903835,1,gpu_full,Whole iGPU,1.0,llama32_1b_fp16,38.197929,42.97029485,327.449226
1079.6726075855745,1024,NPU,13.600021070392465,573.683668,26.146813717555577,948.435658,20.445741971457352,Llama 3.2,41.738971,0.0,measured,llama32_1b,16,16.8698844935246,FP16,NPU,6.845720901064885,2689.7789121813603,1,npu_full,Whole NPU,1.0,llama32_1b_fp16,37.889624,38.696261199999995,374.75199
1056.7296794058514,1024,iGPU,18.74941740401262,594.2753970000001,25.240822816698234,969.0273870000001,25.595138305077505,Llama 3.2,49.454652,0.0,overhead_free_oracle,llama32_1b,16,16.511401240716427,FP16,NPU,6.845720901064885,2689.7789121813603,1,npu_gpu_oracle,NPU prefill + iGPU decode · oracle,1.0,llama32_1b_fp16,38.197929,42.97029485,374.75199
1136.3473765280173,1024,NPU,13.600021070392465,573.683668,26.146813717555577,901.1328940000001,23.323852693440344,Llama 3.2,41.738971,0.0,overhead_free_oracle,llama32_1b,16,17.75542775825027,FP16,iGPU,9.723831623047879,3078.3398461903835,1,gpu_npu_oracle,iGPU prefill + NPU decode · oracle,1.0,llama32_1b_fp16,37.889624,38.696261199999995,327.449226
1117.1855798031909,1024,iGPU,19.09353604290219,590.698593,25.393661298258756,916.588988,29.12276589767562,Llama 3.2,50.954615000000004,0.0,measured,llama32_1b,16,17.456024684424857,FP16,iGPU,10.029229854773428,3093.0644642042917,2,gpu_full,Whole iGPU,1.0,llama32_1b_fp16,38.1771325,40.4363914,325.890395
1077.6967072361065,1024,NPU,13.75570453476419,577.89194,25.956409774464063,950.174565,20.752796211965624,Llama 3.2,44.62128,0.0,measured,llama32_1b,16,16.839011050564164,FP16,NPU,6.9970916772014355,2707.6203193742926,2,npu_full,Whole NPU,1.0,llama32_1b_fp16,37.986103,38.633267800000006,372.282625
1063.3644570210092,1024,iGPU,19.09353604290219,590.698593,25.393661298258756,962.9812179999999,26.090627720103626,Llama 3.2,50.954615000000004,0.0,overhead_free_oracle,llama32_1b,16,16.61506964095327,FP16,NPU,6.9970916772014355,2707.6203193742926,2,npu_gpu_oracle,NPU prefill + iGPU decode · oracle,1.0,llama32_1b_fp16,38.1771325,40.4363914,372.282625
1133.0161703149465,1024,NPU,13.75570453476419,577.89194,25.956409774464063,903.782335,23.784934389537618,Llama 3.2,44.62128,0.0,overhead_free_oracle,llama32_1b,16,17.70337766117104,FP16,iGPU,10.029229854773428,3093.0644642042917,2,gpu_npu_oracle,iGPU prefill + NPU decode · oracle,1.0,llama32_1b_fp16,37.986103,38.633267800000006,325.890395
1632.0752488184387,2048,iGPU,19.20547268773855,612.1803959999997,24.502581425361424,1254.8441019999998,39.010278270589,Llama 3.2,58.568968999999996,0.0,measured,llama32_1b,16,12.750587881394052,FP16,iGPU,19.80480558285045,3161.8402922538776,0,gpu_full,Whole iGPU,1.0,llama32_1b_fp16,39.0188285,42.345227900000005,642.663706
1486.276244771885,2048,NPU,16.197605849273653,673.800601,22.261778896810455,1377.940344,32.03934017478309,Llama 3.2,112.266072,0.0,measured,llama32_1b,16,11.611533162280352,FP16,NPU,15.841734325509437,2885.79081098679,0,npu_full,Whole NPU,1.0,llama32_1b_fp16,39.8036975,41.9399647,704.1397430000001
1555.8525159053274,2048,iGPU,19.20547268773855,612.1803959999997,24.502581425361424,1316.320139,35.047207013247984,Llama 3.2,58.568968999999996,0.0,overhead_free_oracle,llama32_1b,16,12.15509778051037,FP16,NPU,15.841734325509437,2885.79081098679,0,npu_gpu_oracle,NPU prefill + iGPU decode · oracle,1.0,llama32_1b_fp16,39.0188285,42.345227900000005,704.1397430000001
1555.6821321400246,2048,NPU,16.197605849273653,673.800601,22.261778896810455,1316.4643070000002,36.002411432124106,Llama 3.2,112.266072,0.0,overhead_free_oracle,llama32_1b,16,12.153766657343942,FP16,iGPU,19.80480558285045,3161.8402922538776,0,gpu_npu_oracle,iGPU prefill + NPU decode · oracle,1.0,llama32_1b_fp16,39.8036975,41.9399647,642.663706
1602.153789107206,2048,iGPU,18.42189832826378,589.6154780000002,25.44030908225242,1278.279285,38.90379185876414,Llama 3.2,50.331739999999996,0.0,measured,llama32_1b,16,12.516826477400047,FP16,iGPU,20.481893530500358,2950.6414876831186,1,gpu_full,Whole iGPU,1.0,llama32_1b_fp16,38.2823585,39.660728899999995,688.6638069999999
1531.1883031532643,2048,NPU,15.340560637135509,634.451138,23.642482614634385,1337.523279,31.684558524914166,Llama 3.2,73.958895,0.0,measured,llama32_1b,16,11.962408618384877,FP16,NPU,16.343997887778656,2890.172830784942,1,npu_full,Whole NPU,1.0,llama32_1b_fp16,39.908081499999994,40.625068549999995,703.072141
1584.2961361262944,2048,iGPU,18.42189832826378,589.6154780000002,25.44030908225242,1292.6876190000003,34.765896216042435,Llama 3.2,50.331739999999996,0.0,overhead_free_oracle,llama32_1b,16,12.377313563486675,FP16,NPU,16.343997887778656,2890.172830784942,1,npu_gpu_oracle,NPU prefill + iGPU decode · oracle,1.0,llama32_1b_fp16,38.2823585,39.660728899999995,703.072141
1547.862495045735,2048,NPU,15.340560637135509,634.451138,23.642482614634385,1323.1149449999998,35.82245416763587,Llama 3.2,73.958895,0.0,overhead_free_oracle,llama32_1b,16,12.092675742544804,FP16,iGPU,20.481893530500358,2950.6414876831186,1,gpu_npu_oracle,iGPU prefill + NPU decode · oracle,1.0,llama32_1b_fp16,39.908081499999994,40.625068549999995,688.6638069999999
1592.1749452598515,2048,iGPU,18.128341080138657,610.622524,24.565094490356536,1286.29081,38.585668497131536,Llama 3.2,52.48689,0.0,measured,llama32_1b,16,12.43886675984259,FP16,iGPU,20.457327416992882,3007.3928910139794,2,gpu_full,Whole iGPU,1.0,llama32_1b_fp16,39.506534499999994,42.16395955,675.668286
1534.1581028220958,2048,NPU,15.060047684053295,633.3075709999998,23.685173976863762,1334.934122,30.739723842853138,Llama 3.2,74.54955100000001,0.0,measured,llama32_1b,16,11.985610178297623,FP16,NPU,15.679676158799845,2896.1275725724354,2,npu_full,Whole NPU,1.0,llama32_1b_fp16,39.836130999999995,40.53517215000001,701.6265510000001
1560.679324540579,2048,iGPU,18.128341080138657,610.622524,24.565094490356536,1312.2490750000002,33.808017238938504,Llama 3.2,52.48689,0.0,overhead_free_oracle,llama32_1b,16,12.192807222973274,FP16,NPU,15.679676158799845,2896.1275725724354,2,npu_gpu_oracle,NPU prefill + iGPU decode · oracle,1.0,llama32_1b_fp16,39.506534499999994,42.16395955,701.6265510000001
1564.5819508800919,2048,NPU,15.060047684053295,633.3075709999998,23.685173976863762,1308.975857,35.51737510104618,Llama 3.2,74.54955100000001,0.0,overhead_free_oracle,llama32_1b,16,12.223296491250718,FP16,iGPU,20.457327416992882,3007.3928910139794,2,gpu_npu_oracle,iGPU prefill + NPU decode · oracle,1.0,llama32_1b_fp16,39.836130999999995,40.53517215000001,675.668286
1791.4238235718765,4096,iGPU,20.888906418310242,645.6747260000002,23.23151177517207,2286.449441,72.45499675437996,Llama 3.2,66.839538,0.0,measured,llama32_1b,16,6.9977493108276425,FP16,iGPU,51.56609033606972,2486.630225771123,0,gpu_full,Whole iGPU,1.0,llama32_1b_fp16,40.7728395,43.9999003,1640.774715
1707.4346451585393,4096,NPU,16.893102668326115,751.5828810000003,19.95787873726198,2398.920516,56.59087281560286,Llama 3.2,147.99530199999998,0.0,measured,llama32_1b,16,6.669666582650544,FP16,NPU,39.69777014727674,2476.723601352069,0,npu_full,Whole NPU,1.0,llama32_1b_fp16,42.9531705,44.112806049999996,1647.3376349999999
1786.2965196636371,4096,iGPU,20.888906418310242,645.6747260000002,23.23151177517207,2293.012361,60.586676565586984,Llama 3.2,66.839538,0.0,overhead_free_oracle,llama32_1b,16,6.9777207799360825,FP16,NPU,39.69777014727674,2476.723601352069,0,npu_gpu_oracle,NPU prefill + iGPU decode · oracle,1.0,llama32_1b_fp16,40.7728395,43.9999003,1647.3376349999999
1712.1186259313718,4096,NPU,16.893102668326115,751.5828810000003,19.95787873726198,2392.3575960000003,68.45919300439584,Llama 3.2,147.99530199999998,0.0,overhead_free_oracle,llama32_1b,16,6.687963382544421,FP16,iGPU,51.56609033606972,2486.630225771123,0,gpu_npu_oracle,iGPU prefill + NPU decode · oracle,1.0,llama32_1b_fp16,42.9531705,44.112806049999996,1640.774715
1748.226123800929,4096,iGPU,20.1610555627554,628.8489890000003,23.853103467420855,2342.9463410000003,73.2088858696925,Llama 3.2,59.793139000000004,0.0,measured,llama32_1b,16,6.829008296097379,FP16,iGPU,53.0478303069371,2380.2615383773136,1,gpu_full,Whole iGPU,1.0,llama32_1b_fp16,39.968568,43.72544909999999,1714.097352
1737.63952059632,4096,NPU,16.55423022145115,713.1953620000002,21.032105365822613,2357.220788,56.32058538076437,Llama 3.2,111.688816,0.0,measured,llama32_1b,16,6.787654377329375,FP16,NPU,39.76635515931322,2481.713442794406,1,npu_full,Whole NPU,1.0,llama32_1b_fp16,42.806997,43.764470949999996,1644.025426
1802.1233258503635,4096,iGPU,20.1610555627554,628.8489890000003,23.853103467420855,2272.874415,59.92741072206862,Llama 3.2,59.793139000000004,0.0,overhead_free_oracle,llama32_1b,16,7.039544241602982,FP16,NPU,39.76635515931322,2481.713442794406,1,npu_gpu_oracle,NPU prefill + iGPU decode · oracle,1.0,llama32_1b_fp16,39.968568,43.72544909999999,1644.025426
1687.4767416287807,4096,NPU,16.55423022145115,713.1953620000002,21.032105365822613,2427.292714,69.60206052838825,Llama 3.2,111.688816,0.0,overhead_free_oracle,llama32_1b,16,6.591706021987425,FP16,iGPU,53.0478303069371,2380.2615383773136,1,gpu_npu_oracle,iGPU prefill + NPU decode · oracle,1.0,llama32_1b_fp16,42.806997,43.764470949999996,1714.097352
1751.1104518795883,4096,iGPU,19.668259780143995,629.9125320000005,23.812829937474554,2339.0871750000006,71.61356315581945,Llama 3.2,60.345018,0.0,measured,llama32_1b,16,6.840275202654642,FP16,iGPU,51.94530337567546,2387.117089941522,2,gpu_full,Whole iGPU,1.0,llama32_1b_fp16,39.9686285,43.48767765,1709.174643
1726.1204199499105,4096,NPU,16.28423451100231,720.9569350000002,20.805680993969492,2372.951477,56.03210452678017,Llama 3.2,116.282667,0.0,measured,llama32_1b,16,6.742657890429338,FP16,NPU,39.747870015777856,2469.741815890334,2,npu_full,Whole NPU,1.0,llama32_1b_fp16,43.050256000000005,44.141504,1651.994542
1794.9898340163518,4096,iGPU,19.668259780143995,629.9125320000005,23.812829937474554,2281.9070740000006,59.41612979592185,Llama 3.2,60.345018,0.0,overhead_free_oracle,llama32_1b,16,7.011679039126374,FP16,NPU,39.747870015777856,2469.741815890334,2,npu_gpu_oracle,NPU prefill + iGPU decode · oracle,1.0,llama32_1b_fp16,39.9686285,43.48767765,1651.994542
1685.5054422077878,4096,NPU,16.28423451100231,720.9569350000002,20.805680993969492,2430.1315780000004,68.22953788667778,Llama 3.2,116.282667,0.0,overhead_free_oracle,llama32_1b,16,6.584005633624171,FP16,iGPU,51.94530337567546,2387.117089941522,2,gpu_npu_oracle,iGPU prefill + NPU decode · oracle,1.0,llama32_1b_fp16,43.050256000000005,44.141504,1709.174643
1636.1312634918727,8192,iGPU,22.303028972212015,711.0699010000008,21.094972489912774,5006.933235,153.06892909409794,Llama 3.2,77.134974,0.0,measured,llama32_1b,16,3.195568874007564,FP16,iGPU,130.76590012188592,1903.2262817325463,0,gpu_full,Whole iGPU,1.0,llama32_1b_fp16,44.69086599999999,47.949569,4295.863334
1376.0189132402104,8192,NPU,18.650945654712423,840.2424540000002,17.851990135218756,5953.406542000001,124.69915985880303,Llama 3.2,171.382012,0.0,measured,llama32_1b,16,2.687536939922286,FP16,NPU,106.04821420409061,1599.009900579588,0,npu_full,Whole NPU,1.0,llama32_1b_fp16,47.068021,50.8961629,5113.164088
1406.5368966068163,8192,iGPU,22.303028972212015,711.0699010000008,21.094972489912774,5824.233989000001,128.35124317630263,Llama 3.2,77.134974,0.0,overhead_free_oracle,llama32_1b,16,2.747142376185188,FP16,NPU,106.04821420409061,1599.009900579588,0,npu_gpu_oracle,NPU prefill + iGPU decode · oracle,1.0,llama32_1b_fp16,44.69086599999999,47.949569,5113.164088
1594.9827239033496,8192,NPU,18.650945654712423,840.2424540000002,17.851990135218756,5136.105788,149.41684577659834,Llama 3.2,171.382012,0.0,overhead_free_oracle,llama32_1b,16,3.1152006326237296,FP16,iGPU,130.76590012188592,1903.2262817325463,0,gpu_npu_oracle,iGPU prefill + NPU decode · oracle,1.0,llama32_1b_fp16,47.068021,50.8961629,4295.863334
1580.8902175759986,8192,iGPU,22.09701103903003,706.3308199999992,21.236507844865102,5181.8904999999995,156.69767674481108,Llama 3.2,75.730897,0.0,measured,llama32_1b,16,3.087676206203122,FP16,iGPU,134.60066570578104,1826.810630307582,1,gpu_full,Whole iGPU,1.0,llama32_1b_fp16,44.182173000000006,48.84928345,4475.55968
1371.831326560963,8192,NPU,18.056226767600588,818.1215230000007,18.334684491609448,5971.579626000001,118.76655926015694,Llama 3.2,148.410085,0.0,measured,llama32_1b,16,2.6793580596893807,FP16,NPU,100.71033249255635,1586.5075133220696,1,npu_full,Whole NPU,1.0,llama32_1b_fp16,47.27179,50.53907135000001,5153.458103
1398.002574435052,8192,iGPU,22.09701103903003,706.3308199999992,21.236507844865102,5859.788922999999,122.80734353158638,Llama 3.2,75.730897,0.0,overhead_free_oracle,llama32_1b,16,2.730473778193461,FP16,NPU,100.71033249255635,1586.5075133220696,1,npu_gpu_oracle,NPU prefill + iGPU decode · oracle,1.0,llama32_1b_fp16,44.182173000000006,48.84928345,5153.458103
1547.5053532421791,8192,NPU,18.056226767600588,818.1215230000007,18.334684491609448,5293.681203000001,152.65689247338162,Llama 3.2,148.410085,0.0,overhead_free_oracle,llama32_1b,16,3.022471393051131,FP16,iGPU,134.60066570578104,1826.810630307582,1,gpu_npu_oracle,iGPU prefill + NPU decode · oracle,1.0,llama32_1b_fp16,47.27179,50.53907135000001,4475.55968
1578.3140308760924,8192,iGPU,22.97472825309377,698.2566889999998,21.482071330361432,5190.3485869999995,160.02045691479918,Llama 3.2,74.175101,0.0,measured,llama32_1b,16,3.082644591554868,FP16,iGPU,137.04572866170543,1820.0874304553242,2,gpu_full,Whole iGPU,1.0,llama32_1b_fp16,43.937931999999996,47.9535477,4492.091898
1379.3847036777745,8192,NPU,16.783051010569473,815.0414929999997,18.403970998811467,5938.879833999999,126.40749674575414,Llama 3.2,152.325229,0.0,measured,llama32_1b,16,2.6941107493706533,FP16,NPU,109.62444573518468,1595.6787579688396,2,npu_full,Whole NPU,1.0,llama32_1b_fp16,47.188070499999995,47.919905050000004,5123.838341
1407.053639246421,8192,iGPU,22.97472825309377,698.2566889999998,21.482071330361432,5822.0950299999995,132.59917398827844,Llama 3.2,74.175101,0.0,overhead_free_oracle,llama32_1b,16,2.748151639153166,FP16,NPU,109.62444573518468,1595.6787579688396,2,npu_gpu_oracle,NPU prefill + iGPU decode · oracle,1.0,llama32_1b_fp16,43.937931999999996,47.9535477,5123.838341
1543.582833981947,8192,NPU,16.783051010569473,815.0414929999997,18.403970998811467,5307.133390999999,153.8287796722749,Llama 3.2,152.325229,0.0,overhead_free_oracle,llama32_1b,16,3.0148102226209903,FP16,iGPU,137.04572866170543,1820.0874304553242,2,gpu_npu_oracle,iGPU prefill + NPU decode · oracle,1.0,llama32_1b_fp16,47.188070499999995,47.919905050000004,4492.091898
536.0696183352625,1024,iGPU,43.2158306305956,1332.483472,11.257175278493813,1910.199655,65.31244432195557,Llama 3.2,106.855062,0.0,measured,llama32_3b,16,8.376087786488476,FP16,iGPU,22.096613691359966,1744.8013915164981,0,gpu_full,Whole iGPU,3.0,llama32_3b_fp16,87.0015235,89.6039883,577.716183
437.7202469945753,1024,NPU,31.372989713846955,1570.7552970000002,9.549546023272141,2339.393727,52.55018231241183,Llama 3.2,211.875126,0.0,measured,llama32_3b,16,6.839378859290239,FP16,NPU,21.177192598564872,1311.4098393440984,0,npu_full,Whole NPU,3.0,llama32_3b_fp16,96.9679235,97.5769649,768.63843
487.35868158115085,1024,iGPU,43.2158306305956,1332.483472,11.257175278493813,2101.121902,64.39302322916046,Llama 3.2,106.855062,0.0,overhead_free_oracle,llama32_3b,16,7.614979399705482,FP16,NPU,21.177192598564872,1311.4098393440984,0,npu_gpu_oracle,NPU prefill + iGPU decode · oracle,3.0,llama32_3b_fp16,87.0015235,89.6039883,768.63843
476.6179162871643,1024,NPU,31.372989713846955,1570.7552970000002,9.549546023272141,2148.47148,53.469603405206925,Llama 3.2,211.875126,0.0,overhead_free_oracle,llama32_3b,16,7.447154941986942,FP16,iGPU,22.096613691359966,1744.8013915164981,0,gpu_npu_oracle,iGPU prefill + NPU decode · oracle,3.0,llama32_3b_fp16,96.9679235,97.5769649,577.716183
528.0297347486921,1024,iGPU,42.654333893187946,1321.456306,11.351113110507946,1939.2847270000002,65.59992683783813,Llama 3.2,96.843889,0.0,measured,llama32_3b,16,8.250464605448315,FP16,iGPU,22.945592944650176,1631.5209299832452,1,gpu_full,Whole iGPU,3.0,llama32_3b_fp16,86.9080295,89.6742428,617.828421
458.1851662137208,1024,NPU,31.139532544070104,1470.265507,10.202238934793973,2234.904304,52.7321224661446,Llama 3.2,109.747179,0.0,measured,llama32_3b,16,7.159143222089387,FP16,NPU,21.592589922074502,1318.2694939817445,1,npu_full,Whole NPU,3.0,llama32_3b_fp16,97.14371150000001,97.51050240000001,764.6387970000001
490.8692794146308,1024,iGPU,42.654333893187946,1321.456306,11.351113110507946,2086.095103,64.24692381526245,Llama 3.2,96.843889,0.0,overhead_free_oracle,llama32_3b,16,7.669832490853606,FP16,NPU,21.592589922074502,1318.2694939817445,1,npu_gpu_oracle,NPU prefill + iGPU decode · oracle,3.0,llama32_3b_fp16,86.9080295,89.6742428,764.6387970000001
490.39939548160015,1024,NPU,31.139532544070104,1470.265507,10.202238934793973,2088.0939280000002,54.08512548872028,Llama 3.2,109.747179,0.0,overhead_free_oracle,llama32_3b,16,7.662490554400002,FP16,iGPU,22.945592944650176,1631.5209299832452,1,gpu_npu_oracle,iGPU prefill + NPU decode · oracle,3.0,llama32_3b_fp16,97.14371150000001,97.51050240000001,617.828421
531.7407937505551,1024,iGPU,41.74629337994422,1317.73443,11.383173770453885,1925.750313,64.41574896248571,Llama 3.2,93.447459,0.0,measured,llama32_3b,16,8.308449902352423,FP16,iGPU,22.669455582541488,1657.851428200273,2,gpu_full,Whole iGPU,3.0,llama32_3b_fp16,86.96682750000001,89.9530712,608.015883
459.5119128631688,1024,NPU,30.407758467550686,1468.615218,10.213703232918563,2228.451475,52.23766905103686,Llama 3.2,107.33694200000001,0.0,measured,llama32_3b,16,7.179873638487012,FP16,NPU,21.829910583486175,1326.6016075355562,2,npu_full,Whole NPU,3.0,llama32_3b_fp16,96.990364,98.19586815000001,759.836257
492.8833499661329,1024,iGPU,41.74629337994422,1317.73443,11.383173770453885,2077.570687,63.576203963430395,Llama 3.2,93.447459,0.0,overhead_free_oracle,llama32_3b,16,7.701302343220827,FP16,NPU,21.829910583486175,1326.6016075355562,2,npu_gpu_oracle,NPU prefill + iGPU decode · oracle,3.0,llama32_3b_fp16,86.96682750000001,89.9530712,759.836257
493.10635842201043,1024,NPU,30.407758467550686,1468.615218,10.213703232918563,2076.631101,53.077214050092174,Llama 3.2,107.33694200000001,0.0,overhead_free_oracle,llama32_3b,16,7.704786850343913,FP16,iGPU,22.669455582541488,1657.851428200273,2,gpu_npu_oracle,iGPU prefill + NPU decode · oracle,3.0,llama32_3b_fp16,96.990364,98.19586815000001,608.015883
782.3093029721824,2048,iGPU,41.58713554564436,1339.6483209999994,11.196968461695255,2617.8903819999996,90.98584646674911,Llama 3.2,105.10820899999999,0.0,measured,llama32_3b,16,6.111791429470175,FP16,iGPU,49.39871092110475,1589.6832548369725,0,gpu_full,Whole iGPU,3.0,llama32_3b_fp16,87.8318235,89.73360699999999,1278.2420610000001
641.1715966288639,2048,NPU,31.775118494594956,1619.487758,9.262187951654772,3194.152721,77.98265952652218,Llama 3.2,210.375584,0.0,measured,llama32_3b,16,5.009153098662999,FP16,NPU,46.207541031927235,1290.4332335741442,0,npu_full,Whole NPU,3.0,llama32_3b_fp16,100.5010975,101.3804163,1574.664963
702.738449995687,2048,iGPU,41.58713554564436,1339.6483209999994,11.196968461695255,2914.3132839999994,87.7946765775716,Llama 3.2,105.10820899999999,0.0,overhead_free_oracle,llama32_3b,16,5.490144140591305,FP16,NPU,46.207541031927235,1290.4332335741442,0,npu_gpu_oracle,NPU prefill + iGPU decode · oracle,3.0,llama32_3b_fp16,87.8318235,89.73360699999999,1574.664963
706.7601632738694,2048,NPU,31.775118494594956,1619.487758,9.262187951654772,2897.729819,81.17382941569971,Llama 3.2,210.375584,0.0,overhead_free_oracle,llama32_3b,16,5.521563775577104,FP16,iGPU,49.39871092110475,1589.6832548369725,0,gpu_npu_oracle,iGPU prefill + NPU decode · oracle,3.0,llama32_3b_fp16,100.5010975,101.3804163,1278.2420610000001
765.8736038269113,2048,iGPU,43.259282265588844,1336.2557139999997,11.225396339072269,2674.0704859999996,92.63241409327102,Llama 3.2,100.18574600000001,0.0,measured,llama32_3b,16,5.983387529897745,FP16,iGPU,49.37313182768218,1518.8948743346662,1,gpu_full,Whole iGPU,3.0,llama32_3b_fp16,87.6803185,90.99372635,1337.814772
648.170767163998,2048,NPU,31.308188828216643,1582.8379550000002,9.476649174741327,3159.661163,76.77005017567933,Llama 3.2,175.87259799999998,0.0,measured,llama32_3b,16,5.063834118468734,FP16,NPU,45.46186134746268,1288.6669790821597,1,npu_full,Whole NPU,3.0,llama32_3b_fp16,100.4712975,100.77077915,1576.823208
703.0362220993065,2048,iGPU,43.259282265588844,1336.2557139999997,11.225396339072269,2913.0789219999997,88.72114361305152,Llama 3.2,100.18574600000001,0.0,overhead_free_oracle,llama32_3b,16,5.492470485150832,FP16,NPU,45.46186134746268,1288.6669790821597,1,npu_gpu_oracle,NPU prefill + iGPU decode · oracle,3.0,llama32_3b_fp16,87.6803185,90.99372635,1576.823208
701.2131161870926,2048,NPU,31.308188828216643,1582.8379550000002,9.476649174741327,2920.652727,80.68132065589882,Llama 3.2,175.87259799999998,0.0,overhead_free_oracle,llama32_3b,16,5.478227470211661,FP16,iGPU,49.37313182768218,1518.8948743346662,1,gpu_npu_oracle,iGPU prefill + NPU decode · oracle,3.0,llama32_3b_fp16,100.4712975,100.77077915,1337.814772
767.1015616375668,2048,iGPU,42.23533688487256,1335.813174,11.229115187630274,2669.789898,92.22111851553885,Llama 3.2,99.807075,0.0,measured,llama32_3b,16,5.99298095029349,FP16,iGPU,49.985781630666295,1523.2649591568136,2,gpu_full,Whole iGPU,3.0,llama32_3b_fp16,87.75281500000001,90.78791505,1333.976724
645.1745614803872,2048,NPU,31.080372845918692,1590.980208,9.428149969795225,3174.334703,76.04430215474652,Llama 3.2,178.34850899999998,0.0,measured,llama32_3b,16,5.040426261565525,FP16,NPU,44.96392930882782,1283.351268725201,2,npu_full,Whole NPU,3.0,llama32_3b_fp16,100.58950349999999,102.60561775,1583.354495
701.5698418931756,2048,iGPU,42.23533688487256,1335.813174,11.229115187630274,2919.167669,87.19926619370038,Llama 3.2,99.807075,0.0,overhead_free_oracle,llama32_3b,16,5.481014389790435,FP16,NPU,44.96392930882782,1283.351268725201,2,npu_gpu_oracle,NPU prefill + iGPU decode · oracle,3.0,llama32_3b_fp16,87.75281500000001,90.78791505,1583.354495
700.1812497114744,2048,NPU,31.080372845918692,1590.980208,9.428149969795225,2924.956932,81.06615447658498,Llama 3.2,178.34850899999998,0.0,overhead_free_oracle,llama32_3b,16,5.470166013370894,FP16,iGPU,49.985781630666295,1523.2649591568136,2,gpu_npu_oracle,iGPU prefill + NPU decode · oracle,3.0,llama32_3b_fp16,100.58950349999999,102.60561775,1333.976724
868.1858007577679,4096,iGPU,42.71681001914109,1419.6729790000004,10.565813551347448,4717.8841170000005,159.90769749320518,Llama 3.2,114.200143,0.0,measured,llama32_3b,16,3.3913507842100308,FP16,iGPU,117.19088747406408,1237.0342071169125,0,gpu_full,Whole iGPU,3.0,llama32_3b_fp16,92.99259800000002,94.43623765000001,3298.211138
728.9530509029807,4096,NPU,33.269800878601664,1799.2314269999997,8.336893061617248,5619.017569,137.8074825356435,Llama 3.2,284.52183599999995,0.0,measured,llama32_3b,16,2.8474728550897686,FP16,NPU,104.53768165704183,1068.1226247560955,0,npu_full,Whole NPU,3.0,llama32_3b_fp16,107.8218165,110.00807129999998,3819.786142
781.7600835137807,4096,iGPU,42.71681001914109,1419.6729790000004,10.565813551347448,5239.459121,147.2544916761829,Llama 3.2,114.200143,0.0,overhead_free_oracle,llama32_3b,16,3.053750326225706,FP16,NPU,104.53768165704183,1068.1226247560955,0,npu_gpu_oracle,NPU prefill + iGPU decode · oracle,3.0,llama32_3b_fp16,92.99259800000002,94.43623765000001,3819.786142
803.5401964357396,4096,NPU,33.269800878601664,1799.2314269999997,8.336893061617248,5097.442564999999,150.46068835266576,Llama 3.2,284.52183599999995,0.0,overhead_free_oracle,llama32_3b,16,3.138828892327108,FP16,iGPU,117.19088747406408,1237.0342071169125,0,gpu_npu_oracle,iGPU prefill + NPU decode · oracle,3.0,llama32_3b_fp16,107.8218165,110.00807129999998,3298.211138
849.9056105328265,4096,iGPU,45.22897564127649,1413.1681609999996,10.614448028170655,4819.3587019999995,165.47752763595605,Llama 3.2,108.12968000000001,0.0,measured,llama32_3b,16,3.3199437911438534,FP16,iGPU,120.24855199467956,1197.8190740915454,1,gpu_full,Whole iGPU,3.0,llama32_3b_fp16,93.0125195,94.15325495,3406.190541
734.1508856355811,4096,NPU,33.3725464560836,1771.7361999999998,8.466271671821122,5579.234569,138.65458698340248,Llama 3.2,266.97515,0.0,measured,llama32_3b,16,2.8677768970139885,FP16,NPU,105.28204052731888,1071.5697301983532,1,npu_full,Whole NPU,3.0,llama32_3b_fp16,107.17812599999999,108.85781275000001,3807.4983690000004
784.5741490023879,4096,iGPU,45.22897564127649,1413.1681609999996,10.614448028170655,5220.66653,150.51101616859538,Llama 3.2,108.12968000000001,0.0,overhead_free_oracle,llama32_3b,16,3.064742769540578,FP16,NPU,105.28204052731888,1071.5697301983532,1,npu_gpu_oracle,NPU prefill + iGPU decode · oracle,3.0,llama32_3b_fp16,93.0125195,94.15325495,3807.4983690000004
791.0502030797273,4096,NPU,33.3725464560836,1771.7361999999998,8.466271671821122,5177.926740999999,153.62109845076316,Llama 3.2,266.97515,0.0,overhead_free_oracle,llama32_3b,16,3.090039855780185,FP16,iGPU,120.24855199467956,1197.8190740915454,1,gpu_npu_oracle,iGPU prefill + NPU decode · oracle,3.0,llama32_3b_fp16,107.17812599999999,108.85781275000001,3406.190541
850.2669186723851,4096,iGPU,45.59279017265488,1415.807820000001,10.594658249592095,4817.310788000001,167.83785909759968,Llama 3.2,109.114073,0.0,measured,llama32_3b,16,3.3213551510640045,FP16,iGPU,122.24506892494479,1199.4697750914913,2,gpu_full,Whole iGPU,3.0,llama32_3b_fp16,92.99677700000001,94.99643845,3401.502968
732.7797817539648,4096,NPU,34.46761260533227,1765.9100120000003,8.494204063666638,5589.673872,142.4315534794565,Llama 3.2,259.12071100000003,0.0,measured,llama32_3b,16,2.862421022476425,FP16,NPU,107.96394087412423,1067.011496886735,2,npu_full,Whole NPU,3.0,llama32_3b_fp16,107.1622945,109.60956010000001,3823.76386
781.7432893675002,4096,iGPU,45.59279017265488,1415.807820000001,10.594658249592095,5239.571680000001,153.5567310467791,Llama 3.2,109.114073,0.0,overhead_free_oracle,llama32_3b,16,3.0536847240917977,FP16,NPU,107.96394087412423,1067.011496886735,2,npu_gpu_oracle,NPU prefill + iGPU decode · oracle,3.0,llama32_3b_fp16,92.99677700000001,94.99643845,3823.76386
792.6596956452279,4096,NPU,34.46761260533227,1765.9100120000003,8.494204063666638,5167.41298,156.71268153027705,Llama 3.2,259.12071100000003,0.0,overhead_free_oracle,llama32_3b,16,3.0963269361141714,FP16,iGPU,122.24506892494479,1199.4697750914913,2,gpu_npu_oracle,iGPU prefill + NPU decode · oracle,3.0,llama32_3b_fp16,107.1622945,109.60956010000001,3401.502968
840.9218228464197,8192,iGPU,48.11920220520361,1527.4051819999986,9.820576869039325,9741.690341999998,341.71021252184516,Llama 3.2,128.630568,0.0,measured,llama32_3b,16,1.6424254352469134,FP16,iGPU,293.59101031664153,995.3391975985407,0,gpu_full,Whole iGPU,3.0,llama32_3b_fp16,99.4496485,101.72606005,8214.28516
683.8374124439363,8192,NPU,38.95961500631823,2156.8725430000013,6.954513862528223,11979.455717,297.1860144473222,Llama 3.2,426.230754,0.0,measured,llama32_3b,16,1.335619946179563,FP16,NPU,258.22639944100393,832.3676017976165,0,npu_full,Whole NPU,3.0,llama32_3b_fp16,123.1865545,125.31922225,9822.583174
721.7628549961837,8192,iGPU,48.11920220520361,1527.4051819999986,9.820576869039325,11349.988355999998,306.34560164620757,Llama 3.2,128.630568,0.0,overhead_free_oracle,llama32_3b,16,1.4096930761644213,FP16,NPU,258.22639944100393,832.3676017976165,0,npu_gpu_oracle,NPU prefill + iGPU decode · oracle,3.0,llama32_3b_fp16,99.4496485,101.72606005,9822.583174
789.882888159183,8192,NPU,38.95961500631823,2156.8725430000013,6.954513862528223,10371.157703,332.5506253229598,Llama 3.2,426.230754,0.0,overhead_free_oracle,llama32_3b,16,1.5427400159359044,FP16,iGPU,293.59101031664153,995.3391975985407,0,gpu_npu_oracle,iGPU prefill + NPU decode · oracle,3.0,llama32_3b_fp16,123.1865545,125.31922225,8214.28516
826.2335772251334,8192,iGPU,48.36660344894568,1521.1407419999996,9.861020473541428,9914.871806000001,343.93872694202236,Llama 3.2,123.552036,0.0,measured,llama32_3b,16,1.6137374555178388,FP16,iGPU,295.5721234930767,974.0602763729432,1,gpu_full,Whole iGPU,3.0,llama32_3b_fp16,99.408705,101.59664469999998,8393.731064000001
684.9860490650676,8192,NPU,37.54600631524529,2134.985668000001,7.025808287533666,11959.367656000002,291.8400991377456,Llama 3.2,395.248129,0.0,measured,llama32_3b,16,1.3378633770802102,FP16,NPU,254.2940928225003,832.2151978604437,1,npu_full,Whole NPU,3.0,llama32_3b_fp16,123.84031549999999,126.18708135000001,9824.381988000001
722.0469426532981,8192,iGPU,48.36660344894568,1521.1407419999996,9.861020473541428,11345.52273,302.660696271446,Llama 3.2,123.552036,0.0,overhead_free_oracle,llama32_3b,16,1.4102479348697228,FP16,NPU,254.2940928225003,832.2151978604437,1,npu_gpu_oracle,NPU prefill + iGPU decode · oracle,3.0,llama32_3b_fp16,99.408705,101.59664469999998,9824.381988000001
778.0625320749675,8192,NPU,37.54600631524529,2134.985668000001,7.025808287533666,10528.716732000003,333.11812980832195,Llama 3.2,395.248129,0.0,overhead_free_oracle,llama32_3b,16,1.519653382958921,FP16,iGPU,295.5721234930767,974.0602763729432,1,gpu_npu_oracle,iGPU prefill + NPU decode · oracle,3.0,llama32_3b_fp16,123.84031549999999,126.18708135000001,8393.731064000001
824.9218739170508,8192,iGPU,48.907059009097615,1526.5983220000016,9.825767383491202,9930.637384000001,347.6244822108849,Llama 3.2,124.933821,0.0,measured,llama32_3b,16,1.6111755349942398,FP16,iGPU,298.71742320178726,972.865539972189,2,gpu_full,Whole iGPU,3.0,llama32_3b_fp16,99.6936135,102.18888539999999,8404.039062
684.050587194936,8192,NPU,38.116323328317065,2135.106764,7.025409807563141,11975.722488,296.3685678572622,Llama 3.2,396.897302,0.0,measured,llama32_3b,16,1.3360363031151095,FP16,NPU,258.25224452894514,830.8423201669978,2,npu_full,Whole NPU,3.0,llama32_3b_fp16,123.8784725,125.85470939999999,9840.615724
720.6691073863147,8192,iGPU,48.907059009097615,1526.5983220000016,9.825767383491202,11367.214046000001,307.15930353804276,Llama 3.2,124.933821,0.0,overhead_free_oracle,llama32_3b,16,1.407556850363896,FP16,NPU,258.25224452894514,830.8423201669978,2,npu_gpu_oracle,NPU prefill + iGPU decode · oracle,3.0,llama32_3b_fp16,99.6936135,102.18888539999999,9840.615724
777.2925942243244,8192,NPU,38.116323328317065,2135.106764,7.025409807563141,10539.145826,336.83374653010435,Llama 3.2,396.897302,0.0,overhead_free_oracle,llama32_3b,16,1.5181495980943835,FP16,iGPU,298.71742320178726,972.865539972189,2,gpu_npu_oracle,iGPU prefill + NPU decode · oracle,3.0,llama32_3b_fp16,123.8784725,125.85470939999999,8404.039062
