model,family,size_b,context_length,output_tokens,placement,placement_label,repeat,repeat_q25,repeat_q75,compile_s,compile_s_q25,compile_s_q75,prefill_top1,prefill_top1_q25,prefill_top1_q75,first_decode_top1,first_decode_top1_q25,first_decode_top1_q75,final_top1,final_top1_q25,final_top1_q75,all_tokens_per_s_e2e,all_tokens_per_s_e2e_q25,all_tokens_per_s_e2e_q75,decode_tokens_per_s,decode_tokens_per_s_q25,decode_tokens_per_s_q75,end_to_end_ms,end_to_end_ms_q25,end_to_end_ms_q75,handoff_estimate_ms,handoff_estimate_ms_q25,handoff_estimate_ms_q75,handoff_plus_first_decode_ms,handoff_plus_first_decode_ms_q25,handoff_plus_first_decode_ms_q75,output_tokens_per_s_e2e,output_tokens_per_s_e2e_q25,output_tokens_per_s_e2e_q75,prefill_tokens_per_s,prefill_tokens_per_s_q25,prefill_tokens_per_s_q75,steady_tpot_ms,steady_tpot_ms_q25,steady_tpot_ms_q75,steady_tpot_p95_ms,steady_tpot_p95_ms_q25,steady_tpot_p95_ms_q75,ttft_ms,ttft_ms_q25,ttft_ms_q75,energy_net_core_j,energy_net_core_j_q25,energy_net_core_j_q75,energy_net_dram_j,energy_net_dram_j_q25,energy_net_dram_j_q75,energy_net_package-0_j,energy_net_package-0_j_q25,energy_net_package-0_j_q75,energy_net_psys_j,energy_net_psys_j_q25,energy_net_psys_j_q75,energy_net_uncore_j,energy_net_uncore_j_q25,energy_net_uncore_j_q75,prefill_energy_net_core_j,prefill_energy_net_core_j_q25,prefill_energy_net_core_j_q75,prefill_energy_net_dram_j,prefill_energy_net_dram_j_q25,prefill_energy_net_dram_j_q75,prefill_energy_net_package-0_j,prefill_energy_net_package-0_j_q25,prefill_energy_net_package-0_j_q75,prefill_energy_net_psys_j,prefill_energy_net_psys_j_q25,prefill_energy_net_psys_j_q75,prefill_energy_net_uncore_j,prefill_energy_net_uncore_j_q25,prefill_energy_net_uncore_j_q75,prefill_npu_utilization,prefill_npu_utilization_q25,prefill_npu_utilization_q75,first_decode_energy_net_core_j,first_decode_energy_net_core_j_q25,first_decode_energy_net_core_j_q75,first_decode_energy_net_dram_j,first_decode_energy_net_dram_j_q25,first_decode_energy_net_dram_j_q75,first_decode_energy_net_package-0_j,first_decode_energy_net_package-0_j_q25,first_decode_energy_net_package-0_j_q75,first_decode_energy_net_psys_j,first_decode_energy_net_psys_j_q25,first_decode_energy_net_psys_j_q75,first_decode_energy_net_uncore_j,first_decode_energy_net_uncore_j_q25,first_decode_energy_net_uncore_j_q75,first_decode_npu_utilization,first_decode_npu_utilization_q25,first_decode_npu_utilization_q75,steady_decode_energy_net_core_j,steady_decode_energy_net_core_j_q25,steady_decode_energy_net_core_j_q75,steady_decode_energy_net_dram_j,steady_decode_energy_net_dram_j_q25,steady_decode_energy_net_dram_j_q75,steady_decode_energy_net_package-0_j,steady_decode_energy_net_package-0_j_q25,steady_decode_energy_net_package-0_j_q75,steady_decode_energy_net_psys_j,steady_decode_energy_net_psys_j_q25,steady_decode_energy_net_psys_j_q75,steady_decode_energy_net_uncore_j,steady_decode_energy_net_uncore_j_q25,steady_decode_energy_net_uncore_j_q75,steady_decode_npu_utilization,steady_decode_npu_utilization_q25,steady_decode_npu_utilization_q75
llama32_1b_int8,Llama 3.2,1.0,1024,16,gpu_gpu,iGPU -> iGPU,1.0,0.5,1.5,0.9162126909941435,0.9162126909941435,0.9162126909941435,301.0,301.0,301.0,3862.0,3862.0,3862.0,42.0,42.0,42.0,1877.1956137916588,1875.8289145025212,1892.1054647899632,51.57508965667457,50.55083681256401,51.84347983357922,554.017915,549.686369,554.4218579999999,8.331447500000001,8.283474,15.36755925,26.744857,26.58263,33.825262,28.879932519871673,28.858906376961865,29.10931484292251,3878.9682801990316,3863.02616240152,4050.9360137913927,18.413409499999997,18.299155999999996,18.457702749999996,20.2119091,20.00039235,20.694874624999997,263.98772199999996,253.23744849999997,265.08167349999997,4.869706007932407,4.785336568699773,4.943064190284549,1.034905828496558,1.0242816002260642,1.0350034482624033,12.307904683242443,12.22170152948668,12.405185462289179,18.44812560932779,18.382492666778283,18.57965713222127,5.654793176666997,5.651284005063532,5.6864188880933,1.063876332435925,0.8777894874204146,1.1023995841777512,0.3220503843232001,0.30614646556896347,0.3223737607321887,4.772014392248202,4.530648065483062,4.81098033555999,7.530989531824492,7.160579636938465,7.57135320539244,3.134887620364849,3.1035376667657237,3.135526376915572,0.0,0.0,0.0,0.8046229830903359,0.8023366777654917,1.0613317649765404,0.050706033399261,0.050561747704877834,0.05351823967946258,1.002894154787824,1.00025530254196,1.2974397146291419,1.2764119737101085,1.2761574185499003,1.6596315235594612,0.1127371522941479,0.11194448498535567,0.16561013197082916,0.0,0.0,0.0,2.8599628186647577,2.8076920645609915,3.0062292432124385,0.6623446503057873,0.6620679398253366,0.6647145147434834,6.4266376700540615,6.354647806062687,6.579736534422838,9.61510479386654,9.522172387872617,9.759445971723348,2.408753738625585,2.403813143162604,2.41806375666554,0.0,0.0,0.0
llama32_1b_int8,Llama 3.2,1.0,1024,16,gpu_npu,iGPU -> NPU,1.0,0.5,1.5,1.7086131712421775,1.7086131712421775,1.7086131712421775,301.0,301.0,301.0,3862.0,3862.0,3862.0,42.0,42.0,42.0,150.70276985745483,149.7618657018397,150.79713286920384,2.3498338641688186,2.333599122352786,2.351864729173587,6901.001229,6896.68555,6944.63205,43.98870450000003,43.95189075000003,92.26984475000003,466.693319,466.619178,514.48725,2.3185041516531513,2.3040287031052262,2.319955890295444,1978.471670126976,1973.9370060874298,1982.6541072242421,422.62996,422.180078,422.66728724999996,423.438781,423.34926282500004,424.160121475,517.571222,516.4816965,518.76296,2.448369351847128,2.384195027620149,6.264468425415375,8.018347048769025,8.00554717454186,8.049656928339054,47.3041686061112,46.2107015534561,51.994933945125325,97.37994485140828,95.36751062390456,100.71995225138997,6.054287046201612,6.033112978202875,6.0569187701437714,0.9107496641662893,0.841024521722178,1.068716857044457,0.6291801905662201,0.6280910418937775,0.6301853643791315,8.204049433228311,8.113853225175902,8.387229732616817,13.797105319315746,13.711469557457264,14.143170409429928,6.040487577456527,6.016590133469061,6.04738731182907,0.007890701465623604,0.00788319379467024,0.00926751151511053,1.5487213241151034,1.543170505897971,2.698420887351335,0.5008813893007981,0.4990574525372954,0.5241954704732531,3.7155492270657917,3.714918640880142,4.986253794627817,6.88731635109666,6.8520946156342095,8.675165323313463,0.019062916629404472,0.009531458314702236,0.01915456867597401,0.9881778487598191,0.9216703696141579,0.9889972005127451,0.0,0.0,2.5028814992367145,6.888285468902006,6.876304357625433,6.8973704159720235,35.38583111818839,34.38192968740005,38.62208100406634,76.69552318099588,74.80394645081309,77.90161651864658,0.0,0.0,0.0,0.9962091116805163,0.9959902919447677,0.9968948187274008
llama32_1b_int8,Llama 3.2,1.0,1024,16,npu_gpu,NPU -> iGPU,1.0,0.5,1.5,2.2934929709881544,2.2934929709881544,2.2934929709881544,301.0,301.0,301.0,3862.0,3862.0,3862.0,42.0,42.0,42.0,179.28908692240466,179.25915546725855,179.56597296419096,2.954004738927048,2.9529279826874593,2.9576952595039927,5800.687693000001,5791.756955000001,5801.656413500001,15.447189000000028,14.540039250000024,26.40131600000001,353.156061,352.20373400000005,362.79606,2.7582936449600717,2.757833161034747,2.762553430218323,1420.1152780518523,1418.3794271406741,1423.5172043606913,337.6185175,336.34956675,337.66369475,338.54539554999997,337.19459589999997,338.84504167499995,721.068223,719.34912,721.951767,12.480687076334162,12.440727592401267,13.057918972127702,6.08270774485121,6.073941794653746,6.085162463386412,70.43160156286734,70.38649720446563,71.1767007986821,125.78838324140554,125.51163301782802,127.80459663351243,40.19845986599561,40.16520016457484,40.26466914207081,0.0,0.0,0.0,0.7748878967669335,0.7747397942497318,0.775953966789625,6.6272031214273195,6.601890670840046,6.825107614962425,11.193504525188112,11.094132266886964,11.39992818690613,0.0,0.0,0.0,0.9921365928593816,0.9912142785827402,0.9924270161510007,2.513008362246593,2.4499774623545565,2.587442964981079,0.358120264585989,0.3577851795968986,0.3601296869936768,5.861443099773321,5.836266678940015,5.945309319821292,9.390899873217428,9.371352662173074,9.461655821258457,2.6071177560919616,2.603496986615177,2.641788209101139,0.011598271847300957,0.011210803111332754,0.013622592129763269,9.967678714087569,9.853284627420187,10.607941509773145,4.943548598637529,4.938341328376736,4.94907880960311,57.99358024284125,57.83929721380428,58.540638955366944,105.06246694691794,104.9558449296826,106.96255983639219,37.59134210990365,37.523411955473705,37.66117215545563,0.016283306437524223,0.01627921342395798,0.016333314169881666
llama32_1b_int8,Llama 3.2,1.0,1024,16,npu_npu,NPU -> NPU,1.0,0.5,1.5,39.75868088193238,39.75868088193238,39.75868088193238,301.0,301.0,301.0,3862.0,3862.0,3862.0,42.0,42.0,42.0,147.21402460179146,144.43430146095022,147.38160346654934,2.3648895615556933,2.3140222412217213,2.3664204458913907,7064.544311000001,7056.5207605000005,7203.173627,4.067814500000044,2.762832750000027,142.35227125000006,426.685509,425.301371,565.0865205,2.264831147719869,2.2220661763223113,2.2674092841007587,1434.3593828475452,1426.563249622896,1434.3797744615345,422.61769449999997,422.53853825,422.73424924999995,423.7127591,423.4190721,424.537054475,713.907555,713.897406,717.830481,4.191964844814994,3.8455172938748987,4.758302468208673,8.155514691251883,8.134884400599345,8.200401308199595,49.72296134585107,48.61672841627667,50.15155614370364,93.00348856067706,92.81495745626297,95.5342685817652,0.0,0.0,0.0,0.0,0.0,0.0,0.7746685317885509,0.765202821395014,0.7770438310239676,6.396435038385817,6.386516670773778,6.436363794523471,10.584513542534843,10.278235148842146,10.920029877579168,0.0,0.0,0.0,0.9918006820925154,0.9908941942585086,0.9920375063017512,1.8611931602880256,1.760017590150384,2.6801314516114143,0.49511499267508075,0.48960009506834534,0.5262338188346594,4.461612530937014,4.340056802356779,5.145953809877257,7.435745652144755,7.158145354933689,8.893269579227734,0.0,0.0,0.0,0.9864331229016112,0.8225848721318256,0.9870990476263555,2.533122824802252,1.266561412401126,2.998284878058289,6.880980568317417,6.877706184900569,6.897123658340969,39.028167721413396,37.15596654045618,39.385053914435424,75.77392453897681,75.37857695248714,76.11631671144798,0.0,0.0,0.0,0.9970076176908262,0.9967631082507219,0.9972020745141572
llama32_1b_int8,Llama 3.2,1.0,1024,16,openvino_auto,OpenVINO AUTO,1.0,0.5,1.5,3.64777375664562,3.64777375664562,3.64777375664562,301.0,301.0,301.0,3862.0,3862.0,3862.0,42.0,42.0,42.0,1861.354957161596,1831.0356874793747,1861.753798401804,47.46916200700933,47.44370322863879,49.2699736654765,558.732764,558.6130929999999,568.1403359999999,11.079561999999997,9.736413749999999,19.22576925,29.930676,28.565175,38.095470500000005,28.6362301101784,28.169779807374994,28.64236612925852,3920.1578690450588,3893.7346845581555,4069.347795196835,18.851114000000003,18.82876125,18.86970125,20.8210744,20.492211825,24.05158005,261.21397,251.976055,262.99869950000004,4.913939823173772,4.72893106724853,4.957564092580499,1.035155769037676,1.025550020968487,1.0355904588446265,12.427549785068202,12.213312543837613,12.446850371030022,18.736767384684104,18.483892400222253,18.77966529236057,5.704100164361776,5.686613909780168,5.7274883715406615,0.9681751241759914,0.8196949229489188,1.0245074251431148,0.31920240043252035,0.30575655218239967,0.3204831384311666,4.667668751448581,4.469388074701266,4.785492993400691,7.438629939239017,7.120471835842945,7.565238422287774,3.128232988548179,3.1008815935209126,3.18857014862827,0.0,0.0,0.0,0.9646516653823695,0.884480227052868,1.2186508238508018,0.050246894887919,0.049909929234642464,0.053623172305190134,1.1726512263422912,1.0873214875282857,1.4547561540999636,1.4554999232722063,1.3707626449820294,1.8927404311021945,0.11926721956644505,0.11804391923002192,0.16539017506694492,0.0,0.0,0.0,2.8573236579461456,2.8143810281850374,2.862886044813655,0.6657064737172367,0.6651973911788175,0.666170296480897,6.39018249529675,6.359798648870456,6.404881900276682,9.589420556075366,9.547891332952451,9.639844542366674,2.4190568353006845,2.4021027432091353,2.42034214119231,0.0,0.0,0.0
llama32_1b_int8,Llama 3.2,1.0,2048,16,gpu_gpu,iGPU -> iGPU,1.0,0.5,1.5,0.9263889649882913,0.9263889649882913,0.9263889649882913,78.0,78.0,78.0,62.0,62.0,62.0,42.0,42.0,42.0,2427.9887018721706,2419.75784012624,2463.6122729911967,49.370057160388875,48.204131488606215,49.837107607785285,850.086328,837.96938,852.9877855,11.1226,9.7393755,18.3012185,30.187937,28.8149035,37.3917385,18.821617843970312,18.7578127141569,19.09776955807129,3710.8155498870033,3710.2740562113418,3875.2801711617967,19.085719,19.075528000000002,19.100710999999997,21.0000635,20.586709825,21.075576325,551.9002419999999,529.43148,551.9808005,5.8707971089068325,5.851826154467929,6.138628448833657,1.3758263118401013,1.3509180298955712,1.3765642330239318,18.146497850346556,18.028180920881557,18.402367660181874,27.20807276405998,26.898657584742573,27.443035165380355,9.86101276304203,9.820180062424775,9.869929713280893,2.0891814022288937,1.8091097795843503,2.359155379278099,0.6415013044781119,0.6132828966342331,0.6418176623939396,10.445966186766958,10.045397199625569,10.714255778457296,16.062874585270915,15.412027521099045,16.317177730116573,7.2059418459177875,7.145105589518863,7.211862511125211,0.0,0.0,0.0,0.9155828846287015,0.8791948139900938,1.1626031235982963,0.052433819703007076,0.05234522115873792,0.054869461167584524,1.1345496469974425,1.091614585456382,1.3960020551479615,1.4197285648511648,1.3804782731322383,1.7418829852023356,0.11798009130896239,0.11694490709285435,0.13276581792708606,0.0,0.0,0.0,2.8941936805213286,2.8779706141629027,2.9165013219238904,0.6833670300266431,0.6824013494712542,0.6835035932775839,6.607581315633894,6.574361884253005,6.629716727649084,9.764024542944478,9.725406334915906,9.783997370160115,2.5451537643103745,2.541122295062827,2.546340124226373,0.0,0.0,0.0
llama32_1b_int8,Llama 3.2,1.0,2048,16,gpu_npu,iGPU -> NPU,1.0,0.5,1.5,2.5453991973772645,2.5453991973772645,2.5453991973772645,90.0,90.0,90.0,77.0,69.5,1353.0,62.0,52.0,369.5,269.65035283756504,265.3730110762946,270.0917706046098,2.3348161437797113,2.291719033756925,2.3437755162276304,7654.356756,7641.86746,7779.752554,67.01078250000003,64.13493425,169.05500899999998,490.969545,487.798405,593.3234375,2.090312812694303,2.057155124622439,2.0937346558496888,1659.1110226820779,1646.2601819452068,1662.1651714993154,423.9587625,423.66347075,424.2684285,424.71060780000005,424.50063925,430.8425551,1234.395994,1232.1320105,1244.107599,6.710169419263683,4.622781025441625,7.663829225744317,8.936508971540258,8.88896584927773,8.99557604224266,62.38701554894765,58.56092290897661,63.40958701647327,115.23947117847025,111.97094911426495,118.07740952101912,13.463254530552101,13.427202739240851,13.477294683290824,3.0848182190234286,2.19017548918982,3.209160535600451,1.5223966319842657,1.52206343812239,1.5259862925987133,19.57232410361749,18.6660339725431,19.647223618257012,33.04728088490554,32.07707684128484,33.09475914467548,13.463254530552101,13.415621173474703,13.465767614227463,0.0033621493601117903,0.003348380455346923,0.003934403444504235,2.1399565176531645,1.6899081949582597,2.8826538589467097,0.5105732213977197,0.5009707524707607,0.5448177723930384,4.367161610078027,3.8701255378677937,5.137320362856899,7.141884072285609,6.635264484407158,8.635860713642963,0.023054138126719807,0.011527069063359903,0.02310863482950884,0.9406548762789895,0.8259571091537852,0.9429219246264315,0.0,0.0,1.5720148311971567,6.9042055058820235,6.862341998070131,6.928694831727233,36.90721232969439,35.25460464578684,38.62504303535936,75.0503062212791,73.25860778857296,76.34678966270067,0.0,0.0,0.0,0.9964800652810829,0.9935531435439582,0.9968805372466862
llama32_1b_int8,Llama 3.2,1.0,2048,16,npu_gpu,NPU -> iGPU,1.0,0.5,1.5,3.0532968305051327,3.0532968305051327,3.0532968305051327,78.0,78.0,78.0,220.0,220.0,220.0,42.0,42.0,42.0,311.0753483310109,310.55151368769157,311.51421343679,2.8814564782341243,2.8753175078926194,2.885812011551094,6635.048424999999,6625.7140365,6646.259257,28.149330999999943,23.613778499999988,30.910990999999967,374.843328,369.911087,376.028915,2.4114368087675264,2.407376075098384,2.4148388638510854,1432.8213921034207,1432.7486461110784,1434.3174350797776,345.90062,344.72123550000003,346.2973085,347.17273819999997,346.00420822499996,347.30691425,1429.3477269999998,1427.858421,1429.420304,13.255062828434006,13.234725987289721,13.673224191177473,7.144694878119375,7.140146697854286,7.153738670551597,81.73232584771189,81.45987742899183,82.42609150243518,141.44813161104162,141.32148854039255,142.4977318277298,41.84545045193081,41.75550702136141,41.92801486342537,0.0,0.0,0.1210016078566234,1.5938825811518609,1.5924464865753785,1.5942097262805985,15.098025062237484,14.828214011636616,15.392867636806155,23.458926427935207,23.45438634645722,23.902129566917672,0.0,0.0,0.0,0.9857404809279354,0.9857090103219368,0.9857663963061074,2.478579195571898,2.4525843892716765,2.57823983979955,0.3803722419426058,0.3782964043850483,0.3809535736164538,5.980033078311317,5.9624117441923525,6.102677430403692,9.588581381018777,9.587362776046891,9.658952174078294,2.7292042803693524,2.719711348996209,2.749661395289898,0.01480618590602205,0.014721210324861168,0.014944625921746425,10.82847324546255,10.782141598018043,10.999977549821521,5.169277391677213,5.168822475220011,5.178575370654546,60.689510375401014,60.66925167316286,60.948167769344295,108.26896237892458,108.20815001985704,108.94240877318373,39.13523203430774,39.035795672365204,39.187846399508615,0.01601682607893828,0.015986144739712285,0.016044178476211375
llama32_1b_int8,Llama 3.2,1.0,2048,16,npu_npu,NPU -> NPU,1.0,0.5,1.5,37.31754811760038,37.31754811760038,37.31754811760038,78.0,78.0,78.0,220.0,220.0,220.0,42.0,42.0,42.0,263.71085546828317,260.6937148924793,263.9047846560318,2.346893317431936,2.3121556862997936,2.3476963740053467,7826.754027,7821.006797,7918.397659,27.405574499999975,26.518607000000003,102.81855449999996,451.58689699999996,450.7800455,527.083588,2.0442701974285513,2.0208815107944127,2.0457735244653623,1438.3725256497587,1430.447079025936,1438.4716194437424,424.3415545,424.2614385,424.34514950000005,425.6856833,425.085469925,432.83270715,1423.831423,1423.7333445,1431.764167,1.9527242170806296,1.9101218948504122,3.5966886057648195,9.044534963304898,9.030853532823716,9.076709053278112,53.27209770664489,52.67924964171121,56.48413195725573,103.26478887913437,102.66947794310894,105.96206866925979,0.0,0.0,0.0,0.0,0.0,0.11625597100898144,1.597361111466196,1.5915737589602843,1.6015086687477802,14.269477900478744,14.203329474974574,14.949709528763425,23.241593529977393,23.164010329833836,23.743135749671655,0.0,0.0,0.0,0.9865739562344242,0.9825496796053589,0.9869629334584309,1.9527242170806296,1.9101218948504122,2.703920444397744,0.5049138729497291,0.5045341023162438,0.5284711384599936,4.579074874913207,4.529911709039794,5.361281377909084,7.6478048425843665,7.597474846667554,8.82572685136656,0.0,0.0,0.0,0.9363734926967999,0.8308620737963466,0.937109123977855,0.0,0.0,0.776512190358094,6.933964864325803,6.930598114265605,6.946729246070338,34.52187126299977,33.946008457696834,36.222304216456635,72.47605049840624,71.90799276660755,73.4435360641384,0.0,0.0,0.0,0.9962155818416161,0.9934130731612245,0.9967478128226683
llama32_1b_int8,Llama 3.2,1.0,2048,16,openvino_auto,OpenVINO AUTO,1.0,0.5,1.5,1.2498553758487105,1.2498553758487105,1.2498553758487105,78.0,78.0,78.0,62.0,62.0,62.0,42.0,42.0,42.0,2339.0249724765945,2334.855113835532,2411.635910193401,46.39220932535986,46.00348298458674,47.65617295219016,882.418967,856.6271385,883.997714,15.7972205,12.663083750000002,20.119331,35.206989,32.092629,39.6507295,18.131976530826314,18.09965204523668,18.694852017003107,3699.5688855165245,3618.490664504875,3867.4979178291364,19.449322,19.42954525,19.55117525,21.3766691,21.314178475,24.60390075,553.578015,530.5415875,566.2661370000001,5.7644601058551155,5.595996592663411,5.790691076287088,1.3760100633157788,1.3504028261513983,1.3793500506381706,17.849859104598497,17.75450504346051,17.95096048768619,27.039432773632214,26.878869620582122,27.216182494628185,9.822682881213405,9.801132512127623,9.834191118869567,1.7104353809625494,1.5225318874056248,2.049833694625673,0.6445676686893689,0.6133038366327135,0.6461412157025768,10.051749500439131,9.753236729691608,10.387223319257838,15.867298651997107,15.243077516647185,16.201934206214045,7.1889196946089315,7.134793457650969,7.189647215102639,0.0,0.0,0.0,0.9961331744773075,0.9229062820858949,1.1945254694104919,0.05342085097001623,0.05270697017237369,0.05561359892590363,1.196809022818414,1.1220147462526802,1.4139300186080317,1.5098489074454722,1.448753494639626,1.7745807712526611,0.11064579835851766,0.11010218521267798,0.12684168524298195,0.0,0.0,0.0,2.867418308814675,2.649487586383816,2.952166128238707,0.6815544242747616,0.6805018647632202,0.6832518309019651,6.560181012196448,6.346368361037684,6.662132571726605,9.784476039801326,9.565494793774512,9.922306745488124,2.5446788225708663,2.534441718554251,2.550278086396127,0.0,0.0,0.0
llama32_1b_int8,Llama 3.2,1.0,4096,16,gpu_gpu,iGPU -> iGPU,1.0,0.5,1.5,0.9298171475529671,0.9298171475529671,0.9298171475529671,3862.0,3862.0,3862.0,3862.0,3862.0,3862.0,42.0,42.0,42.0,2447.976972452132,2447.4712862364827,2500.7465984631626,44.654810411616765,43.64079820607067,44.9220339739037,1679.754363,1645.041441,1680.1014985000002,14.1995865,14.06792575,21.815481249999998,35.236171,35.073957,42.826071,9.525202227440204,9.523234576795653,9.730531511529817,3047.972140677392,3042.6978110617183,3151.4015302475964,20.984595000000002,20.9800365,21.01058975,23.338537,22.7509555,23.654719524999997,1343.8443040000002,1301.1407045,1346.1778205,8.026379000790952,7.73759152088722,8.180042731499512,2.2043447362773585,2.147636713762618,2.205346452117894,33.1708157099815,32.6864950010058,33.37585194074583,51.09383446723177,50.037858405050414,51.4328455386683,21.338174776586758,21.240254176904674,21.391061988483845,4.358139592482813,3.8269362999722385,4.430774029354059,1.4272659810789663,1.3673415754067793,1.42765497740475,25.295915116664215,24.477913495833178,25.318948147252748,38.98642243483761,37.75683678688714,39.350145026534705,18.356501505566808,18.21914286659498,18.409118791086005,0.0,0.0,0.0,1.0719773929365626,1.0507395507341903,1.3120123735719362,0.057637665672905014,0.05758488665258983,0.06119580906810147,1.2937758668039332,1.274504952121355,1.571530911752579,1.6468384948620602,1.6451195725694823,1.9808448396275908,0.1264544038418733,0.1245615711773256,0.1579630059939841,0.0,0.0,0.0,2.6010236793145127,2.547246252674171,2.7523065780516047,0.7187575690499879,0.7187103329619539,0.7201538241485883,6.69297646032674,6.633288477514089,6.8420868241843795,10.41115049701098,10.275465258275123,10.437580939564121,2.8595443852629523,2.8573816262205143,2.865311063358149,0.0,0.0,0.0
llama32_1b_int8,Llama 3.2,1.0,4096,16,gpu_npu,iGPU -> NPU,1.0,0.5,1.5,2.312231745570898,2.312231745570898,2.312231745570898,36802.0,18446.0,36802.0,285.0,150.5,4118.5,677.0,346.5,4314.5,444.8465919179226,440.3417849383428,444.91207748861564,2.301778857560245,2.2671080010376956,2.3023957359824267,9243.636064,9242.275715,9339.178200999999,107.44261099999997,103.60935699999996,205.18184549999995,534.662507,530.900423,632.5426745,1.7309205911203212,1.7133921592931627,1.7311753987883878,1502.0515389197349,1501.8394254489854,1505.1851931596052,427.362236,427.291066,427.431999,429.32055635,428.624915725,429.70857190000004,2726.937055,2721.2716229999996,2727.3222505000003,8.921799075363637,8.77711240621667,9.613638497334065,11.043487892685068,11.041660003322825,11.089075640418397,88.27891246912796,88.01595936872184,88.82614945209201,180.60823494322426,178.81452315875063,180.66708537797842,30.061485040989762,30.017289115748504,30.148416503999357,6.8651998223962885,6.823410139987426,6.874361125631915,3.5129883585490713,3.5127347832927907,3.516321527834755,45.77803384404446,44.911416417700565,45.822112317792794,82.86368270420024,79.45095374460294,82.8923382800972,30.037237083545378,29.993536873494993,30.128038992025907,0.0020462518523369434,0.0017746727986185167,0.002047022546088941,2.0565992529673487,1.9027512805847548,2.79022835734664,0.5380255298525904,0.5369181141309918,0.5647314301105876,4.72219099679636,4.562098624703371,5.277294764066481,9.305844354773228,9.067653561433259,10.255397591512994,0.02325652706263915,0.01988179678257839,0.02375224225351203,0.8734350994991313,0.777125168053485,0.879394514666739,0.0,0.0,0.0,6.99154020751468,6.988673936613359,7.0108889533743755,38.01071542497645,37.943262085299445,38.44193850959585,88.85777831913681,88.70709353644799,89.31770704007772,0.0,0.0,0.0,0.9974805536761769,0.9973077795610934,0.9975346457356853
llama32_1b_int8,Llama 3.2,1.0,4096,16,npu_gpu,NPU -> iGPU,1.0,0.5,1.5,3.8855112409219146,3.8855112409219146,3.8855112409219146,3862.0,3862.0,3862.0,3862.0,3862.0,3862.0,42.0,42.0,42.0,458.9511835333618,457.53455617632727,459.09654732076706,2.7262184197972954,2.7135609110093126,2.7280774715938385,8959.558549000001,8956.722581000002,8987.385466,27.898746500000016,27.31742000000001,34.60442075000003,392.27911900000004,391.9579105,400.5409045,1.785802270557828,1.7802901018534134,1.786367888407654,1184.0705417425684,1183.6837154640102,1184.3825021341772,364.9006085,364.6404905,366.19660175,366.145509,365.65020377499997,367.031056975,3459.25336,3458.34245,3460.384209,13.851037842318664,13.31216334171587,15.794795975491583,9.732596539695365,9.726837582523448,9.751339525918272,105.31362820765622,105.09331265238538,108.35077199677318,182.80781490733958,182.77135458982227,184.60634683227215,45.3998107390246,45.296050675439474,45.51674505501782,0.0,0.0,1.0029400260319896,3.701049757616431,3.700613105672731,3.703297539279914,33.894596405548725,33.71838913665627,35.61484784609944,55.3649932292124,55.104443288673124,56.110568264077045,0.0,0.0,0.0,0.891103689069719,0.8902816735853389,0.8912257630245997,2.7362589002532274,2.5743649211567785,2.831835082986772,0.4195416942678895,0.4193762890858651,0.4215437723086808,6.626916371903214,6.443499468943303,6.686687079845692,10.607827153002416,10.403148355882898,10.635066092407865,2.9726036373311446,2.959071239127641,2.9911145804010184,0.010466332647239993,0.010236802674447334,0.01227534589984159,11.438566900258335,10.737798420559091,12.121914845569272,5.613209202062492,5.606848187764852,5.627100271455402,65.51136377390901,64.9314240467858,66.40886124268042,117.76545200044235,117.26376294526625,118.32594121344601,42.39018521555371,42.30493609503845,42.53916287282031,0.015207934137658858,0.015141439213776475,0.015208692060660035
llama32_1b_int8,Llama 3.2,1.0,4096,16,npu_npu,NPU -> NPU,1.0,0.5,1.5,33.35357870347798,33.35357870347798,33.35357870347798,3862.0,3862.0,3862.0,3862.0,3862.0,3862.0,42.0,42.0,42.0,427.59779821915754,424.5619528697998,427.638372648502,2.307676520699716,2.28704734258556,2.31116199057258,9616.513502,9615.601171499999,9685.771959,76.75789900000002,70.5862985,141.662511,505.005158,498.697211,569.4233975,1.6638046623313523,1.65199203451284,1.6639625394883346,1306.103714137955,1305.9761333984509,1310.5908098611526,427.974566,427.62454,428.1109125,429.16810995,428.961319925,429.50299077499994,3136.0449830000002,3125.3446785,3136.3513730000004,3.7782674656081943,3.6593588656563485,4.239764446475782,11.196992386293505,11.190390505079531,11.236467916576066,79.57757319503168,77.70808343206926,79.85722224187609,135.33533763991653,134.58419358670812,148.46751100445974,0.0,0.0,0.0,0.0,0.0,0.4840748491593274,3.655537352296478,3.653340279965077,3.6611475547818713,32.45411840558853,32.43122386829579,34.15882658650321,53.23525833665085,52.83149244404651,54.96281595840888,0.0,0.0,0.0,0.9808679456687499,0.9802773399126086,0.9831937603760135,2.2471351539959583,2.229149692937903,2.6852958508135165,0.5351664802153124,0.5333699161478465,0.5566298102238894,4.930837949372015,4.9141524891541835,5.606622012483758,8.113516710792172,7.894993289961054,9.873160071560278,0.0,0.0,0.0,0.8466111548112148,0.7707551407418829,0.8559642797285727,1.5219474971448683,0.9694706076091482,1.5265399043785521,7.010682698444517,7.003680308966608,7.020887623901706,38.81657139867744,38.635104356411865,40.13135364039969,74.42360943413576,73.85770785270057,83.85005839532171,0.0,0.0,0.0,0.996256519988228,0.9958910512272148,0.9966180317112566
llama32_1b_int8,Llama 3.2,1.0,4096,16,openvino_auto,OpenVINO AUTO,1.0,0.5,1.5,1.268602297641337,1.268602297641337,1.268602297641337,3862.0,3862.0,3862.0,3862.0,3862.0,3862.0,42.0,42.0,42.0,2437.672801368064,2431.8424163796926,2496.3780351709356,42.59560837744187,42.279742390786204,43.42126381297793,1686.854773,1648.097835,1690.9087565,17.287563000000002,16.463734000000002,23.52200025,38.552819,37.741056,44.88032,9.485108176529431,9.462421853617482,9.71353321078185,3050.311308211266,3044.6146863295307,3161.081346596773,21.289388,21.277321999999998,21.37038575,23.49077585,22.917266599999998,26.138145574999996,1342.8137609999999,1297.3521815,1345.3309405,6.984477358161506,6.8687385095038485,7.506657426706629,2.2013598895691655,2.145665307961266,2.201598615608509,32.28940301110159,31.95735983896448,32.80804808097793,49.405196927634535,48.55893917351743,50.2113080185169,21.488917639031843,21.385329120822874,21.507250325220536,3.3459299677601657,3.285500327971927,3.7888004017488885,1.4262090513899914,1.3650145646424896,1.4265027569966748,24.28176363347702,24.003893105608014,24.74086406297284,37.600108189181626,36.80694321564572,38.3184896372165,18.47394419001786,18.34177442152551,18.480134027847026,0.0,0.0,0.0,1.1341629482943871,1.1142487031384545,1.2719750177603628,0.057150875991145766,0.05676512511040729,0.060962650352844254,1.3670795896770718,1.3432378446213205,1.5125927150357197,1.7272385609884744,1.696168255318124,1.9327087868000068,0.13645693681127996,0.13197210155520608,0.15692096052527377,0.0,0.0,0.0,2.5442129324188185,2.3311774089274917,2.6036083218192854,0.7184774142667152,0.7183307335014266,0.7199268190052757,6.688243278059004,6.464715763376498,6.723946173383775,10.139990788805138,9.850357476742051,10.196650125982273,2.8947509653414722,2.8804439009429226,2.909451260216854,0.0,0.0,0.0
llama32_1b_int8,Llama 3.2,1.0,8192,16,gpu_gpu,iGPU -> iGPU,1.0,0.5,1.5,0.9187737042084336,0.9187737042084336,0.9187737042084336,220.0,220.0,220.0,220.0,220.0,220.0,42.0,42.0,42.0,1991.9520956314186,1991.3239824413024,2036.9998023051478,36.702750829333525,36.53905668764847,36.96926810767188,4120.581021,4031.4270875,4121.881165000001,24.968767500000002,24.47295425,30.713383,49.93038000000001,49.46034950000001,55.581068,3.8829475548370733,3.881723162653611,3.970759848548046,2206.9605797410436,2204.4540376616737,2263.8510898725035,24.9616125,24.867685,24.98739525,26.37905115,26.3627312,27.860835,3711.892308,3620.899219,3716.1176649999998,15.006386750498745,14.113264811978233,15.083743911814285,4.426945586907501,4.319393291733926,4.436982567634126,79.12905894116182,77.6984596064574,79.16273157815411,119.48730836315762,117.46483539301722,119.95076412834953,56.420787612107496,56.18180444683793,56.53488944580363,10.512000389962555,9.52509369251893,10.688323099360698,3.563876672626402,3.4527578558585157,3.575231928001659,69.52798567036655,67.9563776227833,69.60382081702815,105.6003058925547,103.28040817112876,105.90392076391353,52.720157741035074,52.46573684746113,52.83126307577514,0.0,0.0,0.0,1.5002628461938698,1.4940586971974685,1.7173873533932453,0.06695086772258739,0.0665570588370519,0.06905755300064598,1.769953164885304,1.7672056387241248,2.023636404068531,2.259781184628971,2.2446926970314673,2.5513488489628564,0.16506053183873398,0.1632895679115533,0.19220847961727727,0.0,0.0,0.0,2.796192418177112,2.7718182179834536,2.9013621152561173,0.7961180465585116,0.7951935807954149,0.7975778828747636,7.679449812586761,7.642610432943982,7.791705122401828,11.657398261168964,11.64816686052312,11.802150667404536,3.539111267088047,3.525630083686708,3.5403368021169337,0.0,0.0,0.0
llama32_1b_int8,Llama 3.2,1.0,8192,16,gpu_npu,iGPU -> NPU,1.0,0.5,1.5,3.27463395986706,3.27463395986706,3.27463395986706,70047.0,53424.5,99028.0,7952.0,3984.0,7952.0,7952.0,3984.0,7952.0,617.1094153340514,613.5873768338695,617.9963014023187,2.2533140520654906,2.215884336033086,2.2535223358711622,13300.720741,13281.6602395,13377.5086645,143.612658,139.08920875,239.60557374999996,578.06371,573.819487,674.2112895,1.2029423300858701,1.1960767579607592,1.2046711528310308,1239.9029974361636,1236.4606647977018,1243.5165170554756,434.7603795,434.60571575,434.884942,435.84573915000004,435.4401756,440.66457927500005,6606.968462,6587.824981,6625.413754,21.20786964295194,19.73179872434076,21.28610152769106,16.794593040524912,16.760738008435425,16.80647090038216,153.15935962492063,151.43439688791673,153.18207749414574,275.99905608116836,273.9838185941855,276.0197789318199,72.66655451770728,72.65759598659872,72.88312289561472,16.142070175081308,15.717450985740083,16.851650042542303,8.994922622927398,8.994921054184243,9.021797928583569,107.11922729380223,106.83659506071015,107.81471828775935,186.31362331462122,185.51090142683373,186.48328560379537,72.64239258888226,72.63399276172356,72.86450784787007,0.0006225297634046164,0.0006216190194272659,0.0007309838161642698,2.1136576306482695,2.0784253578501155,3.278225624483934,0.5763339615288506,0.569876402516923,0.6085462705931977,4.508493650687228,4.438668407429336,5.6901727334537995,8.33430558549072,7.880981535725416,10.021169888544446,0.023044520925280795,0.018056343794783967,0.02360322487515328,0.8208403187946186,0.7373301362070914,0.8226132703678026,1.4722442282334853,0.7361221141167427,1.6160773228042018,7.169585844756323,7.169065246078092,7.1761267012053915,39.77898071953243,38.930346962977914,40.02964394928257,79.62428805182711,78.9257941792242,80.31804532726763,0.0,0.0,0.0,0.9969564834823278,0.9952605336361685,0.9972048004261044
llama32_1b_int8,Llama 3.2,1.0,8192,16,npu_gpu,NPU -> iGPU,1.0,0.5,1.5,4.679058878682554,4.679058878682554,4.679058878682554,220.0,220.0,220.0,546.0,546.0,546.0,42.0,42.0,42.0,497.98676712177,497.30152989494053,498.06327179973596,2.4233336970175614,2.423100915452703,2.4246246790578185,16482.365680999996,16479.834306999997,16505.108250499998,37.92101399999998,37.83757274999999,42.47179049999997,448.022276,447.6482045,452.35031749999996,0.9707344388338597,0.9693986937523207,0.9708835707597192,795.797917867858,794.1059515376303,795.9028748474279,409.655792,409.58789675,409.878527,410.9637322499999,410.89051599999993,411.17279992499994,10294.070662999999,10292.713346499999,10316.0506145,21.383648292939057,17.90746069682829,21.843953124956094,17.29025283796562,17.26417791967109,17.290295533735346,175.80124998157092,172.4639404194376,176.24886222576257,297.45268530687486,292.2796733976836,297.6630354349615,52.24180862715098,52.24019910198341,52.42982784674428,6.86717532081078,3.6081412238738686,6.925641476381056,10.247671323023088,10.24032199051555,10.25107120662208,94.23325267504548,90.95607588059161,94.33021872257379,148.98026179406457,145.0982872171411,149.3725162227487,0.0,0.0,0.0,0.7801062633914038,0.7783871063700809,0.7801335533911118,2.698247450440463,2.6895735913875773,2.763423452538428,0.5019829131723665,0.5012899576817667,0.502049440617572,7.162657791007343,7.148035890643108,7.231805468748829,11.88874136964856,11.841173099942296,11.891473245146042,3.4268682067527885,3.4241829738895726,3.4354343309099633,0.00909956489703821,0.009035434022825476,0.010726930657997867,11.818225521687815,11.535896020415995,12.228738057187464,6.533751171221216,6.519142256199299,6.537174886495691,74.4053395155181,74.27605907009715,74.77060761254567,136.31501008137934,135.15557690450527,136.44934611227052,48.81709183578947,48.816016128093835,48.99546922352995,0.013490365717546087,0.013488258571007796,0.013507181900486977
llama32_1b_int8,Llama 3.2,1.0,8192,16,npu_npu,NPU -> NPU,1.0,0.5,1.5,53.42489528097212,53.42489528097212,53.42489528097212,220.0,220.0,220.0,546.0,546.0,546.0,42.0,42.0,42.0,558.4689838488788,554.9380389115768,558.6395726703264,2.269622721831468,2.2384645486907893,2.2700425065129566,14697.324717000001,14692.8380425,14791.439292000003,106.45625449999996,104.85373725,198.77335349999996,539.641592,538.22179,632.088639,1.0886334967814402,1.0817505631804616,1.0889660285971274,1012.6155654590768,1012.5655133498194,1013.2809272703965,433.4452335,433.31528549999996,433.49800074999996,435.5378425,435.290865875,435.88724965,8089.9408220000005,8084.632121000001,8090.3407355,4.127896751092139,3.0718799339128546,6.035044724656718,17.507700741774087,17.49132765490016,17.555421774703554,124.97158133227556,122.9552505863899,127.92939229505254,214.7099383051866,213.84583000285744,216.70079144973067,0.0,0.0,0.0,0.0,0.0,0.0,9.777334535416475,9.771087968599963,9.7799367238867,82.13575632522,81.11871735360984,82.3438100678274,129.9941046536045,129.53997150430638,131.19615454450346,0.0,0.0,0.0,0.9870033879958583,0.9866061170760689,0.9871112195341651,2.7167899185214894,2.36632651762753,3.4223433348068144,0.5723774867330518,0.571244898661748,0.6033766116039537,5.496737327090319,5.130144386430735,5.985253916732947,8.620068183566431,8.387326893368584,9.673888100822127,0.0,0.0,0.0,0.8052233305249015,0.8039555957531291,0.8060295080443594,0.0,0.0,2.612701389849903,7.155049518826717,7.146392599168227,7.1732410272842015,36.073690012733394,36.009818514099294,39.66419980912629,74.89639193210053,74.8647116879268,76.2848819537032,0.0,0.0,0.0,0.996557089172723,0.9964513269701084,0.9967919936886396
llama32_1b_int8,Llama 3.2,1.0,8192,16,openvino_auto,OpenVINO AUTO,1.0,0.5,1.5,1.2622501756995916,1.2622501756995916,1.2622501756995916,220.0,220.0,220.0,220.0,220.0,220.0,42.0,42.0,42.0,1992.2299817125863,1984.4460014154822,2033.8534821355906,35.73533322996928,34.783495204403536,36.11471634074972,4120.006262,4037.3799145000003,4136.2306075,35.596438500000005,31.074547000000003,40.850077,60.869099000000006,56.33251,65.9804,3.8834892431044565,3.8683157922329086,3.9646266708296114,2208.692952151812,2208.6624866882466,2263.0448949792963,25.2432655,25.1156255,25.257962999999997,27.533039849999994,27.358370275,30.014380049999996,3708.980912,3621.9909260000004,3709.0320730000003,14.536360274757469,14.43298239283846,15.247277257478817,4.448294795352054,4.318776737308461,4.450612209573361,78.48722940757013,78.34543522515338,79.14560222910939,119.67482173749622,118.54672200702613,120.16399640349957,56.40733368703925,56.356929466428966,56.482908238924296,10.69132566170237,10.66078052070599,10.90532203160827,3.585404333442341,3.4555303744084083,3.5860410989802003,69.6972398867223,69.3707159926955,69.76947366943573,106.03843827763923,104.77525438935484,106.21388767308852,52.64344250181609,52.633916503695076,52.741129106735826,0.0,0.0,0.0,1.6245676216515563,1.5487832131170367,1.7844757257228967,0.06746350014670421,0.06717987139512523,0.06907096142321162,1.9702844210512094,1.8456503602801146,2.0916702411467387,2.5813650807006607,2.4145056830615115,2.6881210843688086,0.16950977817801205,0.1656754925185556,0.1972104746510183,0.0,0.0,0.0,2.281557273396304,2.2234186590154335,2.5880246411440333,0.7959942192661666,0.7944590302284207,0.7973912391980347,7.189164523016721,7.129068872177762,7.469188030136979,11.325186694784936,11.181512539160497,11.57252119930583,3.5501573009757648,3.5256994190596327,3.554094655658467,0.0,0.0,0.0
llama32_3b_int8,Llama 3.2,3.0,1024,16,gpu_gpu,iGPU -> iGPU,1.0,0.5,1.5,2.0611321507021785,2.0611321507021785,2.0611321507021785,198.0,198.0,198.0,391.0,391.0,391.0,42.0,42.0,42.0,885.9227589161226,885.2108475624998,889.8256500723675,21.803313353886523,21.623233998116255,21.822605480762782,1173.91724,1168.7907715000001,1174.862097,7.498630999999999,7.148169749999999,14.606403,52.738117,52.355517500000005,59.800734500000004,13.629580906401886,13.618628424038459,13.68962538572873,2101.962752263473,2100.509848509858,2154.0959503255035,45.1752095,45.16219325,45.20734775,46.2873215,45.944173425,46.336361849999996,487.163723,475.6520435,487.500923,7.390312137002354,7.390205214926781,7.533032407948388,2.590246810125504,2.581434686994064,2.5911652301367365,26.23129497765131,26.231270450911474,26.387254468889186,40.668361802898225,40.511412785813704,40.88407979268366,14.382622683538228,14.378931621228109,14.400274134465715,1.692969525599227,1.4480786324153736,1.695513071947631,0.7345120917643586,0.7215620711184363,0.7351319767086281,10.900743303907912,10.605416376271066,10.908645291602966,16.700227806977946,16.36244042832419,16.77310592505618,7.886858936420003,7.8666800442938865,7.8903067448984,0.0,0.0,0.0,1.575062046150486,1.559057878756139,1.8310882864239153,0.12630578628831415,0.12616670898631235,0.12899691018476667,2.1987280978018084,2.186802655921964,2.4932370878777768,2.8838284892742028,2.8587468807335044,3.236081892974254,0.41340541519684554,0.41242813057104494,0.44467064672590095,0.0,0.0,0.0,4.148987963193381,4.124498917133435,4.278354535169045,1.7300260022067575,1.7298665444417962,1.7311742407578246,13.155625406221603,13.144542428642474,13.291781994624419,21.055373456553475,20.93797207305596,21.212679353306974,6.077417284216188,6.076196745758665,6.086452919593332,0.0,0.0,0.0
llama32_3b_int8,Llama 3.2,3.0,1024,16,gpu_npu,iGPU -> NPU,1.0,0.5,1.5,3.387384426780045,3.387384426780045,3.387384426780045,198.0,198.0,198.0,75.0,75.0,75.0,42.0,42.0,42.0,23.854587823763186,23.753828515790786,23.886553971162282,0.35362107816781063,0.3520795857194341,0.35411852945293076,43597.48354000001,43539.21724350001,43783.203720000005,39.918366499999806,19.959183249999903,183.05546199999978,2863.89178,2822.7801010000003,3010.1572884999996,0.3669936588271259,0.36544351562755056,0.36748544571018893,868.3870964689012,867.4776133050075,868.9876500269104,2830.2302395,2827.1018265000002,2831.76314575,2838.0516805,2836.23621225,2840.567699175,1179.197623,1178.3832475,1180.435218,1.9787956457090536,1.1053419510760607,4.96803785162741,28.598442683452475,28.540405008380745,28.70692182903079,171.18701897226953,167.90928424850154,180.3787826057602,352.54414639053226,345.3388396405495,357.51177414124703,15.86924907023941,15.847112262111505,15.920960110978314,1.7012255880608311,0.9665569222519494,1.7115481957452674,1.6466620993390642,1.6431315072273556,1.6467076385221455,20.739051777798156,20.034854975475803,20.752511524316134,34.85651126048444,34.055929707798995,35.262156603412066,15.86924907023941,15.842999362107939,15.919601400137832,0.006760538758534711,0.005934698969922582,0.006793183314559439,0.25692484227935,0.128462421139675,3.2564896558821426,1.8127190429981348,1.7864008615072167,1.9027578162619603,11.491138382721436,10.721796547660723,14.702153865505935,24.07655902822064,21.40819101837193,29.050617679845203,0.0027174216809628315,0.0013587108404814158,0.005471610844046477,0.9948584719217288,0.9602387497523719,0.9958646314359043,0.0,0.0,0.0,25.17594228574426,25.099418699174954,25.187350687032392,141.90390608651606,137.13917297884703,146.41111559983915,292.78692361415233,285.993693108007,296.6679494205239,0.0,0.0,0.0,0.9995167336003411,0.9995004847825149,0.9995500052390196
llama32_3b_int8,Llama 3.2,3.0,1024,16,npu_gpu,NPU -> iGPU,1.0,0.5,1.5,3.839197274297476,3.839197274297476,3.839197274297476,198.0,198.0,198.0,391.0,391.0,391.0,42.0,42.0,42.0,69.65827708934658,69.5773169391966,69.71584568342323,1.3007896129247927,1.2993817570079957,1.3014789327438963,14930.027607,14917.7091515,14947.420422,23.294821999999993,18.18739349999998,59.24630000000003,788.450739,786.0158125,821.9490935,1.0716658013745628,1.0704202606030249,1.072551472052665,301.30317628367914,300.8713211320676,301.85611717535033,765.1559169999999,762.7027935,767.8284189999999,772.20370315,771.0669924,773.62143085,3398.570213,3392.3560855,3403.455357,25.939760625468637,25.34129927713571,27.47887946457137,15.802202851954725,15.770550316511171,15.822148646551511,178.01191453080276,177.4586426551794,181.30631102318011,316.93900126944885,314.1904559238401,321.0783161457126,102.35189226523185,102.22920741566102,102.57626443426923,0.0,0.0,0.7503041098024692,2.768857598519031,2.7541698517939155,2.7728910818399433,22.881143889740308,22.529245751397365,25.23832090213818,38.972253609925986,38.60235614039914,41.41896157087848,0.0,0.0,0.0,0.9964641299306094,0.9964099904107881,0.9967709780408662,3.3702948146888123,3.3585865509053225,3.44552592893994,0.8754235303994617,0.8749669638610651,0.8872497488368956,11.99272279359962,11.975016269790629,12.015392563657109,20.275610970915217,20.20410531598545,20.36403169401163,6.729139064294883,6.708593366679706,6.770495557783255,0.007618738499273574,0.007304031612578338,0.007639222751193485,22.569465810779825,21.895773348195775,23.369988803863578,12.157921723036232,12.14141350085619,12.162007815874672,143.8772571717667,142.93171086393394,144.44487198959425,258.5739429375209,255.38399446745552,259.73672600527914,95.54004021396022,95.47925755549294,95.80576887648597,0.01021797260653103,0.010190955078437057,0.010232998015196905
llama32_3b_int8,Llama 3.2,3.0,1024,16,npu_npu,NPU -> NPU,1.0,0.5,1.5,82.76745011471212,82.76745011471212,82.76745011471212,198.0,198.0,198.0,391.0,391.0,391.0,42.0,42.0,42.0,22.648072471293233,22.625985868117986,22.674849037372105,0.3530678521151351,0.35263248556730753,0.35345126270440874,45920.022612,45865.859948,45964.891743,18.52964849999994,9.26482424999997,130.17382,2850.05722,2826.3682120000003,2959.755029,0.34843188417374205,0.3480920902787383,0.34884383134418623,299.41742211826534,298.75081000797377,299.4593336871237,2830.874669,2829.25475775,2831.20112025,2835.7897153,2835.58684305,2836.6161079,3419.974672,3419.496088,3427.622835,0.0,0.0,2.7990830086189513,29.733644709295564,29.69254327097076,29.810310353086642,179.5221221248272,179.47330867099203,182.04676042193125,340.50019084505726,335.07231499000477,348.07864956227036,0.0,0.0,0.0,0.0,0.0,0.0,2.7808331336039043,2.77854243343833,2.7849919442213027,23.339457473047805,23.031922255042883,23.587502809838107,38.87730004545805,38.3497882604578,41.757472669845825,0.0,0.0,0.0,0.9970799980537663,0.9967692736324584,0.9975529458760726,0.0,0.0,2.7990830086189513,1.8137785656120373,1.8017092617571204,1.8888388244538026,12.782260621302393,11.96249448148037,15.027941694703333,28.312408484066065,24.839405417886496,29.386610422053597,0.0,0.0,0.0,0.9964778882579767,0.979881627052009,0.9967087647228403,0.0,0.0,0.0,25.130715388844827,25.105842064992338,25.138770284577113,144.9423094024507,142.23321086106785,146.44794967677757,280.2564884478923,270.808919373673,281.48177147453805,0.0,0.0,0.0,0.9995664163740778,0.9995098885796229,0.9995954005827717
llama32_3b_int8,Llama 3.2,3.0,1024,16,openvino_auto,OpenVINO AUTO,1.0,0.5,1.5,6.118285909295082,6.118285909295082,6.118285909295082,198.0,198.0,198.0,391.0,391.0,391.0,42.0,42.0,42.0,882.7828616728768,877.9154015387292,886.2044728396866,21.749894489086845,21.18394871866053,21.797943262613284,1178.092649,1173.56156,1184.6608095000001,6.429951999999996,5.774916249999998,24.429960749999996,51.736864,51.145810499999996,69.6456885,13.581274794967337,13.506390792903526,13.633914966764408,2122.6947982764887,2109.5951924522624,2165.487116322474,45.306912000000004,45.21572775,45.370894250000006,47.1721893,46.45683645,47.7575213,482.405667,473.057549,485.419899,7.0193177514586935,6.9951732620244,7.198402644758662,2.5875066277049155,2.5778408857246067,2.58899541262557,25.986406216363015,25.86622519266696,26.125816472765962,40.37300863796533,40.34702252709792,40.614714682430176,14.44039105644083,14.416692526265518,14.463393818513246,1.6720629524962192,1.3591350667825484,1.7194818812837558,0.7320108293966516,0.7176750582476183,0.7336678532974082,11.007556757679255,10.574469950867455,11.028106583936566,17.002824932070315,16.483440184969865,17.03863721180695,7.9088903310980045,7.868449183506374,7.983237012612085,0.0,0.0,0.0,1.597796655389073,1.5513814944545046,2.03152194202365,0.12846370114027117,0.1277637602755255,0.1303495516415203,2.122910391948098,2.092850165921609,2.682189731031678,2.9319617100117634,2.8248767963190113,3.497793098226289,0.413164323527123,0.3781596114089011,0.4762973844247811,0.0,0.0,0.0,3.8422884654425387,3.7243098862861403,3.854160796887032,1.728431978897484,1.7275637990526365,1.730516216700214,12.87495986627402,12.745268442808786,12.87866719063601,20.600419601533932,20.483508518971952,20.714580202059366,6.072952575203648,6.071945958334363,6.079305281186233,0.0,0.0,0.0
llama32_3b_int8,Llama 3.2,3.0,2048,16,gpu_gpu,iGPU -> iGPU,1.0,0.5,1.5,2.0173842906951904,2.0173842906951904,2.0173842906951904,277.0,277.0,277.0,319.0,319.0,319.0,42.0,42.0,42.0,1150.264065770481,1149.2217776170087,1163.4217666051843,21.019551024295893,20.8730493398255,21.053804782440682,1794.370581,1774.3041155,1795.9994649999999,10.457617999999995,10.250527249999994,17.333496499999992,57.002985,56.7772165,63.82611849999999,8.916775703647138,8.908695950519448,9.018773384536312,1890.925458695398,1890.1060609323322,1939.1279939297117,46.5080115,46.47394425,46.526689250000004,47.9484357,47.744698125,48.56285844999999,1083.067548,1056.7978355,1083.5372825,8.021161268266845,7.988212355628724,9.145753064531966,3.493423860557556,3.463761532674361,3.495847113061822,38.53564504158907,38.49702809296697,39.66106833638729,60.94014955563495,60.78808184951639,61.88337100008061,24.41421946726149,24.413460307737395,24.474169959559493,3.2898135843543064,2.8674987545387483,3.6667855956849538,1.5721931194187584,1.539049223047061,1.5729894624966172,23.82176791494572,23.35031027687922,24.19566646714859,37.257420021187905,36.66914236442278,37.51340998349167,17.713917944628644,17.709158407948795,17.7279807812398,0.0,0.0,0.0,1.6951047545970304,1.6532646995384885,1.8767683470225984,0.13211124636689206,0.13173915362211064,0.1337358189169821,2.2472146867550276,2.208382013160186,2.4814418763708477,2.948027035021786,2.8994310216080974,3.243920605768552,0.3332560996571052,0.3296250626576843,0.373097606939956,0.0,0.0,0.0,3.5175454040954888,3.285785309125919,4.024513951639973,1.7928334866487305,1.7905522403772407,1.793399743214584,12.941123336789683,12.704108613311739,13.455417630934345,21.319470671461982,20.92361489273875,21.71431806758551,6.375046177287255,6.374676837130918,6.3770919485354955,0.0,0.0,0.0
llama32_3b_int8,Llama 3.2,3.0,2048,16,gpu_npu,iGPU -> NPU,1.0,0.5,1.5,4.600884560495615,4.600884560495615,4.600884560495615,264.0,177.0,264.0,482.0,266.5,482.0,482.0,419.0,482.0,45.623767078164434,45.462361259247714,45.63904217206148,0.3531292789237527,0.35184723654509154,0.35329648113043577,45239.578671,45224.442341,45400.7658065,84.35156649999965,82.27486574999988,202.98069224999992,2914.522679,2912.125717,3033.5473935,0.35367261300902664,0.3524214051104474,0.35379102458962386,738.7816821334334,738.5453894227009,740.1075145511671,2830.1711125000006,2829.8508512500002,2830.5667012500003,2836.0547847,2834.57183185,2838.6559544499996,2772.1315369999998,2767.1744065,2773.0187459999997,8.882320731747846,7.734373746071612,12.30369458701951,30.913155394914657,30.902148556802242,31.065703218293542,210.84378081287474,208.54955234507702,213.72137244421145,416.2282920438131,409.757484178476,436.2166848554448,34.092508778341525,34.004959028673156,34.156037059551025,7.3868961464617895,6.84996520185425,7.4892373714641,3.8481078517461675,3.8450047762961406,3.8481668358371515,48.9633066942381,48.33010342034124,49.11959858542268,81.3751595709608,81.02207785429127,82.39627077422762,34.086817979694054,33.994055145657384,34.15319166022729,0.0028573680196186156,0.002526352910204673,0.002862041904597778,1.495424585286056,0.8844085442173624,4.81445721555541,1.8365296536088287,1.8282697295584553,1.9298115738817145,12.684257452015492,12.165055765024121,16.264379491223576,23.997313522300352,22.830164380853017,29.50683757776872,0.005690798647468697,0.0028453993237343485,0.010903883015774921,0.9729675532917683,0.9481786880188676,0.9730743214061293,0.0,0.0,0.0,25.24491976947844,25.22881506685666,25.29598473262505,151.50102658839762,144.31797922931898,153.22621325884612,298.62036665321676,298.2074575431492,325.8936347549634,0.0,0.0,0.0,0.9996101767083676,0.9995563732945032,0.9996109451063968
llama32_3b_int8,Llama 3.2,3.0,2048,16,npu_gpu,NPU -> iGPU,1.0,0.5,1.5,6.611713856458664,6.611713856458664,6.611713856458664,277.0,277.0,277.0,319.0,319.0,319.0,42.0,42.0,42.0,108.34020493987056,105.88352844635224,108.4007820809897,1.2484132829467474,1.2027163087494162,1.248661033086987,19051.099277,19040.4589795,19503.616074,37.27663000000003,36.68301500000004,529.8681325000001,836.720949,834.277497,1327.7813820000001,0.8398465499214771,0.8208025460957538,0.8403161401627108,291.9638585386874,291.4237807285005,292.4395012428163,796.38218,796.0634124999999,797.9132495,802.97972795,802.9777336249999,803.7555017750001,7014.566838000001,7003.176414500001,7027.5906405000005,26.864060009119086,26.47207614196561,31.0115775646017,19.519575336663337,19.499709715979165,19.68444418771204,213.83839521984925,213.3674971976949,216.83055061683424,382.82062867449895,377.563028533402,383.6879354475591,106.74596041213375,106.60512572156182,107.18981180016816,0.0,0.0,0.0,5.760340618368337,5.73493884612337,5.764915330421683,50.74885388960412,49.58471162395393,51.10278642283647,85.08413566934466,82.80978048319889,86.61077976338782,0.0,0.0,0.0,0.987899430697458,0.9875774528742554,0.9880351777930745,3.663486961379215,3.5300300405959986,7.089524733265434,0.9419529616931417,0.9406139051366618,1.1618620221146299,12.681379356016407,12.518155385730086,16.541772476726344,21.406355809617935,21.194645295977658,27.368714939555957,7.062729094860259,7.039103583887998,7.087199529029384,0.007238972571726538,0.005811265673781069,0.00726564625999609,23.20057304773987,22.942046101369606,23.922052831336266,12.771079204239783,12.764542043293002,12.79418048042082,150.4081619742287,149.74655538912833,150.70406651615394,268.95412930795186,267.59624362428747,271.9827959307611,99.73048233921801,99.5415517035047,100.15070821628015,0.009942970945060085,0.009942890080344564,0.009969913060611714
llama32_3b_int8,Llama 3.2,3.0,2048,16,npu_npu,NPU -> NPU,1.0,0.5,1.5,76.00955897755921,76.00955897755921,76.00955897755921,277.0,277.0,277.0,319.0,319.0,319.0,42.0,42.0,42.0,41.732074903010925,41.64938155957386,41.75481827442782,0.35335063986550913,0.35252279974412565,0.35336695986142963,49458.360381,49431.435644,49556.753526,82.42263350000023,79.72398300000006,164.89462750000007,2918.461713,2917.308137,3001.4059695,0.32350445661248783,0.3228634229424331,0.32368076181726996,292.38139561749716,292.3175625481181,293.366173606915,2836.9836045,2836.511342,2838.0564165,2843.7776596,2842.9972391,2845.161547975,7004.549642,6981.1152815000005,7006.079551999999,1.097605515636987,0.5488027578184935,3.9242273107847785,32.73965603054697,32.7004704171018,32.83815998908736,190.97697516598907,188.76376841666786,196.18286563944673,353.2761936063624,349.03270741656024,360.9001598007682,0.0,0.0,0.0,0.0,0.0,0.0,5.736980345070011,5.697650307774541,5.741779404812261,48.28640700957458,45.807344010935125,49.60747189827701,78.48408029212395,75.3191827113865,79.75951671393318,0.0,0.0,0.0,0.9909885317087825,0.9909745032774739,0.9914084469991153,1.097605515636987,0.5488027578184935,3.9242273107847785,1.8497053935541592,1.8436751277579833,1.912347154566827,12.559245590391576,11.887846513068599,15.499157411784154,22.165615282778354,22.071571006597402,25.884789796669644,0.0,0.0,0.0,0.9722029270724927,0.9669628739874989,0.9724032003992237,0.0,0.0,0.0,25.15543270403065,25.154345921827016,25.190063695504445,130.6630350646594,126.13620210524614,136.27446836612182,250.46932081333074,247.82873490850415,257.990483471173,0.0,0.0,0.0,0.9994452897412971,0.99935694203161,0.9994878459892854
llama32_3b_int8,Llama 3.2,3.0,2048,16,openvino_auto,OpenVINO AUTO,1.0,0.5,1.5,2.638357453979552,2.638357453979552,2.638357453979552,277.0,277.0,277.0,319.0,319.0,319.0,42.0,42.0,42.0,1150.2528681854812,1147.3852929210516,1158.0205301311073,20.85749567022376,20.662702618481312,20.8981384108814,1794.3880490000001,1782.432018,1798.8838665,10.557741000000002,10.29793125,18.04361725,57.29728,57.254596,64.8503235,8.916688900662646,8.89445963504691,8.976903334349668,1899.7898462304997,1894.3581195505703,1936.7673333274945,46.873873499999995,46.80670624999999,47.023832,48.84929755,48.3419854,48.921941675,1078.013973,1057.8177210000001,1081.1138700000001,8.929563442758232,8.852799875752137,9.034717942143843,3.480257397672276,3.45957050257406,3.4849377906228485,39.691622735453166,39.58501344993367,39.86421261456928,62.8227101239138,62.17130967210485,62.96457651761355,24.804160672562777,24.671290411615757,24.809693392476564,3.380779089818326,3.0719875431333525,3.433426669758358,1.558491573504653,1.5347111241883087,1.5619356178643384,24.263949931051748,23.7276147381792,24.307952191240265,37.986749914834625,37.03643723144302,38.15362518167963,18.044007235018324,17.872815153003433,18.054529877824535,0.0,0.0,0.0,1.7195980844934329,1.670770501384491,1.9140535340675808,0.1331639853667479,0.13295907183460434,0.13472691600293785,2.27959724711287,2.2303812433666534,2.5228398036037545,3.0320116784507047,2.986012922917049,3.327760385038324,0.3340494961240374,0.3337745836593522,0.38011500652511465,0.0,0.0,0.0,4.039495267217696,3.853757203994898,4.048676864942911,1.791074535982649,1.7900431009239055,1.7913688109737003,13.493255315520777,13.32587917996236,13.50714878726683,21.81027558061854,21.807112055623506,21.828101938011912,6.410616562754001,6.408112521745684,6.4238929720009965,0.0,0.0,0.0
llama32_3b_int8,Llama 3.2,3.0,4096,16,gpu_gpu,iGPU -> iGPU,1.0,0.5,1.5,2.066939522512257,2.066939522512257,2.066939522512257,198.0,198.0,198.0,437.0,437.0,437.0,42.0,42.0,42.0,1219.3060014888113,1217.2908854773332,1234.657068514679,19.420640098341977,19.321538718789483,19.466155893590347,3372.410203,3330.9943965,3378.0021829999996,15.7825625,15.60575175,22.095698249999998,65.727141,65.725774,72.0063855,4.744381328750238,4.736540410417638,4.804113107061007,1573.1824141342943,1570.898915386571,1602.7744299856492,49.944578500000006,49.91068725,50.120022250000005,51.33547565,51.27819735,51.438525874999996,2603.63958,2556.440041,2607.4298065000003,13.027064879595953,12.66631046225842,13.08941792571295,5.301213848639689,5.251156803118853,5.316072982894303,74.06952081765412,73.5961031534965,74.10098252103782,113.35277626691649,113.05466711862744,114.17480194906693,51.78663981179336,51.74519190936179,51.79473337725912,7.470557110777938,6.872954958331332,7.772598471152195,3.2480228796143984,3.1946181436252004,3.2612745158190872,57.45938335240985,56.739589729793025,57.79850914379564,88.23712526896685,87.17247826162775,88.3686139294384,44.21837411027003,44.203987041692244,44.26234481459707,0.0,0.0,0.0,1.9799944094991928,1.7382310316852596,2.0396009919545026,0.14246435327038492,0.14194605507430302,0.14467265290987663,2.640384230510559,2.3942536650499395,2.7369895578924064,3.43884298308559,3.1522390115432204,3.5871144471092236,0.41844321397581447,0.4134687111724039,0.4518773338496608,0.0,0.0,0.0,3.701219451552816,3.5785884228754954,3.816107558089583,1.9130053974126469,1.9118660065837763,1.9139918028297833,14.032676641501093,13.908219712192233,14.150985569194749,22.913340804916867,22.58167838143283,22.985611431569353,7.088017215431775,7.085485731615799,7.0918590176358665,0.0,0.0,0.0
llama32_3b_int8,Llama 3.2,3.0,4096,16,gpu_npu,iGPU -> NPU,1.0,0.5,1.5,4.4918860103935,4.4918860103935,4.4918860103935,7998.0,4131.0,7998.0,4194.0,2338.0,4194.0,4194.0,2338.0,4194.0,84.33804620679349,84.05484529966185,84.34619819193273,0.35072200275412563,0.34931277947322437,0.3508353084495518,48756.168596999996,48751.456812,48920.9951475,150.98215700000006,144.46575400000006,267.2722325000001,2997.3252380000004,2989.2198705,3116.43692,0.32816360391748445,0.3270616548624975,0.3281953237040185,684.1201665016004,683.0839356193152,685.0842665960845,2846.343081,2844.7541165000002,2849.1646874999997,2850.6773291,2850.613084875,2854.1566817000003,5987.252241,5978.8383875,5996.3486365,17.617928996176946,17.19335966282368,22.61451986412247,35.81104012682942,35.77184814425864,35.974336367047236,268.73373389815714,259.6094847110352,270.09097783622565,502.95500760038215,502.5280058920688,509.2773202999273,73.09470189040118,73.05346811344168,73.23833944408739,16.768790329470416,16.73840878469235,17.254327184872054,8.427213500077963,8.405807087022094,8.433957003002252,106.50730031696173,106.35158242893411,107.09922307578519,179.77420083736797,179.44456483856735,180.57026035990418,73.07212948791909,73.03280433325122,73.22705324284634,0.001012914108377772,0.0010094423768010857,0.0011719876169440067,0.9099017562626628,0.4549508781313314,5.390574224028483,1.923230660679057,1.9096308740434678,2.0046579327205984,12.63396794760098,12.02140910241227,17.216514484190764,26.656262767811924,25.853364381160866,31.65293596438415,0.018755157898846894,0.009377578949423447,0.02066378019046966,0.9540769762804098,0.9430044449081137,0.9546382242681533,0.0,0.0,0.0,25.447108960223822,25.428260267212924,25.557127844380254,139.24352704276794,135.44946503908682,146.3877991214384,297.5837039560757,297.05412397563896,297.75965665277727,0.0,0.0,0.0,0.9994382234765676,0.9993956695416089,0.9994745074744328
llama32_3b_int8,Llama 3.2,3.0,4096,16,npu_gpu,NPU -> iGPU,1.0,0.5,1.5,20.787048494443297,20.787048494443297,20.787048494443297,3862.0,3862.0,3862.0,437.0,437.0,437.0,42.0,42.0,42.0,143.10730998668336,120.69970398011314,143.44460273551607,1.1576177595060515,0.8638391032679718,1.1597144521067142,28733.68244,28666.2771335,35284.0872895,80.75042799999999,58.823157000000016,6626.296616999999,940.1884809999999,918.8704055,7483.750171,0.5568377820493515,0.46964865361911723,0.5581502051965606,261.09135478497774,260.3628137155245,262.49174649762637,859.438053,857.4535539999999,860.0472485,862.823647,862.79178445,918.8432647,15687.995504,15604.744297500001,15732.016460499999,32.10625581061065,31.48145065461331,111.62044179005636,27.934346226141233,27.90596342599676,30.769019395835755,294.138159925216,293.32444675942554,379.2989087913215,518.6196736315144,515.732118835095,638.8623619698518,117.12422368711488,117.1226187310555,117.29386131255265,0.0,0.0,0.0,12.693536595932521,12.601833331966612,12.695262507966358,111.41095525539762,108.95020766087931,112.77182284220876,190.01020374899053,185.19861945808648,191.19022426281145,0.0,0.0,0.0,0.9177923334009646,0.91550854721104,0.9186410158695164,3.9851777373574855,3.857565550303728,82.28701553925332,1.0751137814781808,1.0686022649546074,4.021820659767652,13.89485598941644,13.799640521474455,101.25567137932069,23.585010363136874,23.55310061874178,150.66825286022626,7.7048998842037015,7.704669102797313,8.305890006160356,0.006440198026633768,0.003439029057107974,0.006586476548095274,28.121078073253166,27.623885104309586,29.333426250803033,14.125034959472458,14.121768208446756,14.145365404101495,167.20492234882104,166.75298339574232,168.27931658533106,300.9665197836912,300.13984459951473,301.8154691377182,109.41611389079242,108.9863663503329,109.41794962825819,0.009246566567648218,0.00914708395968776,0.009246890600880634
llama32_3b_int8,Llama 3.2,3.0,4096,16,npu_npu,NPU -> NPU,1.0,0.5,1.5,66.77790557779372,66.77790557779372,66.77790557779372,3862.0,3862.0,3862.0,437.0,437.0,437.0,42.0,42.0,42.0,71.6017473652467,71.52980472906557,71.61747178400842,0.3506944495092191,0.3503992031048404,0.3508847839385537,57428.766075,57416.159713500005,57486.584441,151.40608049999972,142.67370999999974,230.9836285,2998.536246,2988.9530585,3071.8704855,0.2786060208764463,0.2783260884399439,0.2786672053852468,278.6397294558105,278.6124238044032,279.29397882015576,2845.4285315,2840.03604,2846.2793485,2852.19302925,2851.039438975,2852.9348050500003,14699.985562,14665.631152,14701.426388,5.121357174363309,3.6374387558499146,6.557520659124203,39.84143364275095,39.833354302816275,39.85543866477458,258.5230933984552,251.6911412609408,270.1204638161338,464.8288393481086,454.4506929341916,475.4216207968,0.0,0.0,0.0,0.0,0.0,0.0,12.391782101421231,12.389396190759816,12.400175896196613,101.03713365019972,100.93836592611764,101.3300199600331,167.1264327723231,166.24837895015315,168.84815153757546,0.0,0.0,0.0,0.9872208453449752,0.9871561115032805,0.9895600672561428,2.760220449974737,2.4568703936556284,5.376952296929916,1.9155909414696557,1.9126063526147892,1.9919548876203033,14.16635568912711,13.807201053530619,16.82234573229385,25.156218555242788,23.87458985640793,28.309491083536972,0.0,0.0,0.0,0.9548562248728608,0.9377243813859819,0.9556993784077576,0.0,0.0,1.1805683621942862,25.501114330439943,25.4576144516844,25.52057205400487,144.03791333032137,134.28958423812583,154.9832428025701,275.10944541821243,261.1744515993363,282.69887940281666,0.0,0.0,0.0,0.9995165790692236,0.9994816731624478,0.9995308883761276
llama32_3b_int8,Llama 3.2,3.0,4096,16,openvino_auto,OpenVINO AUTO,1.0,0.5,1.5,2.8415395403280854,2.8415395403280854,2.8415395403280854,198.0,198.0,198.0,437.0,437.0,437.0,42.0,42.0,42.0,1212.348683313514,1209.5340258057568,1226.7822062625305,19.286614166068507,19.18473768453031,19.326724246506163,3391.7634889999995,3352.3222419999997,3399.674734,16.458711,14.555304749999998,22.279412750000006,67.075192,65.1504025,72.6717,4.7173100518035564,4.706358077065201,4.773471619698562,1565.005309960619,1561.2559261371325,1593.0026356899746,50.57371450000001,50.370904,50.59509775000001,52.0007851,51.767425125,52.28602015,2617.243516,2572.0394315000003,2623.5440035,12.630223597018613,12.27919947101159,12.827439186330832,5.326183962451652,5.271973250979414,5.3263090152958785,74.34411975102287,73.77339094338319,74.3840085696022,116.29787818954264,115.7639674516403,116.5113342570001,52.118317023784805,52.10499113862943,52.253351414439535,6.926332497222468,6.488026713333719,7.100424297671135,3.2683825444181362,3.2118169686534843,3.2691456507191217,57.63983035566025,56.9371882581366,57.6505899892113,89.75456969740141,88.88101665418984,89.97594637776413,44.55860562030121,44.546918823744335,44.71783269941383,0.0,0.0,0.0,1.9913605931906844,1.8858592069738145,2.0840967945809155,0.14268727757645652,0.1422109449594996,0.14463658720185213,2.634201647684825,2.530074073188035,2.7633891038807503,3.45763016753342,3.333931645991319,3.6418850708661177,0.4092933384421108,0.40422339113035954,0.437262413947117,0.0,0.0,0.0,3.71253050660546,3.7070759630969565,3.8411556816858807,1.9151141404570593,1.9149524196172574,1.9155196951240783,14.075539415053887,14.072813581365839,14.206070340890907,23.3172341418815,23.201456233244656,23.356843635221203,7.11785350714521,7.115013044947204,7.120809900937974,0.0,0.0,0.0
llama32_3b_int8,Llama 3.2,3.0,8192,16,gpu_gpu,iGPU -> iGPU,1.0,0.5,1.5,2.036373575218022,2.036373575218022,2.036373575218022,8.0,8.0,8.0,472.0,472.0,472.0,42.0,42.0,42.0,1008.1318011354167,1007.4296557223142,1016.1774668256412,17.000403302834275,16.6245258315413,17.00297520456668,8141.7925620000005,8077.8356575,8147.471082,27.083621,26.352265,40.0438075,83.814453,83.1311555,97.09890999999999,1.965169202993015,1.9638004984840434,1.9808527618433551,1128.4585046218929,1127.5564990001951,1141.8852712064945,56.826949,56.778890499999996,57.103161,58.28485109999999,58.271497675,59.770130374999994,7259.460553,7175.0927985,7265.272516,24.93387582371163,22.906752981643727,25.160991878959738,11.295721789650278,11.203786909440135,11.30550458415285,173.47105202110234,170.94235678689137,173.54119108808368,269.40745113748727,265.76261624140443,269.8869183300425,128.47715171799817,128.30932652464244,128.62972036336964,19.200983126557276,17.3332994019865,19.211030613463294,8.973975066418188,8.86167291760674,8.982940869201844,154.489456833781,152.18426965924922,154.67181967006331,239.88686616006254,236.3219191312628,240.0375469868325,119.47538263581772,119.24735807420117,119.63719855485087,0.0,0.0,0.0,2.043249866463834,2.0261863232665647,2.0977651557947334,0.16467351096642213,0.16456630896402907,0.181412405646418,2.916691436098706,2.8548161783608963,2.932278767399929,3.900913497925666,3.813607796409689,3.9927123484699876,0.5111181153470254,0.5059015166370113,0.5438058719039238,0.0,0.0,0.0,3.703674943273029,3.5372197694846474,3.8692596528989824,2.1587071957034976,2.1579974059869755,2.161518577905891,15.823928594133633,15.705320781697726,16.01455523965949,25.794282882531014,25.535290463187614,26.035763546800286,8.50108416425345,8.48662029188176,8.523379177247362,0.0,0.0,0.0
llama32_3b_int8,Llama 3.2,3.0,8192,16,gpu_npu,iGPU -> NPU,1.0,0.5,1.5,5.527272189036012,5.527272189036012,5.527272189036012,7998.0,7998.0,7998.0,4194.0,4194.0,35943.0,4194.0,4194.0,35943.0,144.5212827319024,144.18210183653105,144.87851797611216,0.34845973475980985,0.3473555864334857,0.3497628677893906,56794.403182999995,56654.706434499996,56928.324104499996,285.56605750000006,282.8988727499999,388.443173,3132.6099369999997,3132.0978569999997,3239.5189764999996,0.28171790006218794,0.28105672872618137,0.2824142650606475,595.8761724652,595.0079764838258,596.0213876948658,2852.378249,2849.1989842499997,2853.74298825,2857.7253351499994,2856.4511350499997,2859.8060946499995,13747.82275,13744.474032999999,13767.911969499999,47.77011450346862,43.541341886917834,48.043021525037645,47.81497215358939,47.71774654564739,47.93768551245961,412.37678927075007,401.0480768253643,412.6748354073428,759.8573176200001,745.9019608855986,761.9967981965015,167.85426403256145,167.3782888764246,167.95767302474877,38.91113314121475,36.68934747462755,40.82985122538383,19.833621804032852,19.831597106731305,19.852014505446235,246.01757942028584,243.1416521327286,247.95446362139117,412.70697482629686,412.33827535821536,416.26014197300526,167.85426403256145,167.37393146660816,167.95493466509362,0.0004449431820031285,0.000443206994072757,0.0005130227582594003,5.02154519391571,4.933276328121198,7.213170299653817,2.049821870029951,2.040166766701773,2.1317458548130332,16.877700327489656,16.823061257682767,19.29653951022896,29.10522873778509,29.089404995953824,34.16067210312886,0.005476719310297225,0.0027383596551486125,0.007095769471575438,0.9168214458907347,0.9091780763107236,0.9174946909216842,0.0,0.0,0.0,25.93557787412968,25.82758997080093,25.97434255091527,144.64383115749598,138.66452425221365,145.42383227572273,310.9387797625013,300.9211133847209,311.57598412036737,0.0,0.0,0.0,0.9993923306627079,0.9993627717445914,0.9994013951530071
llama32_3b_int8,Llama 3.2,3.0,8192,16,npu_gpu,NPU -> iGPU,1.0,0.5,1.5,93.69124769791961,93.69124769791961,93.69124769791961,8.0,8.0,8.0,472.0,472.0,472.0,42.0,42.0,42.0,149.07367818969212,119.11804288563758,149.71300958151556,0.9043003048951931,0.5910240932489629,0.9080046225549259,55060.021995,54825.8946095,73558.377787,156.64716349999998,118.32557649999998,18666.2203665,1252.445442,1211.9333995,19765.307978499997,0.29059196528205095,0.2321989140070908,0.29183822530509856,214.7924225105475,213.86155886154694,215.04143711597249,1095.7982785,1093.607823,1099.087612,1103.34366205,1103.0796440499998,1157.6671056,38139.14804,38095.0345885,38305.8799735,87.12301749513152,84.90683162780823,196.72781135996513,48.752058087149436,48.72704346499972,54.883730452378,526.4798377317145,523.8640965693708,657.8814805503018,884.0308489726917,877.8167116702678,1103.8205962440234,141.2778483665204,141.20845827630717,141.28424065355756,45.72916639736829,40.985769946892596,50.05024436578992,30.084965699699996,30.027778718205575,30.10245559772755,304.3674322407064,299.61255254868024,309.08895239827115,486.37155955701684,483.353135648807,493.63615978179547,0.0,0.0,0.0,0.8214443323994083,0.8177840791744915,0.82261867308242,6.767127755277554,5.589298100828458,126.97967322741458,1.3787912286733932,1.36489119989269,7.414566600741518,19.07523677878505,17.775550495058127,157.7545639168261,31.715332451642816,30.150146304803503,250.56913608177894,9.435273515180707,9.381706596297594,9.492156284465363,0.005174056255489629,0.00266706068830827,0.005745249529935043,28.3402267145406,25.619119871685413,29.26728916118984,17.352645877465445,17.33437354690145,17.398880613253638,197.8056863875357,196.99959367604157,197.8986229224518,354.5451288081534,354.03040558366877,364.1989104354981,131.855359425414,131.72269427887898,131.90253405725997,0.007246120389914592,0.007165867200522714,0.0072591953087783045
llama32_3b_int8,Llama 3.2,3.0,8192,16,npu_npu,NPU -> NPU,1.0,0.5,1.5,135.17051207832992,135.17051207832992,135.17051207832992,8.0,8.0,8.0,546.0,546.0,546.0,42.0,42.0,42.0,110.27153677782337,110.14113783267419,110.5691004836716,0.34906506114757124,0.3483215488673066,0.34951404510488515,74434.439202,74234.65879249999,74522.668519,283.2664980000001,278.5761289999999,358.0746459999999,3135.699234,3130.3888644999997,3211.2036725,0.2149542627248019,0.2147000737479029,0.21553430893503234,260.43453671963016,260.4039679493996,261.6121508110652,2852.4327359999997,2851.8127354999997,2853.1290265,2859.5084878,2859.41932465,2860.4554501499997,31455.121518,31314.164756,31458.814462000002,2.089022683344874,1.7641212834454123,4.986614755303729,56.368147796179855,56.13605802964507,56.52469426080167,390.87795967337087,384.2611187445783,391.82978456820643,673.931472757231,666.5306452112704,686.5924446637507,0.0,0.0,0.0,0.0,0.0,0.0,28.545779199842094,28.332901389983263,28.60651261978981,229.45886146470778,222.47044156664714,231.21731602535277,377.9961972948897,367.3757626380314,383.5773657396119,0.0,0.0,0.0,0.9901005698849026,0.9897157704095125,0.9906817830143514,2.089022683344874,1.7641212834454123,4.986614755303729,2.0475028563219926,2.0473301460964364,2.1228446443444335,13.701493977237174,13.358591748141876,16.621535436226328,26.916372309161822,25.90372490240825,30.471199629863385,0.0,0.0,0.0,0.9162680428170171,0.9139676243335235,0.9176875981579463,0.0,0.0,0.0,25.774865740015766,25.75582649356537,25.795336996667423,149.14656662815258,143.75358941015512,149.38391032462482,277.48341218848225,269.69633035012924,280.33096113262843,0.0,0.0,0.0,0.9993970210972781,0.9993501397287228,0.9994046517539253
llama32_3b_int8,Llama 3.2,3.0,8192,16,openvino_auto,OpenVINO AUTO,1.0,0.5,1.5,2.8224128568544984,2.8224128568544984,2.8224128568544984,8.0,8.0,8.0,472.0,472.0,472.0,42.0,42.0,42.0,1008.5790526781093,1007.2065404821847,1017.7611700049719,16.678333587235016,16.676026572321348,16.68209021545518,8138.1821070000005,8065.416898,8149.2870745,27.470960999999996,27.213818500000002,31.85713575,84.926037,84.74626649999999,89.2131985,1.9660410383588875,1.9633655759886643,1.983939902543805,1131.7163674723618,1129.96613123745,1143.273066259795,57.455076,57.35606274999999,57.532448,60.86803815,59.8453665,61.430399225,7238.5628019999995,7166.1245149999995,7249.792208499999,21.646081651309334,19.822902358690474,23.056270185829476,11.278260949588216,11.142980868957377,11.302008772044772,169.23051540839185,167.72327319884317,171.21107840498874,262.0924873987669,261.3065129667833,267.00453175276726,128.63576686537738,128.43562236430677,128.80613863917614,16.787839589212425,14.054745186790077,18.234538514139786,8.957225365132029,8.824401446066288,8.975660301869667,151.3771854386759,148.9396437193705,153.41827858415107,233.24611606389658,231.59206512702175,238.097475752626,119.58270327249582,119.37395235617797,119.77190430149106,0.0,0.0,0.0,1.747698448598858,1.6677584808581805,1.9665769417577228,0.16623783502896894,0.16520112737809767,0.16669234985103754,2.5897452125238236,2.4860071953308953,2.775474601430589,3.56083944014668,3.4463012470544143,3.730731107081895,0.5050738357374444,0.5014727044064377,0.5341175437303347,0.0,0.0,0.0,3.1974027681649755,3.153973190831513,3.845009807476136,2.154797749427217,2.1518870730400526,2.161147342797009,15.35000049382142,15.306792625506777,16.051362746356705,25.63597761145011,25.460754753086867,26.15893959104292,8.510331246751145,8.508723209201985,8.532761633278643,0.0,0.0,0.0
qwen25_0_5b_int8,Qwen2.5,0.5,1024,16,gpu_gpu,iGPU -> iGPU,1.0,0.5,1.5,2.750969306565821,2.750969306565821,2.750969306565821,1110.0,1110.0,1110.0,78.0,78.0,78.0,42.0,42.0,42.0,601.1998280237831,595.8893456962612,601.3468493897758,9.75093044304626,9.649015555006411,9.752428122034573,1729.8740810000002,1729.4512530000002,1745.4291005,10.738577499999998,6.761390499999998,20.81652574999999,112.47704399999999,108.7933165,122.70257649999999,9.249228123442817,9.167528395327096,9.251489990611937,5356.038108901572,5350.820022071556,5375.218922692572,102.03363500000002,101.88605075000001,102.17951025000002,103.50863495000002,102.87046355000001,104.667836875,191.186093,190.50629450000002,191.3727185,8.224672207059966,8.07388877081418,8.61643465717682,1.7854976356036376,1.7838699246535565,1.812621000254934,26.317972979275677,26.183908455895075,26.77849874780734,43.47283453117255,43.46314460176121,44.08384408151424,14.343031616359998,14.323898516217756,14.34867938334319,0.38655992532877237,0.3096495185291711,0.41999011182530377,0.2160820046435963,0.21572869136054085,0.216557002997057,3.0351857198192262,2.9600217671631337,3.0666994377038606,5.10488779096549,4.984383851283274,5.114342929132206,2.2051689201847338,2.2051075374576725,2.2083743142990553,0.018400919987417705,0.018367332062345712,0.018419404855863394,2.088972166250885,2.085175415098333,2.1343538101951243,0.10717142781592506,0.10701811610613485,0.10918524327081153,3.124990127065797,3.1191993316496602,3.179157897164534,4.298019305653108,4.293877448414943,4.382084504321163,0.8094134437971866,0.8066593892979287,0.8146649190232047,0.027730102864367594,0.027300885383601856,0.028792328904460852,5.68987324479235,5.523341599946305,6.188179537052784,1.4596954078100648,1.458955990022204,1.4877714834847162,20.10635128745366,19.943841916442818,20.66776393110991,34.05930087269685,33.970859025546005,34.79612764364931,11.311535513697399,11.303674720121816,11.32564015002093,0.030362330590886253,0.030355663195502633,0.030473228415280988
qwen25_0_5b_int8,Qwen2.5,0.5,1024,16,gpu_npu,iGPU -> NPU,1.0,0.5,1.5,1.8750331504270434,1.8750331504270434,1.8750331504270434,1110.0,1110.0,1110.0,78.0,78.0,78.0,42.0,42.0,42.0,499.3360134576087,484.918320341676,499.5950949466352,7.9384475848690235,7.675794828105598,7.940916935939864,2082.765857,2081.68633,2146.5886815000003,42.95409249999999,42.72648749999999,92.59077775,165.826652,165.457402,215.4207535,7.682092514732442,7.4602818514104,7.686078383794388,5326.580921024621,5313.014734965534,5401.580424208415,122.787392,122.68833075,122.82997575,125.75092655,125.52063652500001,131.7183804,192.24339500000002,189.610701,192.7355235,5.374679480741393,4.560330310545229,6.464868171962305,2.4478701595246473,2.44564737772384,2.4926496695477787,20.346922833526655,19.524869611877847,21.582289530400267,35.32769544829586,34.93821684787136,38.14226822067785,2.245233193106266,2.2429424266120725,2.2736396285386613,0.27992575405904374,0.2551687911872185,0.317263540986048,0.2152071932406302,0.21463629160519587,0.2157170394663001,2.9334635656287045,2.9133966722756943,3.0002900386106885,4.931088980314531,4.898764822442601,5.026350000399718,2.2157257518953655,2.2131002426501407,2.245516150960543,0.018439389823978195,0.015732272366210606,0.018613847883145754,2.0170760734321744,1.991328537071404,2.376480851925041,0.15523441923506154,0.15440435003479905,0.16300074195330386,2.5816677502901824,2.5508181931092855,2.956236501677975,3.7421321869797515,3.7250217352460275,4.365202408330876,0.02950744121090033,0.028123477578118245,0.02984218396193146,0.9748131440294652,0.7943912502887108,0.9750066755036856,3.0776776532501744,2.313832982286606,3.7711237790512153,2.0780689929981406,2.075525988222741,2.1153328589638716,14.831791517607767,14.060654746492867,15.625762990111603,26.68869518446903,26.314430290182734,28.76782626368098,0.0,0.0,0.0,0.9918044108445088,0.9824276997458916,0.9929804425024464
qwen25_0_5b_int8,Qwen2.5,0.5,1024,16,npu_gpu,NPU -> iGPU,1.0,0.5,1.5,1.9465706059709191,1.9465706059709191,1.9465706059709191,1110.0,1110.0,1110.0,78.0,78.0,78.0,42.0,42.0,42.0,566.2395974918925,561.02859537887,566.897764956053,9.769951154725376,9.669394090399134,9.782788317634687,1836.678333,1834.548425,1853.8978935,17.260747500000008,14.573038750000004,28.21628575,118.348758,115.690358,129.436107,8.71137842295219,8.63120915967492,8.721504076246969,3397.9465591737776,3385.798179192721,3399.2766572133132,101.146628,101.11731925000001,101.24913000000001,102.25067304999999,102.22514754999999,103.46957682499999,301.358477,301.24060499999996,302.44365700000003,7.452796728970579,7.430054657650996,7.538321378150276,1.8232543003331638,1.8218106478290519,1.8262916209670146,24.632894895747484,24.603689416849285,24.84368549043886,42.20612338627203,42.151345870827356,42.24424979619559,11.96233540317442,11.955711315177137,11.984739529409183,0.0,0.0,0.05208361169543191,0.25176237742262486,0.25149599781461096,0.2569275121024196,1.8654383700245332,1.857496798740673,2.0221559172294294,3.6082764807132315,3.580156804159669,3.82542320173898,0.0,0.0,0.0,0.9868036100748329,0.9828034100651457,0.9869253371463207,2.1610961794096806,2.1581088502655446,2.1929068312500384,0.1094679494756404,0.10884924503956138,0.1110083170911822,3.1711683818705714,3.1447590541378583,3.1743939665496588,4.3494940443863435,4.34808013602092,4.401447921448258,0.7241202932296199,0.7196120555624628,0.7521102450120407,0.022427285564671894,0.02032955863342347,0.02622858700338134,5.246216406921732,5.2371478264009586,5.305386844869717,1.4590057542151684,1.4589744962094917,1.4593375909289354,19.60657898408913,19.598207979291665,19.655506611457234,34.09112942926641,33.99072083411724,34.171155053584854,11.233983409284548,11.230513434067017,11.236099259614674,0.030926530584747324,0.0308374756645376,0.030990700735826902
qwen25_0_5b_int8,Qwen2.5,0.5,1024,16,npu_npu,NPU -> NPU,1.0,0.5,1.5,0.8735619271174073,0.8735619271174073,0.8735619271174073,1110.0,1110.0,1110.0,78.0,78.0,78.0,42.0,42.0,42.0,484.9723384182267,467.3633213615718,486.1154946174508,8.141501232352175,7.799761084610767,8.159770154800302,2144.4522039999997,2139.4211105,2228.4129245,2.947285000000008,1.5497427499999994,64.66994250000002,125.125971,123.973172,187.21273150000002,7.461112898741949,7.190204944024182,7.478699917191551,3400.680331339709,3395.4790348064944,3405.8158815893376,122.66817250000001,122.42342925,122.78753225,124.22495264999999,123.41881755,131.438159275,301.116218,300.6628555,301.5781845,5.208175034540992,4.6111478592840704,5.683439769538384,2.5258538528348686,2.5024803464296927,2.5327039341175985,19.968807156143125,19.33022161352921,20.55109057968417,36.60096677474742,35.96650650335095,37.74793042993846,0.0,0.0,0.0,0.0,0.0,0.15325835235299395,0.2548714949242528,0.2535160743108281,0.25488274322065363,1.8970045955653156,1.887634431334667,2.138723675199505,3.6614027715969732,3.586739571958576,3.940551140742862,0.0,0.0,0.0,0.9851611513000607,0.9821843568373865,0.9864540322099133,2.081151401830443,2.069397218930402,2.332176160091397,0.14928626774393616,0.14906043244402173,0.15868972009500565,2.9319573458728643,2.920439154990212,3.1855388619770375,4.1337221328656035,4.128781415288584,4.6031909983218116,0.0,0.0,0.0,0.9643481607827042,0.730481846698393,0.9732530319265343,3.127023632710549,2.5417506403536683,3.198005257093993,2.102866688871739,2.089133718413948,2.120486891415364,15.158585543166243,14.522148027204334,15.23619820673828,28.96504970471568,28.25098551610379,29.283792208089203,0.0,0.0,0.0,0.9916149235992233,0.9794966481705678,0.9916315634840301
qwen25_0_5b_int8,Qwen2.5,0.5,1024,16,openvino_auto,OpenVINO AUTO,1.0,0.5,1.5,1.3887828392907977,1.3887828392907977,1.3887828392907977,1110.0,1110.0,1110.0,78.0,78.0,78.0,42.0,42.0,42.0,2728.547249819831,2711.7627321059754,2756.4890944141143,90.8426722527562,80.52295172316602,92.85395998149686,381.15520999999995,377.3303065,383.5290719999999,21.938688999999997,19.056450999999996,47.83150075,31.342087999999997,28.358505,57.1951335,41.97764999722817,41.71942664778424,42.40752452944791,4754.246697201837,4747.114388738698,5349.761923271815,9.3238665,9.26228775,9.36363275,10.774759099999999,10.200507224999999,10.828002399999999,215.386383,193.81196899999998,215.7104775,4.5101204593692685,4.328587689131792,5.0053689468315605,0.49889778582103167,0.48263356917682443,0.4989694524359977,8.111125550742507,7.9047338896615,8.595145808989109,11.491721032234212,11.393942791056563,11.939136769240246,2.7485403361144134,2.7182131801339975,2.7591244678556412,0.9676696127650237,0.8677723332311278,0.9793304823098423,0.19923681821870856,0.17924590327791512,0.1995589313935915,2.854442939359606,2.6869131249341454,2.869976008252594,4.584523871242332,4.235861481586406,4.604224307261738,1.5420952908153396,1.504908535101746,1.543498626170178,0.0,0.0,0.0,0.9900668664657214,0.8968159946502126,1.6136571806171183,0.02553529030002221,0.02541903151390652,0.02901659927826204,1.1299834626965328,1.0266070871963264,1.8066258312979488,1.3539774641946192,1.23844543368835,2.1781506645689563,0.09484572440400728,0.08456734306385913,0.14340670560360894,0.0,0.0,0.0,2.4954948858281054,2.423996665016528,2.5239394329833145,0.2745015281044644,0.2739914895284997,0.27455899202172895,4.076514556827662,3.9830584982832264,4.1016068527570155,5.549326403415688,5.523177976394097,5.551273050106474,1.10879265018539,1.0901472108999606,1.109405891795448,0.0,0.0,0.0
qwen25_0_5b_int8,Qwen2.5,0.5,2048,16,gpu_gpu,iGPU -> iGPU,1.0,0.5,1.5,6.001772601157427,6.001772601157427,6.001772601157427,89372.0,89372.0,89372.0,8996.0,4782.0,8996.0,42.0,42.0,42.0,954.2575421962896,948.4793436179746,956.106256867711,8.58614650710417,8.53026750536894,8.612226612143242,2162.9381049999997,2158.763947,2176.195632,13.450827999999998,10.314504249999995,21.5714865,128.845546,125.5761925,137.0937925,7.39734528834333,7.352553051302129,7.4116764098272165,4897.900244097429,4890.452179797434,4910.856295313546,115.39471800000001,115.26168825000002,115.52230600000001,116.75825475,116.54122175,117.446120925,418.138365,417.0381155,418.776153,9.53628016673599,9.145502695227801,9.981763631643226,2.3600934822086073,2.351329011880024,2.3805627321485456,33.504433118035344,33.09095387116763,34.033503300261145,56.24120070572501,55.62630436091542,57.304429153382465,19.039294419374237,19.01392635911197,19.087263170896264,1.3140911252420104,1.2815982392442595,1.3162183910117142,0.5633611418434339,0.5615379326461454,0.5645130757258903,7.477203960593458,7.424596765468197,7.494343776981514,12.53493148062733,12.428623176316034,12.652618912913454,5.02488649195466,5.005388248319722,5.047620683994455,0.008470880207320846,0.008453230279595467,0.008486074980937983,2.1827715950936315,2.1711418778696308,2.3327130225244987,0.12159600511142922,0.1208324579980112,0.13216193911935628,3.374636499452538,3.3646431294124173,3.5501091219288567,4.713257893136511,4.710387604875123,5.010455472543797,0.9430451760928401,0.9374229713817588,0.9488200560773388,0.026302699230089658,0.025222874220530787,0.026745145088580252,6.062676880848349,5.692762578113909,6.344461935331013,1.6743595617156672,1.667806687353411,1.6846512644167169,22.672579398069587,22.301713976287015,22.999043771390895,38.99875190848394,38.487293579724266,39.6442250561866,13.071362751326738,13.071115139410491,13.090822430824469,0.027193350836040502,0.027180129790473493,0.027209712598761537
qwen25_0_5b_int8,Qwen2.5,0.5,2048,16,gpu_npu,iGPU -> NPU,1.0,0.5,1.5,1.456501773558557,1.456501773558557,1.456501773558557,89372.0,89372.0,89372.0,8996.0,4782.0,8996.0,42.0,42.0,42.0,888.213081140767,855.778433283413,888.6642336939681,7.874402866903776,7.556213488847174,7.874584718878808,2323.766722,2322.5876025,2415.3087445,56.618747,54.6848435,122.09154799999999,179.51734299999998,177.65582849999998,244.946069,6.88537272202145,6.633941343282272,6.888870028635411,4888.430699292279,4801.153458806029,4902.786174358549,122.898596,122.85452099999999,122.970985,125.80383049999999,125.740847025,132.04601854999999,418.948355,417.7252455,426.70516799999996,7.217849081945852,6.613340734816383,7.797411963915145,2.85312445875454,2.8229781107772105,2.8594163660358793,25.9324362650455,25.212633161429686,26.51344742460146,45.30376415094777,45.24638744432974,45.60584794980357,5.1538013327663394,5.090654506894048,5.155353919760822,1.8158183859847448,1.681014027966733,1.896965392955098,0.5642470329610244,0.5597426009644138,0.5777028319407287,8.116683721056436,7.9675906009068145,8.125846612216957,13.086099907398353,12.903044804400546,13.154891225625775,5.125927015877789,5.065945423362273,5.127928931685652,0.008502241284608934,0.008418343734720463,0.008520006312557067,2.115447478271362,2.0782458587652046,2.438691036297738,0.1560066191042428,0.15528330174484412,0.16449967560522039,2.667521822471227,2.6341982956664016,3.0191421300258314,3.8639433856508747,3.8418006564690947,4.400847402108379,0.023870485272822924,0.022707167723911167,0.027424988075168754,0.9001637240141193,0.715783205442502,0.9111235086669169,3.556191933725769,2.772933841114092,3.6777068996506745,2.101556910290588,2.0915719425092116,2.1179371758493293,15.446416961817079,14.610844264856468,15.51755180250829,28.35372085789854,28.050109322069417,28.5015419834601,0.0,0.0,0.0,0.9894308159872743,0.9803398152745213,0.9903015722476916
qwen25_0_5b_int8,Qwen2.5,0.5,2048,16,npu_gpu,NPU -> iGPU,1.0,0.5,1.5,3.2392355194315314,3.2392355194315314,3.2392355194315314,13.0,13.0,13.0,78.0,78.0,78.0,42.0,42.0,42.0,880.2169100108193,879.8421679663114,880.6659647046004,8.49096652778972,8.490721863149245,8.499080711041298,2344.87656,2343.6815085,2345.8757145,20.189387500000016,18.892147500000007,25.082197500000014,135.98340000000002,134.854875,140.8468855,6.8233868993086775,6.820481922219469,6.826867943446514,3535.46563422876,3532.672749684746,3538.460819474968,115.7940125,115.76468799999999,115.9627275,118.0169736,117.048615525,118.80371845,579.273061,578.783141,579.731389,8.864222414809388,8.59460408032402,9.255307456768108,2.3455931863413,2.3325382305674243,2.35371421364564,32.066229217966786,31.816588454599962,32.54740084017703,52.43894121602905,52.27235727057872,52.85532884380241,13.970827924821464,13.947177029219283,14.00061698471808,0.5549320248268317,0.39301837069049916,0.6120772970303018,0.5318464911246732,0.5316847920655478,0.5448758120184052,6.021908350492982,5.854668081703831,6.081664850102827,9.14564254607688,9.135678927255526,9.354400197217302,0.0,0.0,0.0,0.9663869118742444,0.9632588411704148,0.9665181931805136,2.1926695904369784,2.1724668240175653,2.275343999972984,0.12513250335280918,0.12385087662762632,0.12538263928585386,3.376340710578646,3.3227522833429433,3.4289041762138206,4.714108482716185,4.63835684707629,4.749533659181093,0.8550697572358874,0.8539994428841133,0.888016468965684,0.0187008120108778,0.017994265679641498,0.0187464599618955,5.901211438847507,5.869096437457067,6.420203927574676,1.662555550076354,1.6622797792631654,1.6851492240587342,22.503179167739813,22.473259697072464,23.120339711763435,38.246022296335326,38.168423414180324,38.91470912402027,13.070597005084762,13.060230874605374,13.122966646231786,0.027195364490991424,0.027141514983641948,0.027247259599000075
qwen25_0_5b_int8,Qwen2.5,0.5,2048,16,npu_npu,NPU -> NPU,1.0,0.5,1.5,10.515749737620354,10.515749737620354,10.515749737620354,13.0,13.0,13.0,78.0,78.0,78.0,42.0,42.0,42.0,839.6917817094007,823.4132217736151,843.88764239344,7.983883723798997,7.79116933559658,8.034576295317281,2458.044779,2445.8836965,2507.6194425,34.398645,23.959048250000002,82.20684175,157.406397,146.956151,205.170974,6.509238617902332,6.383048230803217,6.54176466971659,3535.5459491135293,3523.878185364925,3537.878023031195,122.98645350000001,122.953483,122.99710275000001,123.68673765,123.604651225,124.172926725,579.259902,578.8783209999999,581.1842365,4.986811530422522,4.223394788445067,5.24087758840309,2.8379435244502824,2.8196460193810102,2.8424426481906986,23.164871379582642,22.475665270898933,23.344099311676587,41.849449395371344,40.802764494193724,42.36593133504783,0.0,0.0,0.0,0.0,0.0,0.0,0.5459606483242747,0.53754381472317,0.5483587485138336,5.393249550856033,5.301882217299788,5.415012810637812,9.013118801137932,8.857808782929418,9.275065973047097,0.0,0.0,0.0,0.9631945834220715,0.9571708191665256,0.9648031261985386,2.457342088179746,2.2585936452711577,2.470894239091921,0.16335745667969126,0.15686735563577198,0.17545880546172637,3.33498802608829,3.1216645841511808,3.422425390240379,4.894249231936541,4.500661379897393,4.921141719262868,0.0,0.0,0.0,0.7877634096408419,0.6385902867310753,0.836642770724493,2.5023651404184264,1.7525005493531465,2.9687317922197574,2.1088640765099815,2.1087444227469714,2.1252348490220685,14.39310728307476,13.63822707002074,14.898789250443837,28.39736592317886,27.123038741560244,28.71862151298553,0.0,0.0,0.0,0.9909688784211712,0.990490399132786,0.9918758545372138
qwen25_0_5b_int8,Qwen2.5,0.5,2048,16,openvino_auto,OpenVINO AUTO,1.0,0.5,1.5,1.423747499473393,1.423747499473393,1.423747499473393,522.0,522.0,522.0,78.0,78.0,78.0,42.0,42.0,42.0,3371.970583399138,3354.729474804193,3465.840315126342,76.73416724104322,72.571837014055,78.45440899492093,612.1049840000001,595.963745,615.267053,22.188623,17.72873325,31.86923475,33.109316,28.891243000000003,42.8365895,26.139306848055334,26.00565484344336,26.866979187025905,4842.190722747018,4830.430991073493,5261.163450230897,11.0140165,10.967354749999998,11.2091715,13.97890685,13.528344524999998,14.139070799999999,422.94905700000004,391.75189650000004,423.9812435,5.68419462726831,5.465611011681618,5.727531681967742,0.7262637689192197,0.6945173912211308,0.726392143032977,12.124887397665075,11.878924930220204,12.191914536293215,17.969451784460304,17.400020721247053,17.972777583283037,5.170043740514679,5.161199725209302,5.193612327271831,2.2256734767666346,1.7614694896873062,2.23925543931869,0.41457424918817276,0.3778255545813908,0.4148683351209372,6.811523052855293,6.265100528861087,6.831925642600992,10.689625384719914,9.800260176409143,10.756742832841237,3.8423846263038626,3.8241071046860435,3.844823509520754,0.0,0.0,0.0,0.9091267125802014,0.8472397592155861,1.305604535396475,0.026276013391040506,0.02596952923466632,0.03016262995670177,1.0359247773713647,0.9672249402618283,1.4719018932467085,1.2928853567484822,1.2026045386342652,1.81010391209111,0.0836721002155692,0.07498325053765417,0.11581765175835101,0.0,0.0,0.0,2.636068547320338,2.4418740412972686,2.6410364834334663,0.28569505101474035,0.2855542786773734,0.28666997902040514,4.374034062166093,4.190219755476246,4.392763953430396,5.993592640637375,5.792982431569533,6.0134302118075365,1.2439870139952465,1.2413929651508935,1.2536875708274366,0.0,0.0,0.0
qwen25_0_5b_int8,Qwen2.5,0.5,4096,16,gpu_gpu,iGPU -> iGPU,1.0,0.5,1.5,6.9356261836364865,6.9356261836364865,6.9356261836364865,89372.0,89372.0,89372.0,41.0,24.5,156.0,42.0,42.0,42.0,1322.2310645674374,1322.16234994169,1323.422508943299,7.161380004496238,7.159925699730723,7.188415081382775,3109.8951689999994,3107.0979259999995,3110.056803,17.020352000000017,14.774721500000005,21.386601250000012,155.106085,153.09507100000002,158.802334,5.144867955515321,5.144600583430701,5.149503925849412,4036.2672248319705,4004.510644943186,4046.3939359324795,138.08573299999998,137.41573275,138.3203495,140.1311981,138.945521075,140.75229977499998,1014.799014,1012.2656665000001,1022.9109045,12.90706692459556,12.40624391210304,13.088707455963439,3.723164553552788,3.703914996148414,3.7325624774026194,50.844986363907246,50.208072564227834,50.898276030154065,85.55769092996853,85.14753747029616,86.2821514646483,29.968093639256907,29.952230207250295,30.019546470732006,3.2710512063886696,3.2282191366981703,4.150319939376723,1.4206956812673623,1.418083086387032,1.4578025241806625,18.28326678344899,18.244286006014107,19.34943679981574,30.821351433941977,30.80418373235701,32.53696115170432,12.131321265382804,12.127715070055025,12.213727434386191,0.003447973393478287,0.003437818833690102,0.0034650421892889463,1.9519018783350508,1.9204833973681716,2.0542291686722707,0.1560159793963345,0.1559295452306021,0.15690092852944826,3.472540841658359,3.438843361065036,3.5805267950438258,5.098124102124365,5.054343679900046,5.200507436442107,1.1841961604702065,1.1839099561532889,1.191821536331336,0.022642567504685584,0.022152147428243278,0.02290754927074888,6.477813234212358,6.233113285020925,7.305436138100477,2.113351836172469,2.1013084963341973,2.12990236453078,27.59937923267014,27.311806449961594,28.436549429416722,48.61314180592195,48.134529416829494,49.18662672372136,16.62084934939067,16.606045648185912,16.63269360086393,0.025242314754422412,0.025210916868384704,0.02542554873094372
qwen25_0_5b_int8,Qwen2.5,0.5,4096,16,gpu_npu,iGPU -> NPU,1.0,0.5,1.5,1.9407653156667948,1.9407653156667948,1.9407653156667948,89372.0,89372.0,89372.0,41.0,24.5,32905.5,42.0,42.0,42.0,1375.4314767343596,1344.5029737443165,1378.124576835526,7.637264796950806,7.345196017467264,7.640545535164918,2989.6073120000005,2983.7764830000006,3059.9985085000003,72.60177200000001,70.54836825000001,128.01873475000002,198.20466100000002,196.27502750000002,253.788301,5.351873450328248,5.231529080717184,5.36235243904874,4039.8791462263016,4013.6327234226756,4060.4437829388603,125.8504295,125.72665925,125.8933365,128.98805604999998,128.58142594999998,137.45290165,1013.8917160000001,1008.7826075,1020.565519,9.175364460618503,8.96390945590878,9.202550929894938,3.73834596551184,3.7345954539083124,3.767393340052056,36.60137268174319,36.394841235380376,36.78262369655568,61.04113649126664,60.91565399644308,62.111310151635784,12.216449889119737,12.179785532839217,12.239980563645148,2.960005374863101,2.9043493480804585,3.279656171688777,1.4175057637109558,1.4146150263986184,1.4238604908194699,18.016731171695348,17.996845423659614,18.308610273947103,30.048222727436432,30.00625445584877,30.35714863974148,12.202696362444497,12.159558048918267,12.221672026554405,0.0034954423081606473,0.0034737064839137155,0.00351821723848476,2.3271433086707756,2.2175661635882817,2.642396865986891,0.1669480482998514,0.1669033940563992,0.18130531773282837,2.8858778665856093,2.784061556969025,3.2275604177904142,4.108127027046255,3.951366514027371,4.679766601061955,0.022863547506241547,0.01830853709074033,0.024782494336449676,0.8280481355582248,0.6830012727933189,0.839531965331858,3.465305767665182,3.444349711117866,3.466687120631722,2.153981461987937,2.1530770334532945,2.16227218574321,15.318638058191892,15.302169404464246,15.368155062470482,26.71775829031216,26.649107114261895,27.2998065999015,0.0,0.0,0.0,0.9885882090198013,0.9765527590086949,0.9896056698485315
qwen25_0_5b_int8,Qwen2.5,0.5,4096,16,npu_gpu,NPU -> iGPU,1.0,0.5,1.5,4.639172694645822,4.639172694645822,4.639172694645822,8.0,8.0,8.0,78.0,78.0,78.0,42.0,42.0,42.0,1172.9052913899088,1171.6116768181846,1173.9412764219528,7.18708687247132,7.174606241540154,7.197373134374445,3505.8244090000003,3502.733301,3509.6995825,18.96166799999999,16.239774,27.622038249999996,156.719954,153.831229,165.095913,4.563833818637778,4.558800298903442,4.567864888801373,2887.052680623304,2886.56800099838,2887.2818094034715,137.424624,137.30704375,137.591455,138.5748966,138.24804,139.88771025,1418.747925,1418.6353450000001,1418.986185,8.189374741706743,7.9505615624159685,8.59606772192851,3.6320783501019065,3.631924293558874,3.6339028753794334,44.281073292725786,43.93036156961503,44.70954911778206,74.22698367779056,73.48808822551922,74.36376466362546,17.569328957038696,17.559906415532936,17.619574523826113,0.3828422632546591,0.19142113162732954,0.5323660026404071,1.3885665821756643,1.3864614024401316,1.3918286998688805,14.248846554688729,13.946341375571816,14.354901577515147,23.28667973040212,22.767037096722547,23.343274939674266,0.0,0.0,0.0,0.8905852672877038,0.890360922695949,0.8908525323813627,2.093628343651387,2.0893379848262623,2.2862708850223643,0.1556865671091258,0.15475810918909405,0.15648243481647456,3.5598391030065932,3.5359193612101247,3.7557253994162574,5.140389647699973,5.089918865004382,5.315945830060583,1.152092450763675,1.1231865266363152,1.153900349422189,0.016175349311294464,0.015417393216590646,0.01648822431129625,5.721484852450946,5.669802445962375,5.781721193090863,2.0898825159574725,2.0863661420710775,2.0909590381228274,26.47238763503046,26.44810083283309,26.598922140850654,45.686723881144175,45.57453705452014,45.70454389389061,16.456203271518216,16.434911990238106,16.486965455684036,0.02577726887588851,0.02569844424028165,0.025800145134255947
qwen25_0_5b_int8,Qwen2.5,0.5,4096,16,npu_npu,NPU -> NPU,1.0,0.5,1.5,20.317190792411566,20.317190792411566,20.317190792411566,8.0,8.0,8.0,78.0,78.0,78.0,42.0,42.0,42.0,1278.6971001987345,1251.2975264104336,1279.4265788488206,7.834575307381766,7.561926089528928,7.843832834805248,3215.7733049999997,3213.9408425,3287.7652694999997,27.367984999999983,26.81545199999999,92.52923625,153.323608,152.62819000000002,218.3167595,4.97547509804955,4.868861970468613,4.978313536376733,3146.0744624317504,3141.547870441922,3151.4349824103265,125.669853,125.64463825,125.81273800000001,126.34852935000002,126.26797892500002,129.3148892,1301.939941,1299.729131,1303.8185865,3.2844832799462726,3.1767017935508886,4.2081246267661,3.7244066414235975,3.716283409062423,3.727821197928429,29.650305294877466,29.347553290034952,30.79342854883639,54.825660988189355,53.887957645863395,59.07707001251475,0.0,0.0,0.0,0.0,0.0,0.1362775397316911,1.385741270310338,1.376732762907136,1.3922172853851,13.464510795494867,13.313772731149621,13.777549099480286,23.323896172439046,22.921596036896155,24.69411889658953,0.0,0.0,0.0,0.9690224258969868,0.96692703229979,0.9710153260568893,1.9774708702356596,1.8791320853854652,2.3926186563015053,0.16461325773404392,0.16337123719482077,0.17632991322083486,2.840508672019995,2.794745642387971,3.2686209941091726,4.199651731936488,4.045260312076672,5.096567075447318,0.0,0.0,0.0,0.8098100587353775,0.6291506259151388,0.8132468188533699,1.5036899794110017,1.297569708165423,1.777567215583098,2.1611000832296914,2.160694886482502,2.168282506725696,13.436811886626652,13.23903491649736,13.793021484878953,27.30211308381382,26.92110129689057,29.286384040477905,0.0,0.0,0.0,0.99021928170481,0.9872735556712164,0.9908172430167408
qwen25_0_5b_int8,Qwen2.5,0.5,4096,16,openvino_auto,OpenVINO AUTO,1.0,0.5,1.5,1.394323960877955,1.394323960877955,1.394323960877955,8.0,8.0,8.0,78.0,78.0,78.0,42.0,42.0,42.0,3251.8725859254905,3236.2459036200826,3306.8335824247083,62.275589394653124,55.40881398577095,62.46545021194379,1264.5021879999997,1243.8292115,1270.6376459999997,19.5139705,19.46944625,37.744780250000005,33.099942,33.078553,52.2348255,12.653200723445488,12.5923965121404,12.867056740952172,4001.417119066307,3974.9356038563437,4241.0515809035305,13.67502,13.609106749999999,14.5345695,21.49112375,21.0054308,23.3993713,1023.6373459999999,968.8915364999999,1030.502683,8.567004413650924,8.041159544352572,8.999235700182009,1.2615666540502484,1.2233883320826235,1.29086903588181,22.628312689635102,22.207168492870235,23.221405018752456,33.86264333867614,33.7861539026986,34.75855838470616,12.085937789497631,12.043835185137816,12.089007207048763,4.118036963576069,3.5625273325130866,4.860227591209263,0.927382793014787,0.8544298299660682,0.95486338731302,16.261972816285823,15.448263818891508,17.050070822659215,26.043269945594975,24.47781802589399,26.78570771938983,10.518625749289756,10.39032002067173,10.52721767002269,0.0,0.0,0.0,1.0309786538766483,1.0267674789957288,1.6385924246094237,0.02856078769823642,0.028397306802841932,0.03721965192887836,1.1529962542566776,1.147828026650834,1.8150185459806805,1.421958380799443,1.4148732726650282,2.252992531948885,0.0752502071676294,0.07476116330358554,0.1117704219473232,0.0,0.0,0.0,2.7980701139939894,2.586395760678666,3.055925315426305,0.3092666484038823,0.3076083417659481,0.33356063772100575,4.823332264580525,4.602361972677539,5.1700246475068745,6.704369556752056,6.4814879566737655,7.285310053068434,1.4920618330402458,1.487028373722489,1.5417447425187623,0.0,0.0,0.0
qwen25_0_5b_int8,Qwen2.5,0.5,8192,16,gpu_gpu,iGPU -> iGPU,1.0,0.5,1.5,9.696449596434832,9.696449596434832,9.696449596434832,89372.0,89372.0,89372.0,488.0,379.5,11651.0,42.0,42.0,42.0,1484.9482392715718,1481.7055805330606,1488.5531385739007,5.339951740720139,5.32296718791503,5.354705984477219,5527.465391,5514.111607,5539.588579,24.78358099999997,24.45260824999998,37.66280749999999,209.07430699999998,209.06435749999997,222.267091,2.8946359439991656,2.888314971799338,2.901663038155752,3013.4805717488316,3010.017216717291,3019.7533056388347,184.917841,184.6042835,184.92530675,186.52203065,186.258611825,187.85268235,2718.4512409999998,2712.8160875,2721.5827205,18.81235707163192,18.575166452644446,18.82541220586978,7.279051399727828,7.262438596825615,7.319274978119725,91.67690045883299,91.39114608248184,91.77405104232412,155.88492834283576,155.62323133226414,156.8230222351189,57.87394717890458,57.78776879328734,57.882287431346626,9.389742661664316,8.886362736091595,9.46417806503339,4.079458738770583,4.062973269352442,4.112793568995489,50.02506901918538,49.53276486784044,50.27556592245806,84.64787285680585,84.12049178044532,85.60786122191274,32.40800117881971,32.38354512238321,32.4957512004208,0.0012816120986295079,0.0012755515209682579,0.0012866808698855758,2.237634215815758,2.1897626207993985,2.2449048448738154,0.22592458988243813,0.2253394819101754,0.227630440577431,4.420138624899872,4.36622274656211,4.420683032261037,6.638892244375654,6.570614554645729,6.6598055585741,1.6987852762765165,1.6959777558723226,1.7044957004299919,0.016735676660642955,0.015778867491871826,0.016750823490816157,7.280723384184564,7.171471520036994,7.491770466695392,2.974583620051189,2.9741258455629977,2.979308743034996,37.339524571423254,37.13226237330395,37.491614060718135,64.73471862111411,64.623633144362,64.93212499717308,23.64371606544688,23.6203182013151,23.70824591503181,0.01881259898369611,0.01881191225806207,0.018850283092403032
qwen25_0_5b_int8,Qwen2.5,0.5,8192,16,gpu_npu,iGPU -> NPU,1.0,0.5,1.5,2.5190937342122197,2.5190937342122197,2.5190937342122197,89372.0,89372.0,89372.0,488.0,250.0,488.0,42.0,42.0,42.0,1727.4017996657851,1693.4718917432288,1729.815382316317,7.381758465110136,7.093460911642828,7.396782136166608,4751.644928,4745.0242745,4848.7939465,111.11611099999999,105.33585000000001,174.4943,238.92675699999998,233.2226025,302.3139815,3.3672549701087426,3.3011147987197442,3.371959809583464,3012.1979474338254,3000.043879697164,3014.9739360631884,127.82871700000001,127.8196815,127.895788,130.54635305,130.503229525,138.13275635,2719.6087850000004,2717.1070525000005,2730.6715455000003,15.50985329895886,15.007364824846977,17.235696977792745,6.47123774696734,6.462398723241436,6.533178427418711,69.09708896549641,68.45527430004576,71.04889031284438,118.23021775610549,116.57643479129922,119.21622679997171,32.62507470686919,32.508179035303776,32.71999301223468,9.59045016732102,9.124494914318525,10.439192570169347,4.075568467435854,4.037302331496235,4.1069679585375996,50.410507236212226,49.77631511749169,51.437603242865755,84.9114062740935,84.20535809953509,85.4887711938648,32.585586692083474,32.47191432257598,32.70024900484182,0.0012878709626504559,0.0011107305611918346,0.0013009370671027139,2.1921555974366127,2.145806260419138,2.621472469527528,0.18806333924895197,0.1863258842543989,0.20444202689400798,2.8047978002889615,2.758371851303399,3.2439196073643393,3.9624913038232785,3.9080291109044047,4.683835163883561,0.03304141066987826,0.01652070533493913,0.036264712727797244,0.7012525600052405,0.6135540429479795,0.7191612306278109,3.746879766017404,3.7370636501093153,4.184848054003959,2.235930943691672,2.2235058969816563,2.2511955542008186,15.959390733506108,15.920587331250664,16.406170864869722,28.73092070625798,28.095885651975486,29.09808263514222,0.0,0.0,0.0,0.9902493740211203,0.9790435846730327,0.9902854992466967
qwen25_0_5b_int8,Qwen2.5,0.5,8192,16,npu_gpu,NPU -> iGPU,1.0,0.5,1.5,6.2184123089537024,6.2184123089537024,6.2184123089537024,198.0,198.0,198.0,78.0,78.0,78.0,42.0,42.0,42.0,1099.590915513002,1096.7863706988253,1101.4860869250647,5.352959498265479,5.3272233888594585,5.3555294110321,7464.5942270000005,7451.7730145000005,7483.7305495,22.44450649999999,21.91165799999999,29.70609449999999,207.431169,206.9835155,214.75905,2.143452077023396,2.1379851280678857,2.1471463682749796,1757.0327362926944,1754.9525268523603,1761.379329157852,185.1192485,185.0529555,185.1381505,186.66187875,186.556009825,188.77566245,4662.406016,4650.9288209999995,4667.939095,14.798162361337775,11.187002505468891,15.58158986902388,7.89310768748436,7.8450514071864035,7.911643013544452,86.28855660010069,82.40081557101382,86.90911617907972,141.21398424170945,136.14753242446417,142.1112944763234,25.298754340193994,25.206990442991252,25.30544059647258,3.4322737347343466,1.9689939975837776,4.542616630107855,4.643281648890018,4.60943487352805,4.649898746957923,42.8460866663316,41.20750171695801,43.908093811487234,68.88915622553193,66.48377255601659,70.29705374095937,0.0,0.0,0.0,0.7991680662759337,0.7987811248376082,0.8020678071976902,2.238348169477653,2.189691542908185,2.4064339280420377,0.2252035858229779,0.22482126506200373,0.22661320537130977,4.3019485711001675,4.27782307214288,4.478393047230989,6.374538699726498,6.342004981249675,6.5481474547583876,1.6184365494935686,1.6076790773346823,1.6392044953716527,0.01590368232879043,0.014086406216188372,0.016717873283311202,8.1375381646222,6.533315818725141,8.632539310873987,3.025387094293312,3.0107952685963495,3.0355133819761932,37.90473727805406,36.29759873960551,38.52262932036149,64.58189724476028,62.637558851352544,65.26609328060566,23.63878189894426,23.567785947619598,23.676993573259814,0.019092855887073226,0.019047607786414747,0.019213554594633447
qwen25_0_5b_int8,Qwen2.5,0.5,8192,16,npu_npu,NPU -> NPU,1.0,0.5,1.5,57.722810465842485,57.722810465842485,57.722810465842485,198.0,198.0,198.0,78.0,78.0,78.0,42.0,42.0,42.0,1411.1808180469097,1400.291464242111,1414.063432246613,7.572771081373202,7.36444103721948,7.579067856493165,5816.405591000001,5804.572781000001,5861.991313,64.35657949999998,63.58356699999999,109.23279925,192.054117,191.318438,236.890466,2.7508398012610327,2.7296129907253626,2.7564589322546063,2149.0261981201897,2141.481709229891,2149.1650876667372,127.69753750000001,127.65766675,127.734871,128.4223455,128.230271025,133.1644411,3811.959113,3811.7127815000003,3825.436212,6.444865693611237,6.3374041523439715,7.072339171675119,6.904214124221884,6.90354503297886,6.91355077973019,58.3741895456929,58.210692933278935,59.00720714000755,93.56693188233535,92.95200264588127,97.16393654665501,0.0,0.0,0.0,2.525384006507325,1.3831412831882917,2.7970585757969753,4.504997901869338,4.481259865959939,4.5137953961028145,41.470119695557415,40.24456078243566,41.76723755894565,63.97179568607875,63.397139548330955,65.48488720084686,0.0,0.0,0.0,0.9773221300550713,0.9744657313262375,0.9773557772688043,2.0982537594533923,2.095549184308219,2.351953511197995,0.18352874689925477,0.18110605677148248,0.1944645305084623,2.9749745216155605,2.969762184744294,3.242152084760918,4.141166339211932,4.100230768020287,4.718237464249363,0.0,0.0,0.0,0.6625268022762563,0.5615467697979414,0.6657690003565758,2.53823489548933,2.1797314115699247,2.9608128418770905,2.2205328557088357,2.218649326855892,2.230243326638231,14.600894790372767,14.270207396317613,15.059879797008776,25.455294802015395,25.45463232953003,26.961474354044153,0.0,0.0,0.0,0.9915885749035157,0.9853183422221552,0.9917113943817624
qwen25_0_5b_int8,Qwen2.5,0.5,8192,16,openvino_auto,OpenVINO AUTO,1.0,0.5,1.5,1.4071892695501447,1.4071892695501447,1.4071892695501447,198.0,198.0,198.0,78.0,78.0,78.0,42.0,42.0,42.0,2811.5167562135834,2789.47121968187,2903.3248714174506,49.54194459326019,48.94391192707909,50.5112407968715,2919.420623,2829.9332759999998,2942.6769635,38.2478395,34.244599,43.3152185,55.301853,51.2578125,60.316655499999996,5.480539485796459,5.437565730374016,5.6595026733283635,3117.1420170180722,3096.593761626381,3244.041731206296,16.9724135,16.960637,17.0132135,19.755726,19.650534399999998,19.9006746,2628.0483710000003,2529.115004,2645.603966,15.83674328958722,13.930621022041947,16.209507316818883,2.7340380988978996,2.5682184941027812,2.761497029853574,53.55550588647726,51.03956799208622,53.93429200037936,80.62583375899476,75.35503042089613,80.84140220936727,32.98278553571781,32.70784074774518,32.9914087292584,11.535977540652699,9.637702116662425,11.79424257532444,2.359212654186519,2.1897895401349716,2.3840742899907648,46.6555709327505,44.09255743319384,46.90449936846569,70.5179110980459,65.57519517837852,70.64121611277358,30.987805456786703,30.678231349532428,30.999072459376308,0.0,0.0,0.0,1.706460411781945,1.5908572746914147,1.8928877563271924,0.03899159026067931,0.03761925958610693,0.040628041582549665,1.7821189246148708,1.7090737400106408,2.050147210037087,2.2458096025524394,2.118045070138698,2.529668377531019,0.10067217513835185,0.09214938171790851,0.13358159748223558,0.0,0.0,0.0,2.5943053371525764,2.4000311490523294,2.8244074668030295,0.33976797031981876,0.3391732430598324,0.34039820753668854,5.117816029111891,4.896863348855292,5.320718891903015,7.615503028941075,7.126861850258912,8.082141026455007,1.8977476976682748,1.8933839916815018,1.9045505941509588,0.0,0.0,0.0
qwen25_1_5b_int8,Qwen2.5,1.5,1024,16,gpu_gpu,iGPU -> iGPU,1.0,0.5,1.5,6.594941902905703,6.594941902905703,6.594941902905703,1110.0,1110.0,1110.0,78.0,78.0,78.0,42.0,42.0,42.0,149.05625420340698,148.42997037189565,149.36470233117785,2.3554274208203125,2.344084568786914,2.360517778229034,6977.231553,6962.852795,7006.795953,16.130235999999964,12.641782249999984,32.942717499999965,438.64304,434.27428599999996,455.87643849999995,2.2931731415908767,2.2835380057214714,2.2979184974027365,1685.2920763651066,1683.4229139795332,1687.309538407025,422.512804,421.63250374999996,422.933721,429.64616515,429.5348516,431.68774095,607.609811,606.884179,608.285211,19.98652278731538,19.761002094737556,20.312531291236624,7.34657499122867,7.316793582887904,7.3587440201546865,97.54095553581216,97.1797446502498,97.87880779648603,167.1181401541972,166.0802821752169,167.97122552168378,62.595637002378,62.54467313233444,62.62002011994356,1.2856100810001159,1.1522341568011685,1.2873117273714172,0.7566378063137943,0.7557030498151003,0.7598290819151001,10.474526268260696,10.346118095694745,10.480370178591729,17.179997122130786,17.073222106561275,17.342356991515764,7.7163859284959875,7.710799543402004,7.716417416604543,0.009380384106008489,0.009321033439229798,0.009683528146453202,3.5933867396904207,3.0997332889364677,3.7284577773284475,0.488028865566247,0.46298949162738834,0.49140403984282527,8.283129647055366,7.726526629637822,8.36750248687473,12.905935127071004,12.137041896922014,12.96703794899504,3.666072757789488,3.640391058961339,3.6687940996263038,0.012850996108361825,0.012382888451878349,0.013029274439175186,15.6403881902345,15.373957078429672,15.698270468911835,6.103777832346017,6.098101041445416,6.108445654895455,79.17408388420647,78.97284784202026,79.36057934577173,136.58528252237738,136.53978046485508,137.76860559674247,51.213115339875415,51.165048001197576,51.26321164437768,0.01345500858950851,0.013408867890375032,0.013486003275383305
qwen25_1_5b_int8,Qwen2.5,1.5,1024,16,gpu_npu,iGPU -> NPU,1.0,0.5,1.5,2.546425521373749,2.546425521373749,2.546425521373749,1110.0,1110.0,1110.0,78.0,78.0,78.0,42.0,42.0,42.0,126.8250350276784,125.75954309167767,126.84330550934033,1.975726923691463,1.9580118687292212,1.976438331384544,8200.273706,8199.092710500001,8270.343813,54.83653599999994,53.629568249999984,125.78769499999993,556.523048,555.497626,627.6184055,1.951154385041206,1.9347622014104258,1.9514354693744664,1679.6854840109106,1677.4939601368349,1681.7660763317922,501.9749090000001,501.83071050000007,502.01225625,504.68925255,504.25922149999997,505.13331755,609.6379410000001,608.884661,610.4354304999999,4.143581435978267,3.525931104818737,6.912943755126749,9.313281753202432,9.27513156429911,9.35381647183128,61.150609370107766,60.512056983821694,64.02765896768948,120.38250851991391,119.73482098711702,125.25544739826219,7.72098476068802,7.716523977496802,7.727915312329417,1.1639154399455782,1.1252540588733404,1.7634657046819826,0.7563915245749552,0.7552908752617351,0.7821892982725214,10.357717767708674,10.311912840921565,11.002811969542352,17.126071790404023,17.084457564928414,18.026035601185747,7.702462498311683,7.698986678592265,7.708720133783861,0.006758408015783681,0.0067265368053465325,0.00809593800132287,1.6384664328951628,1.6139815845272114,3.0775215418074424,0.5731866011372674,0.5725076598956382,0.6022310253292162,4.4194075055485245,4.389946583998219,5.928457583713966,8.029405624000848,7.996159209282638,10.27296342574339,0.019868094714776657,0.01473439535433926,0.022670998264974762,0.9868863508416637,0.9095227138454958,0.9895780547086671,1.4185223252820016,0.7866954614181854,2.1106178897095624,7.955088668968878,7.933025549881071,7.969396148229544,46.46509395042479,45.81019755890191,47.14219434122026,95.31025955646025,94.65420421290595,96.99806259680867,0.0,0.0,0.0,0.9977380661862597,0.9976043303794517,0.9978185435250495
qwen25_1_5b_int8,Qwen2.5,1.5,1024,16,npu_gpu,NPU -> iGPU,1.0,0.5,1.5,2.454578286036849,2.454578286036849,2.454578286036849,1110.0,1110.0,1110.0,78.0,78.0,78.0,42.0,42.0,42.0,142.8873001246935,142.61648243862226,143.11646900939098,2.35410316622469,2.3492252289643787,2.3582172684465066,7278.46351,7266.827318,7292.3110455,14.879295499999944,13.897818999999977,27.476117249999987,438.198967,437.75161249999996,449.10130000000004,2.1982661557645153,2.1940997298249583,2.2017918309137077,1129.4820807789215,1128.7486502180732,1130.1547995658748,423.3196715,421.62518275,423.8537935,428.48672999999997,426.31112222499996,432.031344425,906.610222,906.070888,907.199696,19.66819626596519,18.818478390388456,19.725117526098405,7.4302605524512275,7.412384149644076,7.43396196554024,97.18750064545631,96.08518772946202,97.24611536747457,161.92471678561157,161.51276249779124,162.67255834489922,54.95365075739433,54.908091068082484,54.95776251456232,0.19093791672629212,0.09546895836314606,0.23211223641140744,0.8889272587302484,0.8876428886957339,0.8889577772943916,9.505599526928659,9.22761185329128,9.583487386962922,14.492373010398694,14.447645700353043,14.520050930077387,0.0,0.0,0.0,0.991779906545366,0.991711576700951,0.9922449348074047,2.7550195403358497,2.712661072760678,2.815151547513297,0.4373564347719848,0.4371872675145743,0.43961662046567673,7.244822440202295,7.229203493474988,7.287326928476698,11.402778353484603,11.36084207905228,11.433103611028304,3.6042726356756485,3.5864114939164677,3.6234299113402564,0.009326813406203215,0.009093806495183248,0.009386662793601418,16.715817314814583,15.96477914464523,16.720212209748873,6.099395450433324,6.085263289175932,6.105387567780171,80.35206970177654,79.57024894769404,80.39091999876226,136.11902004181957,135.6320131864099,136.83639264581518,51.35760163605465,51.28877291391021,51.37135102064585,0.01338483769081701,0.013353057335497492,0.013420655674592153
qwen25_1_5b_int8,Qwen2.5,1.5,1024,16,npu_npu,NPU -> NPU,1.0,0.5,1.5,19.737735787406564,19.737735787406564,19.737735787406564,1110.0,1110.0,1110.0,78.0,78.0,78.0,42.0,42.0,42.0,123.01374462979166,121.84361052300241,123.05833311396313,1.9880195113411543,1.9671187159182615,1.9884404819225276,8454.339823,8451.2776195,8536.3189925,8.784910000000036,6.5970105000000565,88.79874675000003,511.06365200000005,508.85709900000006,591.032102,1.892519148150641,1.8745170849692678,1.8932051248302018,1126.3363951079664,1125.162027232737,1128.1574465258468,502.24143499999997,502.2147017499999,502.2600885,504.23282695000006,504.15090180000004,504.6571910250001,909.142246,907.67709,910.0921385,2.60767190236464,2.231333803950376,3.5212282674295725,9.423141788778633,9.403748892958825,9.434552515656634,59.425250486502826,58.280200211439066,60.04521795105033,115.48832367838992,113.55334819554047,118.75441094788539,0.0,0.0,0.0,0.0,0.0,0.0,0.8913472729256848,0.8896266343007427,0.9053539380890168,8.798529434155563,8.72208088088512,9.031208047528438,15.123009618839195,14.770370373142178,15.190418659943523,0.0,0.0,0.0,0.9909701762987376,0.9887603539532139,0.9910076556926661,2.60767190236464,2.231333803950376,2.881188265843191,0.5944341109197806,0.5794844328224125,0.5997966207702032,5.830281147612368,5.417600833659276,6.157508244342699,9.6684375043769,9.102551271187746,10.491855507367454,0.0,0.0,0.0,0.9843783607604322,0.879683645511446,0.9863157573206858,0.0,0.0,0.6400400015863816,7.931915246738173,7.920631160672339,7.940686042863248,44.331082677989144,43.83139133025135,44.93295021244964,90.69687655517382,89.68042655121053,93.0721367805744,0.0,0.0,0.0,0.9973837535045001,0.997021527193189,0.9974311769578426
qwen25_1_5b_int8,Qwen2.5,1.5,1024,16,openvino_auto,OpenVINO AUTO,1.0,0.5,1.5,3.323900909163058,3.323900909163058,3.323900909163058,1110.0,1110.0,1110.0,78.0,78.0,78.0,42.0,42.0,42.0,1470.952119146477,1449.6417263381572,1471.858444592864,38.3240484809433,37.856841579705346,39.21126705207962,707.025053,706.5899565,717.573713,8.683794000000002,8.232122250000002,18.529000500000002,32.877001,32.464372999999995,42.349937999999995,22.63003260225349,22.30218040520242,22.64397607065945,3083.6324328810438,3062.35286205228,3215.870366363868,24.193207,23.8209375,24.23225075,32.4684677,28.830902074999997,32.94987234999999,332.075895,318.9601215,334.399559,5.551923277922748,5.494610761824986,5.753599009250021,1.3150152658857808,1.2999603917610902,1.3154798168388395,15.045327279416815,15.040738830443775,15.201764638463974,22.55619297170822,22.485134410126584,22.614934468513816,7.247328784248701,7.213262417185486,7.290228309470864,1.281861140618339,1.0897887015970986,1.3766482548357708,0.42131060774108897,0.4033561126651758,0.4221321622403205,6.0885685711450614,5.816469974504223,6.244015720731545,9.499864019022192,9.047283632551919,9.634635728992112,4.046662456158668,3.9966761189836557,4.1077937214725955,0.0,0.0,0.0,1.0012777281938712,0.9862432436347053,1.3371970357383205,0.06252828155287932,0.06234362057783779,0.06596547189485083,1.2536535454648514,1.231374325190135,1.6519421948258035,1.5863967524073046,1.557747052762032,2.08317377606442,0.15093357664155216,0.14342692284907424,0.2065776497714765,0.0,0.0,0.0,3.2687844091105385,3.13171926335451,3.3266132719146015,0.8304623694994672,0.8302818036548909,0.8310040340206813,7.703105162806903,7.5653487845220955,7.733352469133948,11.469932200278723,11.292751628372438,11.484477059897479,3.0282825788499084,2.999283562131068,3.039007665149195,0.0,0.0,0.0
qwen25_1_5b_int8,Qwen2.5,1.5,2048,16,gpu_gpu,iGPU -> iGPU,1.0,0.5,1.5,7.039395838975906,7.039395838975906,7.039395838975906,283.0,283.0,283.0,9917.0,5089.0,27498.0,42.0,42.0,156.5,256.2838347681854,255.99313708226947,256.38003081973363,2.231524510002938,2.2252740966768227,2.2327413634019133,8053.5707680000005,8050.550130500001,8062.7265445,17.556319499999972,14.65679574999998,28.389748999999963,462.761139,461.956663,473.56849850000003,1.9866963935518247,1.984442923118368,1.98744209937778,1537.8738827940401,1537.1345788680524,1549.3338853488694,445.20481950000004,445.17874950000004,447.29986725000003,453.31827695,450.143797925,453.40752454999995,1331.708681,1321.930718,1332.349491,22.786374507414475,21.347598000231432,22.888297742136764,8.746996586445613,8.74248106912371,8.768750833741606,116.63205996578668,114.89911187503925,116.8123167905105,199.82998003099766,197.98850434276454,200.2705004328911,75.84975732116304,75.74095562651272,76.07385335006774,3.4940630535481096,3.4747480837898657,4.222714776952616,1.7510002866897914,1.7498251935986775,1.7775573013432233,23.79963005369959,23.69840821681995,24.53624001907341,39.62510362498162,39.57495514608152,40.43324917065396,16.763886335732025,16.75439664988967,16.804007702299693,0.004271598972421931,0.004270275322071346,0.004302086901428867,2.5209263993671525,2.450681815796041,2.6295572230747633,0.4681711305814702,0.46791264039040814,0.46912274196301573,7.430039137308178,7.334501380543545,7.511446533288993,12.039396972540652,11.930314255628156,12.196351198087179,3.91005098064904,3.904627317177577,3.9138371304489628,0.012267667964228086,0.011996017146494627,0.012297742730962718,15.658417244277004,14.6868087882557,16.21490114938811,6.518219634459472,6.517555273113463,6.524455985099087,84.12024635756055,83.04818491632113,84.94157539089355,146.7673537759557,145.4679866909359,147.95708548550908,55.175820004781976,55.08193165944547,55.35600851731907,0.012679752756411552,0.012636377574210215,0.012710471605374814
qwen25_1_5b_int8,Qwen2.5,1.5,2048,16,gpu_npu,iGPU -> NPU,1.0,0.5,1.5,1.9245420200750232,1.9245420200750232,1.9245420200750232,283.0,283.0,283.0,9917.0,5089.0,27498.0,42.0,42.0,156.5,229.65860736735144,228.19689754167996,229.78028269387426,1.9623715583367354,1.9468822165816393,1.963063885457255,8987.252965,8982.496472499999,9045.1917265,85.91844250000003,83.48572050000003,148.04161449999998,589.6940659999999,587.2786014999999,651.5297519999999,1.780299281917453,1.7689681979975191,1.7812425015029012,1532.1144505055065,1525.23353855499,1533.7150766939055,503.77562349999994,503.4881375,503.79288099999997,505.96483255000004,505.63928675,506.34924624999996,1336.71476,1335.321183,1342.7725205000002,7.370356244394605,7.1776948454263785,8.251036051998504,10.330334463308748,10.327618028361478,10.35936535657609,75.70681156991728,75.60404197284689,76.70235528962435,145.95603657026447,145.80109871546915,149.08941392019608,16.83712274511566,16.800569914158885,16.853050086712337,4.326789204816697,4.155613956045104,4.669517910601305,1.7595661131279972,1.7549746648479858,1.7605621721239053,24.608235062799032,24.455178704346565,24.918088668075992,40.92403255925051,40.531858191298014,40.96549723415973,16.83541169770159,16.788478555615598,16.84528677459288,0.004309819994805773,0.003699581724712662,0.0043098245422931135,1.8542244166434083,1.7891164443633805,3.231116589109719,0.583485054864834,0.5824366298100674,0.6258357416144539,4.651793095963287,4.583194147208578,6.138432669623328,8.545330520656515,8.466258985619344,10.937923014872556,0.01381557682484837,0.00776331211945909,0.01814362324867512,0.9362346203429492,0.9104600186781909,0.9392010262922257,0.503885211365283,0.3504015522874795,0.8902357392332849,7.981955157539092,7.975890881225237,7.984619226427505,45.827076200601034,45.64583395192503,46.25581551601477,97.42916529633678,96.76151686364256,97.69870424906266,0.0,0.0,0.0,0.997378267401476,0.9971458289921037,0.9975107577274681
qwen25_1_5b_int8,Qwen2.5,1.5,2048,16,npu_gpu,NPU -> iGPU,1.0,0.5,1.5,4.55825849622488,4.55825849622488,4.55825849622488,220.0,220.0,220.0,78.0,78.0,78.0,42.0,42.0,42.0,241.6011939897295,237.5759005675592,241.78604113502456,2.2315157643532153,2.183862581969162,2.2323741895966918,8543.004138,8536.47794,8690.244596,24.455589499999984,22.83862050000002,148.35612124999997,470.079451,468.65713500000004,595.922332,1.8728774727886008,1.8416736478105364,1.8743103963955394,1127.9386970869707,1126.2620112578595,1128.7071255005012,446.01316749999995,445.8185145,447.76086375,450.28807645,449.44002545,452.784997275,1815.7015139999999,1814.466218,1818.4086105,22.087154013407,20.285464896945903,22.313095371168693,8.79088039740384,8.769158413624247,8.878411157715394,115.60359931631828,113.30553002593436,115.84842834454194,192.14063933698512,190.8975604111401,194.19290593246663,58.899815896153534,58.89484970377731,59.04181690497148,0.5971887004495162,0.2985943502247581,0.7067273906278895,1.8127506580236425,1.8119171737491786,1.841779469601686,20.808787910931944,20.107599320398883,20.90488620247278,31.737057689304653,31.61561762394136,32.61929673911951,0.0,0.0,0.0,0.9872613897043874,0.9861051689082236,0.987699866699242,2.9047325967921647,2.861208366139506,3.4401362199556482,0.4694799835182028,0.46779918610896937,0.5235865263485385,7.675971325414752,7.64909069177441,8.331123963217262,12.195895094544136,12.1668229989019,13.408510986414683,3.8458889724318,3.835790889283051,3.8717228968952333,0.00880063995820145,0.008398157430986897,0.010511808001571928,17.514425469838354,16.590258557418156,18.166231760585156,6.508649755861994,6.489442053766098,6.513045161765169,85.80853480436656,84.89368737595855,86.6124181788519,148.12250986072854,146.92201928108742,148.31561036793795,55.04399453896929,55.023126806882075,55.201059823312214,0.01282581018493019,0.012793442086734698,0.012844121105500147
qwen25_1_5b_int8,Qwen2.5,1.5,2048,16,npu_npu,NPU -> NPU,1.0,0.5,1.5,23.32340503577143,23.32340503577143,23.32340503577143,220.0,220.0,220.0,78.0,78.0,78.0,42.0,42.0,42.0,218.8720498390694,217.8914458230658,218.97722069638405,1.9749291840557799,1.9622641225256001,1.975186320674297,9430.167084,9425.640116999999,9472.7987,32.81823000000006,32.14332175000006,97.509595,536.8491680000001,535.9179455000001,601.223917,1.696682556892011,1.6890809753726033,1.6974978348556906,1120.422808177942,1118.2623118906556,1122.3728800485376,503.5183095,503.45800775,503.77462375,506.97234054999996,506.37619837499994,507.07857894999995,1827.88139,1824.7110375,1831.419715,3.6817663220233268,3.143618840236413,6.862870338557495,10.413358705057176,10.408817343787081,10.416116442673484,71.30595219951893,70.77029447306404,74.56846231798761,135.7671068224658,134.20546106259263,138.49336192416428,0.0,0.0,0.0,0.860983078776183,0.4304915393880915,1.4159923052448824,1.853598176281547,1.8358227164048206,1.861070843183359,20.94420620272456,20.084524155501548,21.523849801067293,32.66025379046936,31.91031754881257,34.15816841222189,0.0,0.0,0.0,0.9795996664750769,0.976215315522899,0.9817987259221671,2.179702538759477,1.9620954092163965,2.9424124380260706,0.5738720888575577,0.5735571690324837,0.591939746447188,5.393789844360237,5.165623846443886,6.195795246997358,8.987528676952506,8.721298036415316,10.388783816451575,0.0,0.0,0.0,0.9359016087736584,0.8567849671043368,0.9366428096648742,1.50206378326385,0.751031891631925,2.934957134674633,7.976805717377882,7.955806754156534,8.002195195966086,46.687320246880155,45.52014647111861,47.70849931714597,93.77349503593773,92.65099457615486,94.69634593714761,0.0,0.0,0.0,0.9967487167059823,0.9966012923405094,0.9969779037883889
qwen25_1_5b_int8,Qwen2.5,1.5,2048,16,openvino_auto,OpenVINO AUTO,1.0,0.5,1.5,1.999960444867611,1.999960444867611,1.999960444867611,220.0,220.0,220.0,78.0,78.0,78.0,42.0,42.0,42.0,1852.5320676666706,1848.1337509415862,1866.8840432533711,35.982568316744086,34.07297437591998,36.63893512745441,1114.150754,1105.6508825,1116.8086125,21.5199155,19.7080445,32.73839674999999,47.369765,45.249278000000004,58.931995,14.360713702842407,14.326618224353382,14.471969327545512,2946.9509361347227,2942.0343242506956,3041.388178544982,25.8498495,25.5412335,26.19359825,29.264005949999998,28.42043125,32.93194735,694.9555809999999,674.0265815,696.1189075,7.901066583049141,7.592138717814116,8.24497258331005,1.7420432819819915,1.7397152995453116,1.7666010472571299,23.37137339276393,23.089858619767366,23.83749750791896,34.897876588147376,34.58944096206497,35.408703637850635,12.473819126581898,12.452573175909972,12.52644855791278,2.8414425161929855,2.798186545146283,3.478041562799085,0.8218893819725736,0.8028973577931785,0.8488236219840812,13.453035043938684,13.269438100883814,14.205996296552625,20.60632829411132,20.241061333067854,21.43752117376349,9.106335030459826,9.007991836867635,9.181562916181674,0.0,0.0,0.0,1.3524366271188955,1.3244863824471524,1.696864668382514,0.06808784368944505,0.067467480181678,0.07753241222200821,1.636806348458055,1.5995046746412698,2.0295459909324727,2.068337197703836,2.022230319477674,2.579374420576637,0.17568385523168048,0.16577020387513142,0.2077646436900546,0.0,0.0,0.0,3.104843299303427,3.0970875042853194,3.1412725678468965,0.8485538338627685,0.8479819626546906,0.8598574007382026,7.782461073082939,7.750481763728501,7.822853837305518,11.674693192886723,11.64051651852706,11.803181882780137,3.1918002408903905,3.179115437855975,3.2368166953522817,0.0,0.0,0.0
qwen25_1_5b_int8,Qwen2.5,1.5,4096,16,gpu_gpu,iGPU -> iGPU,1.0,0.5,1.5,16.484490789473057,16.484490789473057,16.484490789473057,283.0,283.0,283.0,9917.0,5098.0,27498.0,42.0,42.0,42.0,386.3471852952798,371.14696682621343,391.8337107168306,1.9920595679580493,1.8630677563741855,1.99977984949697,10643.276711999999,10496.3055715,11097.7832695,106.5262145,60.42609175,650.5292747499999,598.998936,555.5879225,1144.1001769999998,1.5032964408376646,1.4441516218918813,1.5246447887814418,1411.3676046995026,1363.489492119143,1417.448638817728,494.669083,493.57090225,496.2600115,502.43001115,501.83370072499997,504.9380070499999,2902.1496500000003,2889.7522470000004,3007.7655255,36.110552328832824,33.36518620477012,36.14142660433008,11.964272818642392,11.900596309681665,12.029394767540602,166.69305752301608,162.2908230666455,168.0455034502097,286.8658518618579,278.9970661834487,290.51655806858463,103.4747340255502,103.18612643041033,103.62724393449534,10.957818482118562,10.116554103617208,11.767616948776265,3.8967098410491943,3.8715495418536405,3.9507332230977834,57.0011235605801,55.17315860716339,57.60336358261452,95.69555014111137,92.16394287650888,96.16775590156627,36.38488534169268,36.353508265986896,36.549768247209755,0.001948900188520602,0.0018837508304600805,0.0019513890372834857,3.5725759853834007,3.1667619374710174,4.581133837728978,0.5569800290978835,0.5467653025895001,0.6727900874771262,9.384678441571436,8.838964405786937,11.265055034568661,15.496293287701665,14.55195182605251,19.306087653911085,4.419470639983153,4.393808113726658,4.8275032332860945,0.009407362286199454,0.0063737010530640695,0.010228139489971432,19.624790707634226,19.104186586833574,19.792675817824843,7.409206729533249,7.405871456965692,7.431593355757492,99.1027754767957,97.67646003166072,99.17708483302651,174.72959691213507,171.8089657204324,175.04271451310728,62.15933267515874,62.15762484008245,62.27563498025597,0.01138638603225067,0.011374826107476024,0.011411645270434216
qwen25_1_5b_int8,Qwen2.5,1.5,4096,16,gpu_npu,iGPU -> NPU,1.0,0.5,1.5,2.7656292458996177,2.7656292458996177,2.7656292458996177,283.0,283.0,283.0,9917.0,5098.0,27498.0,42.0,42.0,120.0,388.5171618613046,384.9001370258045,388.6539239048965,1.945222513024818,1.9191974518537633,1.9454230599573101,10583.831047,10580.108050499999,10684.234077000001,116.10598750000011,115.32756300000003,215.84457325000005,622.157096,621.436899,722.2371364999999,1.5117399294214187,1.4976659028241417,1.512272077450959,1428.7833885273183,1427.326987463447,1430.118151529416,506.1675635,506.109336,506.45079075,508.28819655,508.03781905,509.22103675000005,2866.774651,2864.1015175,2869.7028085,14.44336380506118,13.347207451879676,17.31860422227588,12.567520316574123,12.52306746797809,12.594079571969882,107.12538559876714,106.34266999628501,110.46722350108341,195.33998086911802,194.84248915965065,200.5473732608296,36.480144463703034,36.45794069539992,36.4952982234319,10.013521838864381,9.300063472160947,10.017168873003701,3.8865487254887237,3.8629820795704903,3.899000865895521,54.34302746024791,53.4956530346783,54.3954470503903,89.32416941777774,89.31106740612911,89.44718289951246,36.470234851880065,36.45063136488796,36.483595869882535,0.001432969277360894,0.001426460971923107,0.001722974969210418,2.293625483121261,2.1533384765658585,3.3685796287354743,0.6100928649252336,0.6062511067514258,0.6420862884463621,5.1249268304416695,5.016059850893965,6.33925201498253,8.987829299666831,8.805188635731213,10.949564543116622,0.009909611822967285,0.007309330511955694,0.01170235354936765,0.891876028687134,0.7998963264657519,0.892855261948095,3.5631332164824094,1.8901584690135529,4.6499611213794605,8.045974445346571,8.041382141249375,8.052992417627998,49.352180159216786,47.830957110712745,50.579898861280185,97.0541861749707,96.72623311779031,100.16372782984917,0.0,0.0,0.0,0.9977347977364182,0.997391207754446,0.9978082520668347
qwen25_1_5b_int8,Qwen2.5,1.5,4096,16,npu_gpu,NPU -> iGPU,1.0,0.5,1.5,7.305077557452023,7.305077557452023,7.305077557452023,8.0,8.0,8.0,8.0,8.0,8.0,42.0,42.0,42.0,346.600667893553,268.961751224778,348.0787442760709,1.985650330672461,1.4274564357510724,1.9901102894187495,11863.797104,11813.631874,16678.132815,52.390600000000006,41.12271925000002,4794.15159225,549.506371,537.9384359999999,5290.580593,1.348640731103319,1.0465437790847394,1.3543920010742059,965.343406911752,957.8901555947207,966.0939451696977,496.5156625,496.1289465,496.81571675,510.90049309999995,509.05486164999996,552.51401885,4243.049645,4239.755867,4276.323306,26.21493464623024,24.08297978569243,65.81461607528819,12.233903683093736,12.224567363440157,14.008662299040836,154.6691382598143,152.82841598144688,203.21091564007716,261.3200390631195,257.4653676585323,336.14597079058365,66.68820331071636,66.64904566989522,68.82161705504501,3.770934292936259,2.4857833026409306,3.8406103614960276,4.244216384822973,4.229647392646123,4.2656650329830885,48.85508767562826,47.736207132863925,48.876614112166706,74.52069883104005,74.18729148657532,76.15854964096042,0.0,0.0,0.0,0.9202885487332072,0.9136631335467362,0.9212915616449721,3.091410459551703,3.081788817253881,43.24616788615448,0.5480870093713828,0.5444738697278853,2.308942149453496,8.617441528228866,8.59789678586625,56.409794735833735,14.880923351989297,14.285746937565083,88.24213499834791,4.3778155321079835,4.375198308866681,6.438437428525566,0.007534034578099549,0.004054706613814484,0.009226099807049772,18.103085761533073,17.890655599693012,18.72783782763768,7.4694072406293515,7.424718796950671,7.473685896584714,97.23569854068239,96.49431206271669,97.94405153443932,168.64271526024942,167.35447842447152,171.74528615127534,62.31038777860838,62.27384736102854,62.38317962651945,0.011462028560007715,0.011293658805447748,0.011478259456525702
qwen25_1_5b_int8,Qwen2.5,1.5,4096,16,npu_npu,NPU -> NPU,1.0,0.5,1.5,29.791697258129716,29.791697258129716,29.791697258129716,8.0,8.0,8.0,8.0,8.0,8.0,42.0,42.0,42.0,352.4322141787119,351.2536472931239,352.97561292430487,1.9548727539857007,1.9437386959558838,1.9571168087001773,11667.491888,11649.557632,11706.7718035,70.71939549999995,66.04323875000001,114.52544624999993,577.245074,572.533302,620.817889,1.3713315726798128,1.366745709311766,1.3734459646860109,1027.9819874285663,1026.7141651368624,1029.073019206442,506.45444799999996,506.2568275,506.49006325000005,508.85198165,508.5216654000001,509.36139545,3984.505614,3980.285682,3989.431903,5.266300787888179,3.4802943351230167,8.396501962783528,12.823518148199513,12.81978591310736,12.845191738469754,97.63789429199227,95.37900521407984,101.07052368712395,170.75051959328144,170.19273121623135,176.62668880126583,0.0,0.0,0.0,1.0578916629087267,0.5289458314543634,1.797124483030652,4.190655066975239,4.182075673721324,4.191840643956672,45.51432219275482,44.55807759295285,46.23450828409539,70.7532852569696,70.73222350991483,72.59302407501266,0.0,0.0,0.0,0.9796005773678902,0.9782687500021483,0.9800797816727116,2.3802599600631478,2.037273921210501,2.9072889814775955,0.5965902409379937,0.5962322168347012,0.6222549001993729,5.595891040187469,5.27342672781468,6.169162159446722,9.075337676805859,8.77345810136019,10.295276356708884,0.0,0.0,0.0,0.8769949243430011,0.8326375343059235,0.8833520276544261,0.34968352467245367,0.17484176233622684,3.6920884982752806,8.03627284028628,8.031713052315988,8.040861164549057,45.08730887636884,44.82731480197174,48.66685324358184,91.56777930450687,90.68704960495634,94.06132969204472,0.0,0.0,0.0,0.9966603728916308,0.9966479076704065,0.9970063179422912
qwen25_1_5b_int8,Qwen2.5,1.5,4096,16,openvino_auto,OpenVINO AUTO,1.0,0.5,1.5,2.0755182057619095,2.0755182057619095,2.0755182057619095,8.0,8.0,8.0,8.0,8.0,8.0,42.0,42.0,42.0,2106.1816038236393,2104.006912039051,2149.7757158170107,37.62314403055282,36.927482669605055,37.75310787885209,1952.348265,1913.544554,1954.3682910000002,16.306724,16.24457075,24.0010665,41.42035,41.3732445,49.1681175,8.195259158846845,8.186797323109147,8.364886053762687,2636.359683345448,2630.6359821745937,2720.2088292710287,25.220475999999998,25.1199455,25.229204249999995,26.95019315,26.773958524999998,27.1334743,1553.657502,1507.1988139999999,1557.0452995,10.34801989093832,9.958495125631153,10.401585851331088,2.7411451051954443,2.69508759720578,2.7426396660304597,40.84768839553659,40.64496449505586,41.05515266539005,62.24590078800213,62.14899849051638,62.47275193661454,26.01600188615907,25.9283476064915,26.055556528779533,5.52708336330787,5.503263472566341,5.8252561957936315,1.7972714942141605,1.7499866736782934,1.7988277550475424,31.247369221346116,31.030836130265712,31.542651225682064,48.578795400036476,47.94691296062998,48.72477262109638,22.521460901547194,22.37929062551401,22.553938849160367,0.0,0.0,0.0,1.2901137800887053,1.2862566543650553,1.5256613070625384,0.06986021293407525,0.06973189641941842,0.07165058777823297,1.5537708213925068,1.5495165819592902,1.837530417065702,1.9765426027699988,1.9763051569111147,2.3277504254578525,0.1477422493537028,0.14752815275088277,0.19124426381669066,0.0,0.0,0.0,3.04160900335576,2.9243681266067645,3.050668348474918,0.8738899980504754,0.8733886357508869,0.8740800145634987,7.870912883832986,7.760260957267965,7.891504113722686,11.852310640300676,11.771674158607052,11.955209031981049,3.3613803184783944,3.3540895268682838,3.3651035087709076,0.0,0.0,0.0
qwen25_1_5b_int8,Qwen2.5,1.5,8192,16,gpu_gpu,iGPU -> iGPU,1.0,0.5,1.5,27.68911676015705,27.68911676015705,27.68911676015705,283.0,283.0,283.0,311.0,311.0,2342.5,311.0,176.5,1046.5,485.1547217937964,470.8844119123021,485.9603464944296,1.4602352934739524,1.4026381152644078,1.4608164150885814,16918.314161,16890.313412,17447.0529465,30.362548499999974,29.40483425000001,491.3623990000001,710.2010399999999,709.6488879999999,1171.6334084999999,0.9457207052510651,0.9179033370610177,0.9472911237708179,1232.6216737330226,1216.5703900645292,1237.0894856000339,680.6496159999999,680.2440537499999,680.67657175,688.6094386,687.0608009,689.2056808499999,6645.997044,6622.08106,6734.8559245,50.47248941602463,50.261752647132646,51.39357929425165,21.882529315394866,21.836998115583576,21.970942692266906,271.91776843893615,270.67962026529074,272.5284458547927,469.68199213844645,468.93404704844204,471.3437273139127,174.12219917704303,174.00867725378424,174.24523342907165,21.109819418524694,20.95631083212359,21.524458091802387,9.185026607777932,9.182076331096471,9.224398360892067,125.66444539663993,124.75377613100258,125.89148255338232,210.63858508674676,209.20460769262212,211.0542232776058,84.39728655001029,84.34174582036741,84.49407659633182,0.0008490825323334284,0.0008401506638399512,0.0008548124047786454,3.498519313627622,3.2776736213956053,3.7739354129036844,0.8718539366221614,0.8681829673924706,0.9316422752549627,11.258547290432686,11.027435179395322,12.51141526526498,18.855458514012888,18.67366333154215,21.63499636716916,5.9577565368849505,5.937371669224917,6.497946742544393,0.007982246829714585,0.005736307252605427,0.00799480846355,26.19138570335458,25.752352094337382,26.534219398562776,11.80415534124498,11.775992102219735,11.814902056119877,134.80204215792213,134.0291812391747,134.89840895489283,240.1879485376868,238.65450766913773,241.05577602427778,83.57357599750473,83.30875081983831,83.5772289882275,0.00832533954958126,0.008304423119583699,0.008336704013293053
qwen25_1_5b_int8,Qwen2.5,1.5,8192,16,gpu_npu,iGPU -> NPU,1.0,0.5,1.5,3.7123468285426497,3.7123468285426497,3.7123468285426497,283.0,283.0,283.0,311.0,311.0,2342.5,74.0,58.0,528.5,569.9411477979198,567.5681032468024,573.8515802844774,1.911209504842603,1.8971691905672394,1.934623437571834,14401.486946,14304.014212999999,14461.953451500001,158.3493535,152.41691774999998,210.9191165,659.855289,659.6039315,718.188245,1.1109963894696293,1.1063705716311936,1.1186190648820225,1250.1041853949896,1249.7324467266549,1250.7959612846705,513.0323215,507.017771,513.20156425,516.2124339500001,515.761895275,516.6438310750001,6553.053814,6549.4315295,6555.003629999999,22.827248107874244,22.69081382946346,28.572280001359132,18.024874849169915,17.87188386045552,18.045070959284196,174.5929806329199,173.61200102939176,180.1120346397574,313.4373593640803,312.4075919076041,315.9262206866558,83.96778094047173,83.86377854946954,84.24555888444306,20.111180275639718,19.940962821869384,20.402624214589256,9.182815718220487,9.14729920248649,9.183882362298451,122.6480926086563,122.54478623203822,122.87855842752981,205.14891866273967,204.8055048987623,206.07638003645343,83.94368215573834,83.85172915710285,84.21795058423179,0.0008746440015520586,0.0007525185577747294,0.0008761523871326363,2.7160678322345264,2.3998342981337877,4.046793280181786,0.6514820842404907,0.6469890398525286,0.7001409926138898,5.7046825311642255,5.370804305291774,7.107847875203022,10.445433682375562,9.888819661189618,12.14518461195615,0.024098784733377756,0.012049392366688878,0.027608300211259117,0.8507284601879783,0.8056236481494661,0.8509863394895539,0.7000334189205688,0.3500167094602844,4.472879216048373,8.19956313548486,8.04101245830454,8.202123808571777,47.114574698080446,45.46594467318823,50.793278758388624,98.95623506133694,96.44239220996108,99.53214519712336,0.0,0.0,0.0,0.9975959881102503,0.9967113581051597,0.997822429534136
qwen25_1_5b_int8,Qwen2.5,1.5,8192,16,npu_gpu,NPU -> iGPU,1.0,0.5,1.5,21.449525461532176,21.449525461532176,21.449525461532176,220.0,220.0,220.0,261.0,261.0,261.0,42.0,42.0,42.0,382.18524291061044,303.30727785894123,384.7185966463487,1.4407235061263524,1.0141895167598163,1.4504089855354014,21476.496417,21335.9998685,29024.629558,84.06240200000003,58.896989249999976,7482.947032499999,773.302685,744.6176255,8171.984882,0.7450004735099619,0.5912422570349731,0.74993878488567,741.5181831841118,740.9332883155719,745.775271226112,688.835416,685.51820275,689.0378495,693.7118888,691.50350355,754.9470674249999,11047.605016,10984.900218499999,11056.332917,45.75320248715264,42.214034299634704,93.6831878598624,23.487217833551604,23.464377834807628,25.56546793033097,265.9050056848065,265.65750196802617,323.74551079594096,470.9420008469626,457.9959445380089,553.6053292193847,88.63727474864338,88.33827511417027,89.76427118632472,9.503484460478234,7.780079184768804,13.97118494952575,10.724774773326825,10.70771177959547,10.73314195758535,117.09814963067316,113.86428920441533,120.25201182046057,188.51001194270106,183.74084710725634,192.09559083613726,0.0,0.0,0.0,0.8036625121138382,0.8031316712138419,0.8085831798925072,4.098322798494054,3.7836386517516996,57.643768274939845,0.885217254417626,0.8800163726678553,2.9667074481707383,12.246982185628736,11.672197982272817,74.57422261732151,22.18463366418594,20.63827780916091,116.64164790550583,5.824693129557637,5.818068956183849,7.220221591061515,0.005763112611362898,0.0030678039458940636,0.006643343321848346,24.367285572127145,24.10632405784859,24.72017221263581,11.870745611859665,11.865618524574884,11.873409585570556,134.05412407990366,132.72792098777265,135.0594952574238,246.19831317316937,241.82313375269382,249.63725531318627,82.27551757144067,82.2450499607901,82.550673768637,0.00834352469690376,0.008211496936562403,0.008379402898169318
qwen25_1_5b_int8,Qwen2.5,1.5,8192,16,npu_npu,NPU -> NPU,1.0,0.5,1.5,64.9947448130697,64.9947448130697,64.9947448130697,220.0,220.0,220.0,78.0,78.0,78.0,42.0,42.0,42.0,487.93986372499234,486.3264516090304,488.0487830310033,1.9163907700731828,1.9086783666524925,1.9210975770501282,16821.745076,16817.9917545,16877.737807999998,138.30053600000002,114.01404525000002,164.06799750000005,650.654853,626.6083605,676.683175,0.951149831822597,0.9480047789649715,0.9513621501579012,906.9178177765168,906.405671468944,909.2270969448178,512.8343135,512.59431525,512.85517575,516.32811595,515.3615359,516.597944275,9032.79199,9009.908384999999,9037.898673,7.54011592581508,5.353661057356183,8.7860694251238,19.14036870296975,19.131669302971787,19.142874720114868,155.60124393420693,154.3357166799412,158.61313172310156,268.2425176889994,268.01881010265583,268.92263133776623,0.0,0.0,0.0,0.0,0.0,3.6016958731823827,10.28382132042847,10.272014101234687,10.305945530852227,100.73366344652743,100.0213639460649,105.67180387736681,164.08900300533327,163.58081720767197,166.28040138011622,0.0,0.0,0.0,0.9804053951208058,0.9795812089934111,0.9828232375473862,2.1512039439248802,2.104671421364977,3.2629430454545805,0.6415444058764456,0.6377761309335699,0.66294072967952,5.372582305700473,5.202403730686939,6.5701577770804125,9.292535031375216,9.047803263777757,10.919163535442397,0.0,0.0,0.0,0.8480174852352256,0.8014701917790173,0.8486885843585303,1.109067290092213,0.8932472621175442,2.137250534461506,8.19582476744625,8.185795678776904,8.200482747000457,46.963943673447595,46.47339686078209,47.744194956795916,92.32787373545355,92.25227640112278,93.59442669387224,0.0,0.0,0.0,0.9971676894498935,0.997049958151615,0.9973547180298517
qwen25_1_5b_int8,Qwen2.5,1.5,8192,16,openvino_auto,OpenVINO AUTO,1.0,0.5,1.5,2.2082786662504077,2.2082786662504077,2.2082786662504077,220.0,220.0,220.0,261.0,261.0,261.0,42.0,42.0,42.0,1788.0364118793395,1786.683184661111,1832.9000581091254,32.08304851963488,31.50890743616749,32.15773314506933,4590.510543,4480.833782,4593.990014,28.2864165,28.20626375,34.290411500000005,57.088566,57.053116,63.4902255,3.4854510952813635,3.482813225460255,3.572904596703948,1985.871729392136,1984.7195405831174,2046.9039476003618,28.891555,28.846852249999998,29.244516750000003,31.0279815,30.861156475,31.033333325,4125.140551,4005.7031210000005,4127.536709,19.66399585712976,18.31879486815812,20.324712187139923,5.701484503905022,5.5674239392338,5.714103178827686,94.51609450719018,92.47445599148861,95.06814279455438,144.6514998200836,141.1259266930022,145.0808105841651,64.49492362078013,64.15653317884377,64.52404425639509,14.65172638350308,12.731716236155407,15.181196143838488,4.678441731960824,4.519820195634508,4.691402568776633,83.63766066930248,80.91336596859617,84.05938499482323,128.59394229031142,124.31028242949913,128.99852814911065,60.35020143356791,59.94881078694337,60.38066284755078,0.0,0.0,0.0,1.7704229841550292,1.759659546337861,2.0214271857610457,0.07933330995056799,0.07831400962057287,0.08681976297218527,2.075843656261049,2.0686904163773314,2.3792646113846248,2.6214083469694534,2.612676666777065,3.0198761293831646,0.1850630695496655,0.18323199684966296,0.22084686848119864,0.0,0.0,0.0,3.5043396288211666,3.3838564969635763,3.696898015916423,0.9450637388673302,0.9443866004304805,0.9614611190639561,9.06323810531354,8.940067383353814,9.31214937335125,13.50306235375207,13.469605768277395,13.829224719594603,3.960639706326748,3.9601494119946477,3.9873658177513107,0.0,0.0,0.0
qwen25_3b_int8,Qwen2.5,3.0,1024,16,gpu_gpu,iGPU -> iGPU,1.0,0.5,1.5,10.55982886441052,10.55982886441052,10.55982886441052,1110.0,1110.0,1110.0,78.0,78.0,78.0,42.0,42.0,42.0,14.606126195602293,14.565776438071644,14.642369092826403,0.22548916853106976,0.22479235776983444,0.22604234070973198,71202.99976,71027.192742,71400.79248850001,23.511357000000288,11.940642750000396,149.22653325000022,4435.064069,4425.6151515,4562.9991095000005,0.22470963377849681,0.2240888682780253,0.2252672168127139,219.60813795983447,219.18340021183604,219.8137721580316,4415.7963055,4413.67450875,4415.894373,4438.891429149999,4434.513404625,4582.617528199999,4662.850883,4658.4928965,4671.9041875,171.07966505438984,163.97314599480586,172.4713333459697,117.72076899040226,117.68105352812141,117.78185221217753,878.8165152545718,873.6327095619649,881.6978903679117,1885.5294642123145,1872.774817297265,1892.3706355162476,445.7436436102941,444.52672315107435,446.2368589817506,9.526585291559025,9.282519984440208,10.16666223542904,7.797256958778108,7.790257179385713,7.80379683337201,61.64320114961121,61.310474720079235,62.24997579243903,127.09116944460152,126.29629367873575,127.12423426462257,34.7860025381905,34.718204471892605,34.86358697544381,0.001381782033473542,0.0013780367567904172,0.0013838147411002722,12.31361256291102,11.794797662419315,12.955521106870691,7.3767451450961,7.363102123386746,7.403044094485036,56.482517156522206,55.67753864846559,56.960828159261325,117.92562902469729,117.16005250765176,118.39039231847102,27.162748433102056,27.062247189403926,27.21802705549059,0.0014573726755232465,0.0014154365450737426,0.0014595664219203353,146.67549622426043,141.09502795962496,149.86796490416168,102.49416898775019,102.48775225425067,102.58865430602984,758.5206256573044,754.7546320397964,763.292064924268,1640.5126657430158,1628.0881313000582,1648.0863487439733,384.1314912589936,382.613408430136,384.45640732045405,0.001465330241198538,0.0014586618185834957,0.0014663330327678039
qwen25_3b_int8,Qwen2.5,3.0,1024,16,gpu_npu,iGPU -> NPU,1.0,0.5,1.5,3.8590370044112206,3.8590370044112206,3.8590370044112206,1110.0,1110.0,1110.0,78.0,78.0,78.0,42.0,42.0,42.0,41.91862691548175,41.69650877225108,41.9418676373092,0.7484655058248562,0.7439136357947701,0.7488216141611146,24809.972953,24796.232927,24942.843986,51.18684600000023,36.83251300000012,177.10089600000012,1383.019146,1368.6540814999998,1508.9503025,0.6449019525458731,0.6414847503423243,0.6452595021124493,214.7214531767532,214.29591238549767,214.91151825742355,1331.8322999999998,1331.8215685,1331.8494065,1338.61058355,1337.4474414249999,1338.75424105,4768.969215,4764.7553245,4778.458098,17.78359713450387,11.07084307642453,21.622605270995045,29.37226183145731,29.356000821275604,29.4445501924218,187.816059211706,181.08159634720954,192.0527479184513,396.9896910429919,391.35187817351084,398.29533059620223,35.7229486510687,35.529798822603574,35.754542252340244,10.640101069312594,7.457789178311505,10.752345496311655,8.006611641604858,7.995366506367953,8.011208137777356,63.64168458848474,60.60304260003619,63.98462052495776,130.1692544447484,126.76265537902921,130.56262799092588,35.70015091328194,35.518399953710194,35.739161055026656,0.001062274127871817,0.0010510607388887986,0.0012065831398497553,2.92597002764175,1.5042908793382623,4.4130314674389775,1.4219860150170847,1.4007048932540087,1.489993738102159,10.378432239252142,8.838786618015803,11.97336953899133,19.135582555665586,17.38598344652499,22.350494720112245,0.007964656840410304,0.003982328420205152,0.015381197313584548,0.9958119553031841,0.9445741418661817,0.9958259131567619,1.243403157955072,0.621701578977536,6.457228307244414,19.952225450594202,19.943348316542288,19.96421005953306,110.60606778449073,110.04482982941835,116.09475785450219,246.7216246533353,244.9005931905428,247.20323934795664,0.0,0.0,0.0,0.9989643651711394,0.9988914544741998,0.9989714209931347
qwen25_3b_int8,Qwen2.5,3.0,1024,16,npu_gpu,NPU -> iGPU,1.0,0.5,1.5,4.293617768213153,4.293617768213153,4.293617768213153,1110.0,1110.0,1110.0,78.0,78.0,78.0,42.0,42.0,42.0,15.264195087623712,15.23453368183406,15.27333589079647,0.22660685309487888,0.2261514274818635,0.22675531198270865,68133.301103,68092.54899800001,68266.214386,9.92072099999941,6.793217499999837,210.95876399999946,4417.667252,4416.075935999999,4617.207365,0.23483377057882635,0.23437744125898555,0.2349743983199457,528.0084143998428,527.3139853667766,528.187573886164,4404.750671000001,4404.657285000001,4409.3761045,4428.59472765,4425.179767924999,4429.986439425,1939.363033,1938.7054305000001,1941.9203820000002,162.19467124512755,158.03840231399434,163.81585258173652,111.704762108085,111.69116732495397,111.78209427832856,837.0399627266847,831.7206466006189,838.7641574209315,1787.5043594366393,1772.531898170051,1791.8125233694564,407.88004570881424,406.8462079668923,408.1966983908335,0.0,0.0,0.5654344817006787,2.086923713109112,2.086708796102417,2.088329319554652,20.324726380478424,20.14593922964958,21.39428888292936,35.170191480809734,34.31287006434386,35.58069837297686,0.0,0.0,0.0,0.9944481101835841,0.9938054684996065,0.9951584199157915,13.59318475069583,13.554125262707347,14.199628901227385,7.321223494279046,7.317401459753616,7.4009406265967215,57.3463328658273,57.29727544036466,57.83839525128714,118.86917970561383,118.66465812936772,118.93866688916727,27.046535354850647,26.942976642813225,27.09411511828301,0.0011152945024932358,0.0010697147846320581,0.0012987303632317267,148.6796054704087,144.484277051287,149.08984868679693,102.28903376365751,102.28326650057826,102.29282433217719,759.4670183313043,754.2774319306047,759.5805307121776,1633.4649882502158,1619.5543699763393,1637.2931581073124,380.7383508270989,379.85565156064666,381.10258327255053,0.0014845970472899398,0.0014828579551908107,0.0014859759752887819
qwen25_3b_int8,Qwen2.5,3.0,1024,16,npu_npu,NPU -> NPU,1.0,0.5,1.5,57.10082132089883,57.10082132089883,57.10082132089883,1110.0,1110.0,1110.0,78.0,78.0,78.0,42.0,42.0,42.0,47.394088978152176,47.20471760858709,47.54727197264215,0.7496249920392637,0.7463189885757737,0.7523274030826457,21943.664757000002,21873.1959055,22032.0508305,8.994626000000006,6.629850000000048,95.39214375000005,1342.142001,1339.0166330000002,1428.276886,0.7291398304331104,0.7262264247474937,0.7314964918868022,529.5658195035039,529.2509240608476,529.7432840480246,1332.6221094999999,1332.12415025,1332.8847422499998,1337.6614287500001,1337.0843217249999,1339.1810550250002,1933.659542,1933.011981,1934.8107220000002,3.894420917099327,2.509222744290665,7.568231918182504,23.491946351894846,23.389757844643043,23.539221339321422,140.55368986787644,137.91293886574203,143.73188959700184,277.30178220462255,273.86812572911,279.55274415466346,0.0,0.0,0.0,0.36701619176474054,0.18350809588237027,0.7614486439139849,2.118781827469503,2.1001022787109145,2.1289328233477476,21.407469488043844,20.96997336643144,21.974298951321092,33.70505050653142,33.545592960041624,35.24979927123872,0.0,0.0,0.0,0.9960097861471242,0.9957055286503649,0.9962647878860068,1.8821712402116533,1.5030979058468283,3.7326267400195636,1.4368679261522619,1.424800458345318,1.4746476508938946,9.608383164476262,9.185323071553702,11.511584865317975,18.072949161506333,17.684684066090963,20.8237639839518,0.0,0.0,0.0,0.9931050507374741,0.9769984740419662,0.9942303809088734,0.8563685808244443,0.42818429041222217,3.0741565342489565,19.93629659827308,19.836024562949977,19.964471409716612,108.40417828880184,107.19081296447962,110.24600578036276,224.84299188475524,220.20498197045015,225.5716523060854,0.0,0.0,0.0,0.9986373473636968,0.9985589446164062,0.9987327144387039
qwen25_3b_int8,Qwen2.5,3.0,1024,16,openvino_auto,OpenVINO AUTO,1.0,0.5,1.5,5.536428856663406,5.536428856663406,5.536428856663406,1110.0,1110.0,1110.0,78.0,78.0,78.0,42.0,42.0,42.0,901.0284872839964,890.4901007452585,912.4628342095313,22.399722902883845,22.114243351244028,22.547802340483855,1154.236536,1139.9514605,1168.059784,13.148523500000001,11.816882000000003,18.24999425,57.684228,55.652705499999996,61.841139,13.861976727446098,13.699847703773207,14.037889757069712,2075.7162839792477,2072.7947037035287,2160.6276255466255,43.1359425,42.89126375,43.8358235,45.3342642,44.85469415,45.981768875,493.32368199999996,474.66946299999995,494.0199975,7.6508211942308675,7.558104138495996,8.457767331249006,2.434089683701355,2.420306496397968,2.465110468553379,25.361172884723292,25.296847090385647,26.26780225533322,38.861892115328274,38.77535047165761,39.85784440712164,13.558210222864428,13.520763071247082,13.6170753667344,1.990273459672759,1.6846399972373485,2.0148481985551365,0.6874646313682049,0.6685995179690214,0.6878396500615959,10.673528104031078,10.364135037630351,10.704027823128424,16.33270441036936,15.849718477766302,16.37017365725238,7.438849303725078,7.430852375738093,7.463698559346209,0.0,0.0,0.0,1.7429162501366928,1.666434136937036,1.8723587037615723,0.12163050312872165,0.12071996615009001,0.12538638723479512,2.295639796419444,2.1994398417531524,2.4565518838599267,3.0102773317017117,2.877110684067249,3.2664967613553686,0.3276397025804382,0.32065536877764433,0.39922517768790344,0.0,0.0,0.0,4.084579390572735,4.077587550696732,4.783476835632836,1.6276466331838748,1.6272311281727831,1.6569663573527846,12.584404893605353,12.57236012356166,13.36433459045164,19.799360091814673,19.792301880170402,20.617618277446283,5.730795580929804,5.723688811885733,5.769255326731344,0.0,0.0,0.0
qwen25_3b_int8,Qwen2.5,3.0,2048,16,gpu_gpu,iGPU -> iGPU,1.0,0.5,1.5,10.442901426926255,10.442901426926255,10.442901426926255,220.0,220.0,220.0,1718.0,1718.0,3214.0,42.0,42.0,42.0,27.266556187772736,27.229521740650057,27.51797289062424,0.23025297877662718,0.2291202408974284,0.2316259100921559,75697.128225,75011.786463,75800.222924,471.6761974999999,409.78413999999975,1086.5993764999998,4736.318024,4674.5463605,5353.259653,0.2113686526183933,0.21108156388100818,0.21331761930716464,202.5669478884053,198.33228756974842,204.2141621543101,4264.8826145,4264.762220500001,4266.7806705,4302.4542347999995,4300.376711375,4452.937159674999,10110.237733,10029.3399555,10330.8144765,193.86681966815644,190.3742277216852,202.54819103924697,121.45951453131374,121.38119730381086,121.50627780285264,943.2359741235701,936.093067592292,949.1834384129968,2007.716598939768,1993.770574849172,2014.9453202756617,466.65546012495656,464.70502621853245,467.0600291426476,35.895290560503874,34.720146950959474,36.759285245741765,15.098089617444739,15.086551714895487,15.20512325729091,139.2135530067256,137.08512980655985,139.53337019509044,278.66486152289383,272.5922925799734,279.078988810439,66.33701746209475,66.03305731554518,66.59868221875058,0.0006469679717470992,0.0006341539185537636,0.0006516258136683695,13.677600058048654,12.76116134524981,16.613953702312674,7.179736313334134,7.140851868585104,7.294822301305017,58.5339242653046,56.811345827774076,62.140468170005704,124.07091109811145,121.55813393985592,129.90966487351554,26.4792328735547,26.404664664584047,26.573750053388125,0.0013673068335328489,0.0012305361508283211,0.0013833407442439753,144.3988171047258,142.028924740238,150.09139080399137,99.04812995062763,98.99982328761035,99.093523352023,748.2940193498713,741.8767747695931,749.2321784854312,1592.475064192864,1590.8544901081377,1608.469443749963,373.1268459163286,371.9111223019139,373.8875968705089,0.0015103920456933154,0.0015034982042369098,0.0015119738624907956
qwen25_3b_int8,Qwen2.5,3.0,2048,16,gpu_npu,iGPU -> NPU,1.0,0.5,1.5,3.8432364724576473,3.8432364724576473,3.8432364724576473,220.0,220.0,220.0,4689.0,3203.5,4699.5,42.0,42.0,42.0,68.60821562652076,68.41352703989548,68.6509028497298,0.7447258429044943,0.7409746574806777,0.7449211647966905,30083.860674,30065.166113499996,30169.716494,93.11371199999985,88.53822624999997,191.0088487499999,1428.3029199999999,1424.128607,1526.4084755,0.5318466327637268,0.5303374189139184,0.5321775414707737,206.54757798951636,206.26889014713265,206.61460130081525,1335.6100454999998,1335.39962675,1335.8007994999998,1341.24304285,1341.22498735,1342.2535395,9915.39102,9912.175628500001,9928.8057305,32.06050032251301,30.60351134688639,43.32092731393788,38.084411431879325,38.044052529396566,38.14476442575805,274.15054366334215,266.03883447661224,278.4887865704992,557.2583692430909,552.381394617131,578.6893709983367,73.87732174800044,73.66516134600826,73.95830917685647,25.948475747726114,25.813251198923247,26.79667440591617,16.55285494122859,16.539124690572354,16.57886596508441,136.55378351514153,136.37053251075852,137.06480647072135,277.6192964410825,275.6909433446706,278.6138836562454,73.86918675592185,73.66109384996895,73.946276745358,0.0004998290022050992,0.0004995569240128947,0.0005782032339459126,1.7232340541492999,1.7108139653510954,4.974284292964017,1.4393867853026703,1.4356708352066792,1.5215273893718835,10.144704218282284,9.692375226976829,13.10353649531638,23.495436663776726,21.521076234776164,25.575312873862956,0.0081349920785986,0.0040674960392993,0.012032431498463189,0.9690227336369235,0.9346004310230418,0.9712520336979831,4.684079795839736,3.0794461826120454,11.697613252658766,20.040147657636417,20.02951572910548,20.058101321957984,127.81855793868434,119.97592673887688,128.50369460884446,255.840589910883,253.08949882759802,276.42852756464026,0.0,0.0,0.0,0.998789182390547,0.9987289613136732,0.9988185104526012
qwen25_3b_int8,Qwen2.5,3.0,2048,16,npu_gpu,NPU -> iGPU,1.0,0.5,1.5,8.300728037022054,8.300728037022054,8.300728037022054,220.0,220.0,220.0,78.0,78.0,78.0,42.0,42.0,42.0,29.283659067921537,28.863663223624357,29.28526662959678,0.22532970350713416,0.22189504694728363,0.22533184062355593,70482.995148,70479.126324,71523.73875749999,20.13133649999954,19.581369249999536,1026.741333,4458.121373,4456.9401825,5462.9465255,0.22700510905365534,0.2237493273149175,0.22701757077206808,524.1336235442438,523.7000722349626,524.4862675882989,4436.72759,4435.57396925,4437.358813250001,4463.88540355,4456.605226775,4467.8050742,3907.400533,3904.775115,3910.6380010000003,160.60205437822998,160.04154955773825,171.44146637537736,114.59640947645622,114.54229876150256,114.94628256114721,866.3766384113289,865.5341381926862,878.506809864828,1837.2053304325377,1836.5681042804258,1848.1008977200063,411.3627362490229,410.89043559896675,412.6404414542533,1.1582711862597037,0.9950647959896397,1.6361458541319598,4.371048971930035,4.342648525795302,4.372905608989981,46.081786338227616,45.96332375921406,46.669720848717326,75.4192637041447,74.60949606796507,76.57165689117826,0.0,0.0,0.0,0.9901454860655311,0.9891445435579038,0.9903930536517971,14.243201236995121,12.871861458998517,22.702291624870487,7.382844581785053,7.3802236705773545,7.778874641293491,58.37337898540822,56.839108535672864,68.54450397178452,119.05355284418054,118.00462330439811,135.53370349687637,27.301241050280115,27.26384514375585,27.422289721398943,0.0011103331618513117,0.0010610595163750695,0.0011137695045731924,147.94326151096837,145.53354224460776,149.11544973251384,102.7963372075187,102.77326959031248,102.81756992806997,763.3050135498784,762.025308808296,764.690752364922,1642.5255865897102,1637.0444668717341,1642.8015917210291,384.1362870117913,383.62659045521093,385.2555476393786,0.0014695043795934506,0.0014646792757637278,0.0014760710328693624
qwen25_3b_int8,Qwen2.5,3.0,2048,16,npu_npu,NPU -> NPU,1.0,0.5,1.5,62.0877991290763,62.0877991290763,62.0877991290763,220.0,220.0,220.0,78.0,78.0,78.0,42.0,42.0,42.0,86.0953477026246,85.8021371543847,86.13345307784068,0.7476993113862359,0.7445742377488269,0.747738403186976,23973.420807,23962.8196735,24055.62579,39.061161500000054,34.41949100000008,117.46690375000001,1372.830835,1368.6956945000002,1451.4193525,0.6674057961443767,0.6651328461580208,0.6677011866499278,524.1633691473612,523.8483833520147,525.1330668908411,1334.1352239999999,1333.9524487499998,1334.45897875,1339.8494879,1339.80215085,1340.9144498750002,3907.178793,3899.9771915,3909.5295615,8.397138475433255,5.413874919742035,8.84912145703785,25.794181208018163,25.782258722302444,25.891107504538404,166.73669432265754,163.91803028068273,168.77173540064229,321.35391364088,318.26516462467254,322.5106553178972,0.0,0.0,0.0,2.8997402034225015,1.4498701017112507,3.0165762009770134,4.349574363762512,4.3311019535160975,4.3593872244383345,47.44802231645568,44.958995842092015,47.56591248872189,73.25755992342545,71.27887175165205,73.32257115729453,0.0,0.0,0.0,0.9900139250936646,0.9898205102308274,0.991344461416116,2.3669441236508857,2.3334853343703026,3.9321711978308196,1.479827590422083,1.451433529562389,1.5089390436047772,10.139206610770513,10.119956258094255,11.765453427967367,19.501248074181955,18.61211763723996,21.500571297282995,0.0,0.0,0.0,0.9753554231610772,0.9645994414014447,0.9760356653896005,0.13058481896109697,0.06529240948054849,1.965666467710566,20.021567375552955,19.999723239223957,20.051175297354984,108.52869096556152,107.21283136329959,110.75622908621496,226.37498395440443,225.4207103418684,229.53091691279775,0.0,0.0,0.0,0.9989010030986488,0.9988774679018071,0.9989669591137372
qwen25_3b_int8,Qwen2.5,3.0,2048,16,openvino_auto,OpenVINO AUTO,1.0,0.5,1.5,3.1950638806447387,3.1950638806447387,3.1950638806447387,220.0,220.0,220.0,78.0,78.0,78.0,42.0,42.0,42.0,1128.9758083036447,1128.0839922545304,1149.8329367256524,19.58181700826209,19.478258079774115,19.71277285662701,1828.205693,1795.634202,1829.6521395,20.065346500000004,15.687571250000001,24.461481750000004,69.056662,64.7508365,73.4891715,8.751750451966238,8.744837149259926,8.913433618028314,1937.7552590431726,1923.8348258500705,1995.9115369818514,49.064064,49.02768975,49.0996395,52.59215835,51.3193297,55.293581474999996,1056.893016,1026.969484,1064.596193,10.38700968395414,9.79502130547883,10.867830001517198,3.185125762661195,3.1528666353767725,3.1884111717167736,39.296657537996715,38.69485518172438,39.80451050980811,59.79944974014399,59.21288699621557,60.52984220791267,23.325774827308997,23.322237793646494,23.359902090472424,3.9365517642095083,3.4533533332069934,4.0440329082472894,1.40142785834492,1.3661617957999483,1.4016846254989608,23.17818969387764,22.630960656159587,23.29127768931452,35.51177902614972,34.717703587004294,35.531284035779144,16.6883422822774,16.67921691582174,16.698458118332667,0.0,0.0,0.0,2.0952976919659743,1.8876336690089461,2.188985846246842,0.1246410110003045,0.12349507808630278,0.12639390563518355,2.6699729957071168,2.4543256184242113,2.805452932014815,3.4617923810965276,3.1886014450392195,3.642746032315826,0.3514380408334374,0.35051371055064795,0.3920081204673753,0.0,0.0,0.0,4.555525985617151,4.252865004944241,4.936163424260962,1.6615649745673107,1.6612000997016014,1.6635963429972194,13.65361361210401,13.361000975396,14.058907202069381,21.333250185753506,21.106123303323336,21.809956727094306,6.273108871257138,6.2658988180098785,6.289601384466099,0.0,0.0,0.0
qwen25_3b_int8,Qwen2.5,3.0,4096,16,gpu_gpu,iGPU -> iGPU,1.0,0.5,1.5,24.6697861244902,24.6697861244902,24.6697861244902,220.0,220.0,220.0,4689.0,3203.5,4689.0,42.0,42.0,42.0,37.28497100315153,35.64050993778413,38.20453089253437,0.2354154732895579,0.23384743382751025,0.2372304508737425,110285.72342600001,107693.603696,115620.47803,613.8596559999999,589.5938712499996,1039.574854,4817.730847,4764.8590355,5238.7721595,0.14507770818346902,0.13867902699526902,0.14865576222776022,86.16601220652097,79.40934225598582,92.5703161084927,4194.5234199999995,4170.59127875,4199.1973055,4239.34943725,4199.9548201,4259.168363875,47536.144415999996,44460.245613499996,51956.987150999994,433.41623220687904,415.3172386373583,443.4685620785043,148.51119154573396,148.03272899211373,149.0490767065276,1333.5117566169051,1317.3007118678859,1343.2554998457003,2707.949459653129,2688.16503575551,2726.5452493308294,545.3450027059021,544.581745320193,549.0908175623481,269.5769721484791,251.55190261108822,274.3462664259617,45.313939653963125,44.601758629829106,45.74307542040921,541.5076083800542,520.1058669459505,542.6639976085012,1023.9283784148195,988.6921815954697,1033.0558193203026,153.42391002479843,149.84301486744533,153.97849550366516,0.00013751641157080753,0.00012698144720206436,0.00014820853552036643,14.843382195458334,13.808157404900307,18.254273933895085,6.99663290725592,6.958194758366237,7.197801573097228,59.741322917441174,58.52501543081331,62.76325053166197,128.37089694474668,126.83898739173534,129.64663409801983,26.200440914106444,26.118121842338645,26.249412952766583,0.0013398423874217728,0.0012506823824428672,0.0013575291701284388,151.06632744405763,149.95717862136976,151.90324650920553,96.66805592554252,96.04363983747231,96.77105394998104,742.6442186895786,738.6698294911221,743.0189483906217,1572.0354075314515,1565.3747054655187,1579.2945688342381,371.25798323296493,368.57163657174885,371.68054687756046,0.0015414072625166584,0.001540643480275797,0.001551800823697926
qwen25_3b_int8,Qwen2.5,3.0,4096,16,gpu_npu,iGPU -> NPU,1.0,0.5,1.5,4.167092155665159,4.167092155665159,4.167092155665159,220.0,220.0,220.0,4689.0,3203.5,4689.0,42.0,42.0,131.0,102.0496336589008,102.00759675938497,102.11822501790837,0.742739358420646,0.7416780774187601,0.7430910913555491,40294.118190999994,40267.07137199999,40310.730072499995,127.24718599999996,126.08307024999988,222.89096274999997,1464.044871,1462.3042235,1559.5605445,0.3970802866105089,0.39691671890811275,0.3973471790580092,204.04551051610585,203.92035738447436,204.09803193840844,1336.5414785,1336.09305,1336.66958175,1342.129284,1341.9887179749999,1342.501657275,20073.953059,20068.7886715,20086.2807195,60.35321482894643,58.863153672239136,61.63478777470176,55.12342916538383,55.09060609886599,55.1391595366521,402.01551386207024,399.0306779163478,403.62700947766973,828.2686789203809,826.4919908755085,829.8462440548919,151.14206363232336,151.0617986742351,151.73568344619346,51.35295003614703,51.058945767343616,52.36280304799498,33.582857350706746,33.54568319480484,33.58852195499357,276.83889619774845,276.40636842839706,277.6235052833681,563.1396551978021,562.9666312716904,563.1946652693234,151.12336282259955,151.04344791360052,151.72633304133154,0.0003244004796095902,0.00028645495892790367,0.0003254453728989302,2.652836188508968,2.0804249364034413,4.816697478806231,1.4608932306191456,1.4598943613693527,1.5200714538068807,10.059405977789819,9.548972453932093,12.45496447009893,19.660598087581594,19.371474026716136,23.903962840856718,0.018000711545298264,0.009000355772649132,0.0183507606345506,0.9460201851969058,0.9125221779566874,0.9468076809890866,5.100137332693727,2.5500686663468635,7.0053559142474136,20.09037850132565,20.02585031950406,20.09509430967325,116.1380787342474,109.46264168673854,117.67166859534059,245.9366536136855,239.68248682619384,247.45312868496416,0.0,0.0,0.0,0.9987624064602394,0.998758332827778,0.9988843594794218
qwen25_3b_int8,Qwen2.5,3.0,4096,16,npu_gpu,NPU -> iGPU,1.0,0.5,1.5,24.89985651243478,24.89985651243478,24.89985651243478,82.0,82.0,82.0,78.0,78.0,78.0,42.0,42.0,42.0,56.57813488386787,52.277287239564686,56.64449459906332,0.2349373655338925,0.21491097467538883,0.23512439820524778,72678.252976,72593.20914749999,79193.494535,49.80051149999998,37.450970499999684,6239.4157955,4301.084717,4287.116002,10491.8118675,0.22014838476213178,0.20341356902554353,0.2204065937706744,467.42752639508603,465.6122970774448,468.03594074631707,4251.2842055,4249.665031500001,4252.396072,4270.2829886,4267.4889131,4430.2265881,8762.855777,8751.479459000002,8797.1522265,166.171195538021,162.5777219969367,226.62866242849373,115.13594097051927,115.04718560845023,117.71843511647293,900.7360410893328,895.5877131430564,971.8949335564087,1870.7537336050848,1862.9034714493914,1972.8002442080774,402.31701458919656,401.9697530536071,402.3535231251045,0.0,0.0,2.4432133028682195,9.569622830977682,9.535119317112256,9.597303382085176,97.43408552030039,95.86437556541905,99.88442874934182,159.9604765430348,159.0782161903997,166.40402669861743,0.0,0.0,0.0,0.9482211898762306,0.9443238807023319,0.9482906574362499,11.424549320366058,11.235998306353165,74.30808015695624,7.069369783851217,7.066073680279775,9.719925331681655,53.846629993632746,53.72317471182137,125.21241531857191,113.3451626422021,113.27128710853155,225.65265847593793,26.712786732899335,26.441700792692657,26.770223086196477,0.001148801964990635,0.0007238086953926565,0.0013276993277229593,149.89451832541997,148.72710873045315,150.06591998268215,98.42983257966766,98.37793120918141,98.43570991657153,744.8015496809396,743.5498196367744,746.9215447703064,1581.895321175802,1580.2929829197167,1583.2281576422424,375.67724492811317,375.2360385033186,375.9118223324119,0.001519803494153283,0.0015183187718932952,0.0015213922508028799
qwen25_3b_int8,Qwen2.5,3.0,4096,16,npu_npu,NPU -> NPU,1.0,0.5,1.5,58.91109039448202,58.91109039448202,58.91109039448202,82.0,82.0,82.0,78.0,78.0,78.0,42.0,42.0,42.0,144.30917922146554,143.93862659750698,144.31571684369402,0.7441428945489148,0.7414588913553862,0.7443783411206423,28494.37591,28493.0851495,28567.920573999996,81.33695699999998,77.771288,154.766819,1418.9475830000001,1415.2729800000002,1492.26842,0.5615143160368309,0.5600724770331011,0.5615397542556186,491.2696054432775,490.9129408293959,491.36407028608653,1337.392758,1337.392667,1337.501692,1343.10278665,1342.82306045,1343.60447655,8337.580738999999,8335.9781455,8343.642673499999,7.677158431499256,4.525220406537814,10.836380840486822,31.044376768482984,31.043299931816,31.125027684832197,217.7502049304555,214.5554925191601,222.50091081486738,400.49165197061086,400.18549360421673,405.8271809341471,0.0,0.0,0.0,2.1078440521516164,1.0539220260758082,3.832234181927422,9.49010471681455,9.480856472043095,9.508598581201255,97.33089783541246,95.15451092997198,99.44500381018435,152.26048499201985,151.53768402070233,154.31955946692517,0.0,0.0,0.0,0.9920745908113479,0.9916453072190662,0.9921354702722726,2.7514186468107447,2.062350514193558,4.160366513079192,1.456018728044066,1.454559724179497,1.5065165510375418,10.551393274189834,9.854718746236973,12.03234118720731,18.50665484109239,18.26106994058487,21.281433350803262,0.0,0.0,0.0,0.9423751913181136,0.913158883406594,0.944522653907002,0.0,0.0,2.8437801454802063,20.117514147562446,20.089389871206702,20.138036828949144,109.2246118650491,108.06531492993369,112.18286275259112,229.6033652057254,227.61196113321867,232.94039316024296,0.0,0.0,0.0,0.998819837038834,0.998746517176186,0.9988851267493023
qwen25_3b_int8,Qwen2.5,3.0,4096,16,openvino_auto,OpenVINO AUTO,1.0,0.5,1.5,3.351470139808953,3.351470139808953,3.351470139808953,82.0,82.0,82.0,78.0,78.0,78.0,42.0,42.0,42.0,1306.998980014754,1303.254257009704,1323.3618933951605,20.32212869019696,20.27818991664475,20.60258980402054,3146.138645,3107.7128475,3155.2046945,25.7581015,21.625453,30.20404525,72.208101,68.12042,76.807504,5.08559914402628,5.071028237391845,5.149268067685449,1690.4988309381336,1688.7931447516914,1723.776188973789,46.53993450000001,46.494967,46.64842625,47.696660699999995,47.68528585,51.597896225,2422.953465,2377.064431,2425.4031295,14.6227308622549,14.387375087886983,15.653772900974722,4.748739368726918,4.706272282949054,4.7790284509794425,71.0332873219261,70.48676317032067,71.90560618040027,107.29164740126066,106.57244560598608,108.78632405399307,47.60984379009309,47.59892468522422,47.83050438252812,8.857662998329493,8.516516476789693,9.52086004231612,2.9276260304301998,2.8814896273601254,2.956868663308132,55.36369195704996,54.676575725809954,55.90087776488134,83.38327440110093,82.419686272489,84.35682591013767,40.854850065638466,40.78719567375947,41.04612904192576,0.0,0.0,0.0,2.0496149011365907,1.9432295604900625,2.0989146231280245,0.1275400942205996,0.12692266813555747,0.1314348074273838,2.6104641883560205,2.5235296013993116,2.712001064530665,3.3753228247586096,3.2636288238699476,3.522435726448667,0.38194868320763214,0.36600980029030694,0.41046436794588126,0.0,0.0,0.0,3.9282236440818723,3.878329328615794,4.189683298168543,1.6948080962462024,1.6939652742465863,1.695237119535753,13.23300035043353,13.185120966936752,13.481198814119615,20.756438177178435,20.742017607937058,21.165869319985447,6.42948424579076,6.417203526436201,6.430646259666615,0.0,0.0,0.0
qwen25_3b_int8,Qwen2.5,3.0,8192,16,gpu_gpu,iGPU -> iGPU,1.0,0.5,1.5,130.3343618772924,130.3343618772924,130.3343618772924,220.0,110.0,220.0,2749.0,2287.0,3719.0,74.0,74.0,74.0,39.15122267527216,38.449399345479804,42.126398937160815,0.19691621938436468,0.16920237048603226,0.19797808196880334,209648.62497600002,195818.91704200002,213546.525493,666.9835410000005,664.9843370000003,16109.158340999998,5697.184582,5668.875382,21091.3269165,0.07631817285628101,0.0749500961900191,0.08211773671961171,73.51782500780801,67.44651468541215,75.17303505511256,4977.581048999999,4955.8585795,5003.891044999999,5062.727258049999,5032.960781674999,5084.424589249999,111428.758932,109028.105356,122451.4281245,856.7376414499338,846.2024053447766,892.4464017553271,218.92771083682226,216.74061399152163,222.4482888790307,2227.749993465852,2194.5668335384366,2256.6379207213104,4421.620386737018,4326.917244443004,4450.553361419188,814.1896156707147,811.0877973012437,818.0396439506138,646.4874668997953,606.2824278158512,693.3439869968956,99.8925530590046,98.42231989174766,105.03060446363585,1249.2251190425736,1210.1770840608215,1310.056422714401,2306.836603121933,2262.1842334957546,2438.144089519982,349.1673355495884,349.0172822752493,349.7994360729608,5.872810630506539e-05,5.377328359866393e-05,5.985338723797678e-05,15.021479093939707,15.008892453707677,67.46564326308393,7.863364290568536,7.802885946368322,11.970330443708113,66.39312249520624,65.44566688564751,141.27954774143927,143.97898085241684,140.0836357121451,289.82179036012445,30.743731351658237,30.635024907480876,38.18037291690001,0.001138106007743879,0.0006588421738415763,0.0011395631080294232,172.9583491532488,171.85439721952366,173.55828619956662,106.91855648504833,106.40844200026609,107.42770162372591,845.7654320732411,843.1102017361758,847.9526711938463,1773.8464696114543,1771.1351963055317,1777.6224938930472,428.5924314675589,427.21677630979843,431.4354901185135,0.0013003363612958203,0.0012930059781866383,0.0013012737637593127
qwen25_3b_int8,Qwen2.5,3.0,8192,16,gpu_npu,iGPU -> NPU,1.0,0.5,1.5,5.2075883485376835,5.2075883485376835,5.2075883485376835,220.0,110.0,220.0,1825.0,1771.5,2287.0,220.0,220.0,220.0,131.82024595492499,131.59623356338216,131.84054370940532,0.7292897352261627,0.7262753991224549,0.7303578912599422,62266.611176,62257.026280499995,62372.78653299999,312.68439399999994,294.87548925,401.3628134999999,1662.174439,1643.802532,1750.4351904999999,0.2569595437717836,0.25652287244324007,0.25699911054464974,196.26465564925468,196.26464517527046,196.36091798978023,1348.6547090000001,1348.50937475,1349.072377,1354.6219895,1354.4275954999998,1355.448704375,41739.558113,41719.106086,41739.5603405,116.93456687094576,114.41662317694878,119.4136366158753,91.60080344016706,91.55381907825401,91.60959779023901,719.3329228159038,711.9814762466759,727.5817248835309,1483.925167982947,1463.5920260140806,1519.5032952408746,322.3909636616938,322.05208158817146,323.016263395834,111.12106747156224,107.71509415273962,113.17816391030576,69.65349644327094,69.63738408684681,69.66305144981807,592.4177080691719,585.740476381594,595.0709685798848,1198.7666872168468,1183.2536552300971,1212.1329074964547,322.37276540882993,322.04298246173954,323.00135396630765,0.0001569733748245639,0.00013794903831914146,0.00015721296408018366,6.657446011755584,6.235472705569549,7.123502330395196,1.6858955224157226,1.6578824729026203,1.6936228488844511,14.758287532547275,14.70606099384075,15.252952624629266,29.817187238043115,28.88977042360365,30.4783255966557,0.011620606188883128,0.005810303094441564,0.014909429526372715,0.851567661485378,0.8277178771060762,0.860512320000728,0.0,0.0,0.0,20.255693562528755,20.250825192035844,20.257791862029407,112.26138029159759,111.04027377915912,117.80469530980533,257.1961271569361,251.44860036037986,277.8194789622039,0.0,0.0,0.0,0.9987095517288627,0.998567088877141,0.9988524669918862
qwen25_3b_int8,Qwen2.5,3.0,8192,16,npu_gpu,NPU -> iGPU,1.0,0.5,1.5,100.15416840277612,100.15416840277612,100.15416840277612,198.0,198.0,198.0,78.0,78.0,78.0,42.0,42.0,42.0,85.91483429585212,80.38671529305358,85.97479132119115,0.2016804664992425,0.18555819124623524,0.20173047377877162,95536.47012499999,95469.89141499999,102591.598088,85.5150680000003,69.65029375000009,6899.231315,5035.33619,5019.8951895,11853.303699,0.16747531051823022,0.1566992500839251,0.16759218581128876,387.9213994098064,387.52072477501315,388.40552508086495,4950.6686695,4950.24489575,4954.49615775,4977.670178349999,4975.95746825,5045.0817833,21117.680057,21091.390823,21139.5371495,205.45246297147565,201.13830295151138,285.22880104127705,136.7368030788632,136.70036324525668,140.40640819394866,1137.7761143070993,1134.446651470526,1227.6455879757052,2281.8378185509323,2281.232052055919,2412.503102220144,461.5795063933048,459.6691545835255,461.69865419399105,12.139641301042126,11.096501066707592,13.891885337178074,22.923891760528143,22.914035425429475,22.946832634759986,231.24108713213633,230.60525936032695,232.5745612001987,388.8976494600317,387.09878005791234,390.86350624339764,0.0,0.0,0.0,0.8707555920142237,0.8695657041820897,0.8717679297627587,16.953930950381636,16.170006945173988,102.11300191280313,7.687513039650555,7.667836286797373,11.321870004206126,64.60994471990057,63.71435063007388,159.62067968207793,131.76419961439464,130.79515670270177,271.84983832139284,30.526340986392988,30.444120697502797,30.608523320362636,0.0009786834114049493,0.0006233711444119164,0.0009867985523396216,169.81685114879238,167.705138041802,172.11955090349386,106.12539827868451,106.11849153302984,106.13770555498256,836.5378123255346,834.090186096727,838.7935674120628,1756.0327229197478,1750.9828605624596,1759.5733891098198,430.8888007389725,429.14285155205306,431.0901308736284,0.001318233965179244,0.001313632534223872,0.0013182980514608823
qwen25_3b_int8,Qwen2.5,3.0,8192,16,npu_npu,NPU -> NPU,1.0,0.5,1.5,113.25424787867814,113.25424787867814,113.25424787867814,198.0,198.0,198.0,78.0,78.0,78.0,42.0,42.0,42.0,210.45412263026049,209.93645245194318,210.62419517612554,0.737576535436846,0.7339956348643095,0.737753027607299,39001.374253999995,38969.907255,39097.7832205,120.46937050000017,117.24890900000007,207.19846100000007,1467.8962040000001,1464.486023,1555.225285,0.4102419544449522,0.4092328507835149,0.41057347987548837,439.06301072161,438.87120826149106,439.7279998508692,1347.4268335,1347.237114,1348.026824,1353.2085739499998,1351.7840227749998,1354.4692218999999,18657.914240000002,18629.740971,18666.071983,11.092522376422483,9.911624111221634,13.209544021711464,43.98793519282617,43.94184235508727,44.1061229707202,350.896418668467,345.64601135543626,359.55769013133846,625.4116920101279,613.0911287846188,656.4775477096707,0.0,0.0,0.0,0.32679902636976976,0.16339951318488488,4.41778318806055,22.28093404090228,22.225935568283276,22.299368170697512,224.17508440254295,219.95304510767073,226.30788386453932,346.50703708131147,346.3423311596104,377.1434479269777,0.0,0.0,0.0,0.9886665659794565,0.9875906025768012,0.9902229385163547,3.062575481102072,2.8231652538866117,4.432853700141122,1.5051414999572261,1.5036047476622487,1.555511384304554,12.053297654914381,11.278113154592898,12.701891935284468,23.781850271355502,21.37702278900413,23.89782623755589,0.0,0.0,0.0,0.9180492437597447,0.8959806306772092,0.9194428840004503,2.600794900470845,1.3003974502354225,7.4323925431846085,20.219670921726863,20.21230203914174,20.26014905059823,116.21840561165263,113.76625881280252,121.97169311220622,255.74974243281324,243.11571031962794,258.0058069491895,0.0,0.0,0.0,0.9988592384371011,0.9987718901096792,0.9988654482411198
qwen25_3b_int8,Qwen2.5,3.0,8192,16,openvino_auto,OpenVINO AUTO,1.0,0.5,1.5,3.242262835614383,3.242262835614383,3.242262835614383,198.0,198.0,198.0,78.0,78.0,78.0,42.0,42.0,42.0,1115.5018941515036,1080.4807558948237,1117.3101303324513,18.42627302424696,18.320775828637117,18.527148189025407,7358.122871,7346.233848,7604.6076075,26.8361445,26.524349,33.5783225,79.023603,78.4281815,85.64514349999999,2.1744676299249583,2.1062003038885457,2.177992456788404,1251.8207608426183,1208.7545150348806,1253.2550341593083,51.9461835,51.783195,52.066821,53.6023293,53.574971625,53.825261125,6544.067854,6536.587132,6785.8378385,28.739147452658813,27.00258393586386,30.064314580664707,9.976468439841144,9.964414143516194,10.030345179177049,161.90905374230178,159.96408462914133,162.7572388960878,247.79093235960394,245.81604565300444,250.30292017673128,115.12327490303024,114.8894085363736,115.29564402130943,22.72249813685619,20.559062947391553,23.6938227571789,8.054741018831972,8.041766545539964,8.104385763966324,144.86897984116084,142.52570343347662,145.33252211973564,221.5746414483082,219.11839081800736,223.46977979823032,107.41785326649524,107.12922660917503,107.5658789252115,0.0,0.0,0.0,2.2214022456577416,2.0067926938736775,2.320589151803439,0.13936108470529168,0.13847676805688028,0.14063065305440275,2.8535299402491687,2.6382382354867726,2.9895226408324005,3.7146845083478928,3.462475451131314,3.903800920664421,0.40553694030632814,0.4043786613823388,0.4373538610112273,0.0,0.0,0.0,4.304558273219854,4.264512223466433,4.476774344352048,1.78597532353482,1.7841708299193502,1.7871332557717934,14.683844310147775,14.650485840282172,14.83350143004353,23.357072512725196,23.1815485150531,23.410703381537886,7.345771436146,7.3239863451113205,7.347171525750264,0.0,0.0,0.0
qwen25_7b_int8,Qwen2.5,7.0,1024,16,gpu_gpu,iGPU -> iGPU,1.0,0.5,1.5,7.2557776644825935,7.2557776644825935,7.2557776644825935,290.0,290.0,290.0,78.0,78.0,78.0,42.0,42.0,42.0,444.2374030138592,443.45491467570514,445.4524936225422,10.375300229371051,10.32542134785309,10.394375697937509,2305.0738029999998,2298.8032034999997,2309.1483584999996,7.0829109999999975,6.3568034999999945,16.479031,102.832275,101.95037049999999,112.097596,6.94120942209155,6.928983041807893,6.960195212852222,1165.8177314180436,1163.9010038041024,1188.1284101915403,95.48776600000001,95.46276800000001,95.618565,96.673335,96.452091725,96.7246505,864.6291550000001,848.6924065000001,866.0553865,10.795931355185946,10.243553297175637,10.825098281001173,5.461993846754604,5.425252444276449,5.467656682171151,49.45656986070792,48.97591494745064,49.47944948713308,77.11430275505994,76.02782046251968,77.8373654062627,29.157246810398117,29.1554586699919,29.22739795439825,2.873523316709532,2.202808454065442,2.9339041545900297,1.5021477466034479,1.4655302242142096,1.5080379593721525,21.28144933135747,20.49210117109812,21.321807770455788,32.25699353611171,30.955615959961406,32.257950113045716,15.654253839441894,15.57988452214025,15.69938641456083,0.0,0.0,0.0,2.2069417529919932,2.176760525444199,2.2428537841353577,0.2667754759068995,0.26659771509234864,0.2692874933803776,3.445117930222096,3.4142097979874046,3.5738725904880475,4.711879954676921,4.6639558730472555,4.872664354085952,0.7793281140576559,0.7782924226460737,0.8617371129614514,0.0,0.0,0.0,5.775828740580008,5.714433600966943,5.828072286522632,3.6926158695399423,3.690207349329705,3.6930210077066503,24.837578116448046,24.743431918689886,24.96372894452432,40.25365103267336,40.19954014847234,40.96957030437075,12.72573623972173,12.71487272630178,12.749719117191344,0.0,0.0,0.0
qwen25_7b_int8,Qwen2.5,7.0,1024,16,gpu_npu,iGPU -> NPU,1.0,0.5,1.5,25.36586006078869,25.36586006078869,25.36586006078869,1110.0,1110.0,1110.0,78.0,78.0,78.0,42.0,42.0,42.0,18.60176147564833,18.54963608057112,18.60527602236248,0.32075322250351,0.3197883046435098,0.3207875094498852,55908.683775,55898.124589,56066.2326625,60.39612199999978,54.99966049999983,177.65997349999995,3173.878207,3168.5574095,3292.038098,0.2861809457792051,0.2853790166241711,0.2862350157286536,111.9889410553244,111.79348060925983,112.05713664703578,3113.633413,3113.557749,3114.4537885,3122.2582359,3120.687964675,3126.9761863000003,9143.760003000001,9138.198689500001,9159.775013,55.04354869300099,51.97668681231668,55.78788040309491,57.659232460894515,57.65909148203076,57.85930348309881,393.32472493806597,390.6737675244918,393.63237942206905,815.2594650060194,814.4329613227063,817.2584724273155,71.10932400816232,70.74490075995996,71.23480060315511,20.573862698365254,20.245994430702414,27.933739237153052,14.56690258243275,14.544532647809865,14.575674025934159,124.20492861491658,123.8892658272423,131.9352481041072,249.60950155550506,248.52280036496958,256.97903416728536,71.10932400816232,70.74490075995996,71.23480060315511,0.0009267522329129093,0.0009132461628459983,0.0010481758978975737,10.176837022203976,6.595304259105205,12.741144577553538,2.922065159291652,2.905387802695399,3.054914571167146,26.320527726302686,22.42265925966291,28.499810904907925,51.35160891420614,45.190211528481115,51.795724354953904,0.0,0.0,0.0,0.9971508258453352,0.9723027464121016,0.9971893787987691,20.652897281920474,15.627667470802777,22.80074139483896,40.21500458841589,40.200399588024084,40.25985626412181,238.44070223963624,234.13657698211642,241.24330268991883,514.8187495507531,514.1144366027829,515.3494242387715,0.0,0.0,0.0,0.9993687687720505,0.9993678810372131,0.9994214510687388
qwen25_7b_int8,Qwen2.5,7.0,1024,16,npu_gpu,NPU -> iGPU,1.0,0.5,1.5,15.074453727342188,15.074453727342188,15.074453727342188,1110.0,1110.0,1110.0,78.0,78.0,78.0,42.0,42.0,42.0,8.238003496687313,7.888544712102989,8.257334179634151,0.12349080416731288,0.11804883666498431,0.12377773578018536,126244.180452,125949.3290515,132095.969155,17.89371749999802,8.94685874999901,6345.101508749998,8018.79833,8009.3146744999995,14352.269622,0.12673851533365096,0.12136222634004598,0.12703591045591,215.58852998356295,214.96000803838672,215.78917758009493,8000.904612500001,8000.410056000001,8007.168113250002,8312.95208065,8234.17497355,8497.2850526,4749.788869,4745.376468,4763.717511,311.3884738028363,306.4272027380063,364.62606480741806,196.50807976687884,196.35839798167657,198.1785318717324,1549.9804875982445,1547.4092196698916,1611.1909275392336,3256.5304019257464,3256.3273203038316,3335.7354601350908,750.213570588593,747.9555396588936,751.7505569789946,0.0,0.0,1.3771737213342226,5.195459628809642,5.191590910675066,5.201309305452343,53.336025290494064,51.858273972255034,53.37113327659685,85.21356004540235,84.77898544215068,89.02509127025857,0.0,0.0,0.0,0.9969167326371955,0.994267792998841,0.9974465397296999,26.677671613433944,23.722953711411545,78.59631895541334,12.758431368356547,12.698603180783628,14.61414752350909,105.7537806894342,102.73665401914394,165.17185528545417,217.4656873808034,212.65216690650757,308.39291830379335,49.80677014003983,49.698443691188515,50.12249666145189,0.0010186064873887407,0.0007106013271090102,0.0010243141220760254,287.3486895146071,281.06847478717475,287.6072900326929,178.37448157445397,178.2829398399189,178.4584854954406,1394.405196336049,1391.5544223670686,1395.6650656474728,2953.851154499541,2938.3174505610386,2958.8961679551735,700.4068004485532,697.8330429974417,702.0521132878062,0.0013069588228856303,0.0013066127628236406,0.001321709916557199
qwen25_7b_int8,Qwen2.5,7.0,1024,16,npu_npu,NPU -> NPU,1.0,0.5,1.5,219.5874529229477,219.5874529229477,219.5874529229477,1110.0,1110.0,1110.0,78.0,78.0,78.0,42.0,42.0,42.0,20.241432948416655,20.200166432049226,20.251115429717533,0.3215581390315331,0.32086728548255317,0.321736939759514,51379.761632999995,51355.2076355,51484.93918649999,9.010690499999807,8.857812250000041,76.87266599999987,3119.032159,3118.7696305,3187.3982865,0.3114066607448716,0.3107717912622958,0.31155562199565434,216.27970896995993,216.13515539007213,216.34166401218533,3110.0214685,3109.9118182499997,3110.5256205,3114.6750877500003,3114.2800271,3121.7203395,4734.609662999999,4733.254172999999,4737.778341499999,14.00382144580207,9.247495706365662,14.759857172740805,48.21467868556022,48.12519891258982,48.41086132470204,292.16970018007714,280.84279600683976,292.6951429745536,566.2410127577314,557.7732998557415,570.0651880891605,0.0,0.0,0.0,0.0,0.0,0.7880483981891651,5.191900479025051,5.172179373826037,5.196651211661113,49.570639136443,48.83470992219449,50.61179524208111,77.56078723375418,77.44521613716798,77.63695197960742,0.0,0.0,0.0,0.9976224728538938,0.9976044079228815,0.9979323415522656,2.915073170550926,2.1006399473064805,6.463302001236932,2.8997721223045176,2.8933508428385974,3.021185367238817,18.261958764076653,17.49202288585557,21.9909308973389,34.98971459851148,34.730191793874326,40.93716564751179,0.0,0.0,0.0,0.99763735715942,0.9865371674150634,0.9980519492051108,5.5043620677566025,2.7521810338783013,9.110988394748318,40.12300608423065,40.05966869592518,40.19302474580211,216.879158013033,208.24006986741978,222.6394380332413,441.6432793357587,439.4587050332594,451.60664155862753,0.0,0.0,0.0,0.9994677740584157,0.9994106350854544,0.9994827225641549
qwen25_7b_int8,Qwen2.5,7.0,1024,16,openvino_auto,OpenVINO AUTO,1.0,0.5,1.5,12.890926292166114,12.890926292166114,12.890926292166114,1110.0,1110.0,1110.0,78.0,78.0,78.0,42.0,42.0,42.0,445.1404407368633,444.8893113889868,448.3422297470131,10.232844899703593,10.205547931204187,10.279155143576059,2336.341309,2319.77488,2337.6608625,6.806854500000001,6.045370500000001,12.27215475,103.72237,102.73171199999999,109.026685,6.8483144728748195,6.844450944445951,6.897572765338663,1183.4732500361868,1171.169725214293,1203.1964035521387,96.593545,96.52535625,96.75453025,96.92824375000001,96.90197605,98.82136402500001,865.249806,851.295123,874.4360455,10.447691712285227,10.366609177391855,11.435922956508257,5.45244509752914,5.432661133945485,5.476120652162319,49.17603881835045,49.161200672993004,50.28455958956985,78.60649249107095,78.60332661922578,79.75035137978031,29.404435687753082,29.39821316178498,29.44859148164468,2.6391385549074684,2.494029172096307,2.7539119631200726,1.4802225362201744,1.4602572287624267,1.4835939141472299,21.12604754601776,20.87921882756157,21.23419293897873,32.75885459936872,32.30164491003589,32.779928858982615,15.815713888790281,15.755793845634429,15.820096227708056,0.0,0.0,0.0,2.0730148004552778,1.9669335682713596,2.218182143170426,0.2694821760578375,0.26784458230077957,0.2702179008451523,3.3121886083295706,3.2051051521581764,3.5136744599523206,4.620837710536955,4.501276604303705,4.892191891601012,0.7864062886723587,0.7853398202898239,0.8368409107114534,0.0,0.0,0.0,5.735422437114508,5.654397862125122,6.71501946521284,3.7016316234246838,3.6988146264108503,3.727499152728143,24.828488397669997,24.768307385479115,25.89060436526639,41.592179454012474,41.40948981758888,42.651835552917596,12.808841300587751,12.806644873821632,12.845351860412919,0.0,0.0,0.0
qwen25_7b_int8,Qwen2.5,7.0,2048,16,gpu_gpu,iGPU -> iGPU,1.0,0.5,1.5,3.9038177002221346,3.9038177002221346,3.9038177002221346,220.0,220.0,220.0,220.0,220.0,220.0,42.0,42.0,42.0,632.3812786454631,630.0632054528988,637.7551678234738,10.430442536022223,10.413274123431567,10.459015336314604,3238.5525460000003,3211.4916905,3250.5115425000004,9.52553099999999,9.236543000000001,16.019747749999993,104.11464,104.099706,110.57487749999999,4.940478739417681,4.922368792600772,4.982462248620889,1123.7132964310385,1118.760490873959,1145.2339995040813,94.58910900000001,94.55512975,94.863163,95.58340414999999,95.530495175,95.846246675,1808.29043,1774.9366485,1816.331415,12.546948145419508,11.790295245817294,12.740813225154932,7.085385010417622,7.042148778828059,7.088094883058253,72.26215566685977,71.65385267916342,72.57557563641896,113.43614974360705,112.91866195320742,113.68712841684933,47.648449454770216,47.59461045051815,47.702776429549445,4.7468865080903795,4.389654110289035,4.903124737333286,3.0914680564456964,3.0491740491598063,3.0953963964029807,43.77481573905329,43.648818454631126,44.08819389161627,67.42738286570335,67.10046505514198,67.8080436415512,33.83324160172366,33.75314000285202,33.918887611466104,0.0,0.0,0.0,2.072293633783217,2.00352260231954,2.0736634660893114,0.2718656011092275,0.27034726807317255,0.27297398078050494,3.31155214290749,3.288470417531564,3.412227532821809,4.584859536916209,4.558278902670599,4.746797483541567,0.8682534842145307,0.8257120148408168,0.9109647357157209,0.0,0.0,0.0,5.727768003545911,5.326977669438946,5.834165885502106,3.7220513528626977,3.720000748887748,3.7223512185820993,24.974437005070346,24.592806691710486,25.098235937356797,41.10003144773677,41.07139941452386,41.15886792600217,12.946954368832028,12.930505711950406,12.958176803242523,0.0,0.0,0.0
qwen25_7b_int8,Qwen2.5,7.0,2048,16,gpu_npu,iGPU -> NPU,1.0,0.5,1.5,21.732772778719664,21.732772778719664,21.732772778719664,61262.0,30631.0,71552.0,82.0,82.0,82.0,198.0,120.0,234.5,32.17597172178085,32.112465252867636,32.18094569014005,0.32064560903354844,0.3197762543578021,0.32066192711082897,64147.246828999996,64137.3336005,64274.357514999996,90.06000900000011,88.56259900000008,190.12332399999997,3203.123368,3202.011726,3304.288289,0.2494261373781461,0.2489338391695165,0.24946469527240345,117.9329673990904,117.91398633960151,117.99753876915986,3113.834895,3113.449127,3114.550733,3118.3026386500005,3117.8577751750004,3125.0488873000004,17365.797242,17356.2994165,17368.59313,58.229689712770266,54.72888939462841,64.52397014237751,72.54075689393495,72.50412924477791,72.80865955855286,498.1259314755853,494.2998349688756,504.6089287025507,1026.5398687855898,1026.339215271685,1034.508856452309,140.01755671093946,139.8338711769929,140.1614099432534,44.26716346986718,42.42897667538377,46.11546348778903,29.442569284790842,29.43572775245896,29.45660866529777,249.6534053128788,247.6185359271508,251.64553376873067,501.3719639846205,494.01646460104536,501.69170445246675,140.01490859886795,139.83254712095714,140.16008588721763,0.0006146888996001184,0.0005434398463211596,0.0006155940467177012,1.9255492842335435,1.3814123527512407,7.265682988667209,2.8730974020472875,2.867766196333223,3.0250261532226244,17.163054759953667,16.596407738904748,22.931740912723008,38.11970235209265,37.27515171836704,46.05186134632906,0.0,0.0,0.0013240560357628212,0.9829810107874645,0.9679414797414314,0.9835822292863976,8.34037692282584,7.232013554088141,12.981010460404676,40.22509020709683,40.200635295985734,40.32702474003247,227.325214491049,226.05789346124016,232.066523406825,488.09782278063534,487.37235910085116,494.9653406708138,0.0,0.0,0.0,0.9994866230297346,0.9994597544544421,0.9994908531288162
qwen25_7b_int8,Qwen2.5,7.0,2048,16,npu_gpu,NPU -> iGPU,1.0,0.5,1.5,141.83533598855138,141.83533598855138,141.83533598855138,392.0,392.0,392.0,78.0,78.0,78.0,42.0,42.0,42.0,8.926437489333516,8.467189007117572,8.934127870613313,0.06773642639963998,0.06408455126099952,0.06776547359153035,231223.26263600003,231024.39983200002,244483.71731700003,48.308698499999636,31.42875225000008,12992.88265975,14787.413076,14767.013017500001,27757.820223000002,0.0691971898397947,0.06563712408618273,0.06925680519855282,214.0307561864307,211.75438703829883,214.41953478648,14739.1043775,14735.58426525,14764.93756325,14853.441814650001,14845.773149475,14938.277146350001,9568.718237000001,9551.399946000001,9672.7001975,497.3785726757451,495.36405584300365,648.914275798373,247.30762303725984,247.21425218137966,253.3920502640865,2385.8253270955665,2368.661915174079,2535.47162105206,5126.323809840212,5069.590524420926,5280.920358689009,1193.9803278676086,1193.3237853089215,1194.0730592882696,4.9838877541231135,2.4919438770615567,5.030562201287497,10.539708297019112,10.536554262287133,10.5965129797043,109.47293077925272,106.33115855712165,111.90107435078966,180.17283785713013,171.74996362544323,189.09385102633803,0.0,0.0,0.0,0.9901070096688646,0.9797212503356663,0.992638397818024,33.368943184489176,32.61092720247673,195.47771544553078,15.807280293111688,15.802433475982788,21.847102978458302,152.69222708128655,151.27369618756654,330.6943434463508,338.7819649372294,329.4509598654105,589.6650227570026,79.60802033093002,79.31170693367092,79.63079766687656,0.0005567572879506677,0.0003803226829898656,0.0006416485022739183,456.5127400356748,449.68811562505164,457.7225664392394,220.84702508175866,220.81845976042453,220.9484343059239,2084.4770582489778,2078.854563555563,2105.487144635723,4476.060409868866,4453.851073718071,4551.045713529178,1114.3267528647855,1113.9893010393039,1114.442261621393,0.0007252424457341036,0.0007234889099368533,0.0007256153891746629
qwen25_7b_int8,Qwen2.5,7.0,2048,16,npu_npu,NPU -> NPU,1.0,0.5,1.5,189.6480154832825,189.6480154832825,189.6480154832825,392.0,392.0,392.0,78.0,78.0,78.0,42.0,42.0,42.0,36.6195017507759,36.57881331669313,36.62302882026195,0.3205946994400135,0.32014961894179184,0.32062137342008057,56363.410241,56357.982549,56426.175884,59.27311350000019,52.30585875000004,100.59301425000022,3174.131132,3167.4057300000004,3216.227688,0.28387210659516204,0.2835566923774661,0.28389944821908486,213.95085301671787,213.9165439513697,213.96952826112496,3115.3417240000003,3115.09987125,3115.8765265,3122.8005086000003,3121.301551175,3127.166880375,9572.291819,9571.456423,9573.82732,16.61437575450676,12.346601148076331,19.080295679260573,53.53203359718355,53.516124575229014,53.79600433149855,347.43544535673874,344.28258460649715,348.5896107602148,658.2127728575108,655.2470649472829,660.9864231594512,0.0,0.0,0.0,0.0,0.0,0.0,10.513143965605373,10.513047276225745,10.52965066004869,99.05058615655335,98.79288189646586,99.50352315517358,156.04637908996838,155.84163032742958,158.8193743684759,0.0,0.0,0.0,0.9945208712822674,0.9942143985305573,0.9947196377732213,1.8534756522234712,0.9851968216322771,6.089699465028374,2.9241933101651076,2.895938563255382,3.0215083658056616,17.43236832921385,16.44739925238916,21.760875473229603,36.57634475374568,34.41522980970476,42.88127524257433,0.0,0.0,0.0,0.9829823880130736,0.9767212943906163,0.9837032618382824,11.22029232618111,8.72282160780177,13.858875044823392,40.15139919399178,40.107138735747895,40.27319674193356,224.60380738989218,224.17235138157005,229.02082246734403,465.5913590606624,456.52481440071176,467.7518189812705,0.0,0.0,0.0,0.9994761926938837,0.9994651947220193,0.9994908190009546
qwen25_7b_int8,Qwen2.5,7.0,2048,16,openvino_auto,OpenVINO AUTO,1.0,0.5,1.5,12.960380932316184,12.960380932316184,12.960380932316184,622.0,622.0,622.0,78.0,78.0,78.0,42.0,42.0,42.0,639.9428659009324,636.2664406163583,644.2687016897387,10.424284799149666,10.407339079212974,10.455231441963349,3225.287928,3203.7766985,3244.0323435,9.507645000000009,9.018948500000006,16.197616750000005,104.726595,103.9939485,111.082283,4.960797410084747,4.932297989274096,4.994331020850687,1141.0529242365017,1131.982570462436,1159.4978815283803,94.73105,94.64071625,94.975,95.5550065,95.49806290000001,95.6595583,1794.833488,1766.7288755,1809.331304,13.771474681853249,13.269918196169384,14.001466582800738,7.046417930596491,7.019681077375036,7.056905738028521,73.58008297065443,72.83342425482132,73.72708510218257,115.33997227180669,114.6065841634548,115.9687038432383,47.23703965752797,47.183586272237136,47.34027221693404,5.79211471726061,5.293258997391648,5.842235785010805,3.0593147138131136,3.031781336467988,3.0740271823041825,44.84516937026454,44.169423382036534,44.98498040939012,68.81855026327995,68.12294889921772,68.95461407417116,33.50081119889482,33.40257183515437,33.586504967124434,0.0,0.0,0.0,2.1417002628720376,2.023563940409861,2.16508005088437,0.2688654296266367,0.268661562899704,0.2727134839495129,3.3946691245141167,3.2853463522070996,3.4745166003613,4.72675988365736,4.605197306395662,4.856155444522649,0.8146642292320182,0.8062122317257397,0.8549951951407941,0.0,0.0,0.0,5.973690211144564,5.879594402605346,6.135666857380073,3.712134726758331,3.710961595898497,3.715390123684469,25.27926794223866,25.158996005604934,25.456758340585356,41.794662124869376,41.627479819714424,42.408892462671474,12.93846822441369,12.934471239448253,12.94755501808387,0.0,0.0,0.0
qwen25_7b_int8,Qwen2.5,7.0,4096,16,gpu_gpu,iGPU -> iGPU,1.0,0.5,1.5,7.774406490847468,7.774406490847468,7.774406490847468,49.0,49.0,49.0,78.0,78.0,78.0,42.0,42.0,42.0,702.6988326753095,702.2749094332605,706.2268939424027,9.958465947236814,9.806546655908184,9.978696981082166,5828.9551790000005,5799.9805155,5832.4759115,14.454879500000004,14.145316249999997,34.496781999999996,113.802896,113.3251655,133.93095649999998,2.744917315137928,2.743261364973674,2.7586988044625107,943.8547347119561,942.4248862785287,955.6438215371863,99.3480165,99.17984925,99.43417450000001,100.09036125,99.8471591,101.282757,4322.699087,4270.022902,4329.267458,17.708944584967195,17.645275202502305,18.634033824635807,10.63036260420049,10.569493402203388,10.637253095888065,132.95830369740608,132.6261819836755,133.62852602458247,207.2071698215775,206.05144084208462,207.2768447742447,96.17986367923896,96.0089403200111,96.22485339947201,11.020007096917514,10.693972866222397,11.375701882519493,6.539964185787365,6.478110104239171,6.548890550817839,104.3400784116865,104.03933286537915,104.67736618079103,160.24078088016756,158.98607001647068,160.66438848713628,81.66430017275366,81.43312917005613,81.72574514301003,0.0,0.0,0.0,2.105998575899742,2.000652643599235,2.1096427697470026,0.2777547488631656,0.27748151085050754,0.28033020700312455,3.421981702222437,3.4024886670668435,3.433248157807248,4.791929605519197,4.777800291636266,4.80343301291126,0.8548685752097667,0.8492830954916122,0.9057603173519806,0.0,0.0,0.0,5.445699238141188,4.950649692680673,5.580069335364938,3.809462512372224,3.8092904556308493,3.8110530909610913,25.83672074642302,25.18436045122951,25.83815026744713,42.202717963656596,41.83465599547214,42.27606712658562,13.660694931275536,13.64982516097037,13.670050832602982,0.0,0.0,0.0
qwen25_7b_int8,Qwen2.5,7.0,4096,16,gpu_npu,iGPU -> NPU,1.0,0.5,1.5,17.51568366959691,17.51568366959691,17.51568366959691,0.0,0.0,0.0,644.0,644.0,5280.5,42.0,42.0,156.5,50.384762763585734,50.34734459178536,50.404253061011985,0.31899208512178984,0.31843844647152986,0.3193895976367071,81611.975019,81580.42952949999,81672.6741915,273.30920750000007,265.8412567500001,337.7014574999999,3389.354843,3380.8288955,3454.0599144999996,0.19604966055869935,0.1959040645594761,0.19612549829187542,118.41961371017221,118.32763791983137,118.49227636759699,3116.0456355,3114.98763875,3116.3584570000003,3127.9755510999994,3127.5750774499998,3130.3397712749993,34588.864729999994,34567.666905,34615.7714865,114.23970617292962,107.89650570141163,118.37091254365961,102.52604179568124,102.50540192964577,102.56589345692045,764.314268948193,759.8442050574022,782.4536380092522,1557.9732044555642,1540.576777866311,1617.6072715370408,281.820690633369,281.2747087850812,282.0569813130944,95.68231695692918,90.02285952542815,97.8922996743744,58.75014259407264,58.74976869043306,58.75662434598178,512.4210511528607,507.2426484988381,522.4520180729021,1005.4581656079351,994.4913866661666,1054.0323914524633,281.820690633369,281.2747087850812,282.0569813130944,0.00030814592119929475,0.00027314307267614743,0.00030880657426133045,11.519528461099446,11.292097297243604,12.923192453191533,3.2308999122675135,3.230107850774656,3.244131777402097,29.973114691370316,28.492613817964568,30.457328611041966,54.8658194807508,54.571408978360665,59.15838979054952,0.0,0.0,0.0,0.9435149602599457,0.9330605243680059,0.94514347913898,3.0727576477222414,2.96790216920256,9.186515572041621,40.50557205525365,40.50501970990148,40.565929395029436,224.88110485077348,223.62472882092788,231.50900611838557,498.2380403716584,491.51398222178364,504.71090079641806,0.0,0.0,0.0,0.9994550420882923,0.9994492565932435,0.9994911093322053
qwen25_7b_int8,Qwen2.5,7.0,4096,16,npu_npu,NPU -> NPU,1.0,0.5,1.5,91.8982109958306,91.8982109958306,91.8982109958306,8.0,8.0,8.0,78.0,78.0,78.0,42.0,42.0,42.0,61.69841598845544,61.64457390609742,61.726004045300606,0.32023883443698414,0.31983666577150327,0.3205546293958723,66646.767735,66616.9936805,66705.02976,100.8378630000002,99.61628999999994,140.466749,3215.3981919999997,3215.3239375,3256.2724465,0.24007165754262816,0.23986215527664367,0.24017900406731751,206.7984259963519,206.62825932774822,206.8058361563787,3117.003475,3115.7076475,3117.0272704999998,3119.5484458000005,3119.4105987000003,3124.8597529250005,19806.727156,19806.017477,19823.0522355,10.639518834696176,8.034030266761096,16.00066035925025,65.38058824345475,65.35275394067924,65.63122561147121,458.63654857126636,453.93770938036937,462.357645832235,850.4708896143052,839.9746982084573,876.5080063012374,0.0,0.0,0.0,0.0,0.0,0.0,22.149093415625188,22.13068975761699,22.16164778559124,206.80965939066346,206.09847035410672,208.89759840451433,332.0053087764693,328.64184311240007,338.9416183818662,0.0,0.0,0.0,0.9952697810566034,0.9944840780553347,0.9955050625331892,3.5182623040303636,2.909898663844042,7.59886881958036,2.965217463641011,2.963256342134766,3.0991629149529363,19.279006159266974,18.88707952796078,23.558004171145,40.037793027720824,39.77272260314666,45.68105773074325,0.0,0.0,0.0,0.9699302721305951,0.9663462039803585,0.9699621432415708,8.337983811038455,5.124131602917053,9.010155179856213,40.27019960720105,40.22784981295323,40.40333406040753,225.41226507069337,222.19329584126677,233.09309793828947,464.55516859932135,458.71548775991715,497.79366531622463,0.0,0.0,0.0,0.9994983480482004,0.9994852036674942,0.9995362797330651
qwen25_7b_int8,Qwen2.5,7.0,4096,16,openvino_auto,OpenVINO AUTO,1.0,0.5,1.5,4.355639208108187,4.355639208108187,4.355639208108187,8.0,8.0,8.0,78.0,78.0,78.0,42.0,42.0,42.0,716.1018673164069,715.2813409816912,721.8935469562161,9.914042868955864,9.898470709342192,9.961902675132418,5742.199801,5696.497373,5748.7944609999995,23.09473449999999,19.112911749999995,24.459283999999997,122.330882,118.0399415,123.661167,2.7863885887797935,2.7831958793061915,2.8089243072226306,968.5059547726763,965.3596657861381,979.7742203664186,99.1676185,98.89276525,99.20188300000001,100.25095085,100.069024775,100.66353932499999,4229.194441,4181.10802,4243.023252999999,21.185379824970724,20.45881195261436,22.102911241884723,10.655797934263944,10.591401596690524,10.671577802788782,133.9744375451977,133.3900438277336,135.0902303200733,208.97601589071692,208.240611955236,210.0211132512152,94.46216848640375,94.4534247368006,94.52149276096983,12.777167513428136,12.399918994557249,13.750780659992092,6.575028521503135,6.507827601726441,6.5892609498540615,104.30629507945967,103.78307805605266,105.34579343176335,160.8708563082891,160.0715103311037,161.87510738384157,79.85324815074647,79.84321262500875,79.93039451053964,0.0,0.0,0.0,2.2089419570754805,1.9935457093485947,2.209898793792305,0.2771114180088613,0.2764344927307057,0.2792915379207634,3.564189285071146,3.337789417750699,3.5938106601405817,4.996699583041536,4.72134251354738,5.046091289521978,0.8862821267860372,0.8682249265430287,0.909259398669735,0.0,0.0,0.0,6.087106895167193,5.632017000187673,6.519480306971214,3.8050118453082593,3.8049593823214747,3.8058823602040164,26.256542025810703,25.822253753095136,26.673843251576358,43.19015256927794,42.68925941834536,43.89926055503708,13.696754716579296,13.691874377498173,13.71900991336513,0.0,0.0,0.0
qwen25_7b_int8,Qwen2.5,7.0,8192,16,gpu_gpu,iGPU -> iGPU,1.0,0.5,1.5,3.3595950677990913,3.3595950677990913,3.3595950677990913,8.0,8.0,8.0,78.0,78.0,78.0,42.0,42.0,42.0,662.6648304658872,662.4293514544268,668.6032661913345,9.10817786493454,9.083953266219499,9.151788912209497,12362.207293000001,12253.3746245,12366.6033475,34.765646999999994,33.877835250000004,40.15784124999999,142.039109,140.7104475,147.3182345,1.294267247003686,1.2938073270594272,1.30586575427995,762.3930073100018,762.1504154520919,770.9432197269681,107.0473245,106.7195435,107.16039325,108.53572775,108.03423785,108.66359685,10724.127742,10606.495487,10727.54231,34.09951132285531,32.16053453887175,34.517703890235616,20.01127231411451,19.901740900925557,20.04725342437619,279.80787420842813,277.44014387751463,280.70710723169043,438.59234938638997,433.13014513851294,440.6564221291068,210.60789788429085,210.38061257569504,210.85352436896858,25.848060113486557,23.81546662394493,26.42921683101852,15.736874711810966,15.623634921507449,15.770488216347195,248.26032110386785,245.7388212092155,249.31892367353595,386.9006641008858,381.13632568117737,388.9015309900491,194.60627921318653,194.30818795308335,194.8524102157,0.0,0.0,0.0,2.463429095989513,2.3573045381422713,2.6660585689258065,0.3002465638479956,0.29958618516952457,0.3021138144258687,3.9576977914813822,3.853599463935833,4.207058252469021,5.605631336020913,5.540415635624278,5.860573874396728,0.9820111592045279,0.9810624344176602,1.024203608114772,0.0,0.0,0.0,5.674342928770414,5.622169753696604,5.731182521074825,3.9778332915289294,3.97665254367071,3.97835977071769,27.47931287535836,27.43899319696981,27.534584094218637,46.180437216394424,46.13324558293883,46.261667136889045,15.020495925802111,15.020051718850949,15.048665221448083,0.0,0.0,0.0
qwen25_7b_int8,Qwen2.5,7.0,8192,16,gpu_npu,iGPU -> NPU,1.0,0.5,1.5,8.144090397283435,8.144090397283435,8.144090397283435,0.0,0.0,0.0,644.0,322.0,644.0,15.0,7.5,15.0,68.85520451643045,68.78577356657274,69.31374671954504,0.31596201979156163,0.31526199159011414,0.31621838640422173,119206.675191,118423.251108,119327.1215415,346.80838400000005,344.1623557500002,428.12664675,3486.597088,3484.3986945,3570.1187465000003,0.13422067157198916,0.13408532858981037,0.13511451602250493,114.20188737916114,114.17833909969087,115.41306854849876,3140.6839735,3140.23633875,3142.4397344999998,3159.47481345,3157.636783375,3161.147688,71732.61482799999,70987.6480435,71747.4121015,170.83638475462686,164.7462096269455,172.1465866802776,164.92699950193878,161.86378747047146,164.986929068726,1227.8298047144829,1206.846964965168,1239.6154423560033,2538.97465360554,2494.3934194686253,2550.8472295044303,589.3931317967414,564.319009402495,589.439731642632,158.91330506285067,151.4466393305596,159.6696547437647,121.06043399273747,118.04482987475451,121.10419822278904,1001.5229034229253,978.3537170925202,1009.874254625514,2021.6776418851418,1983.5702525064294,2032.9258657056691,589.3931317967414,564.319009402495,589.439731642632,0.00011555652282222628,0.00011453765892872234,0.00013178657367261115,13.030784181249617,12.476931936512901,13.853422541122612,3.3329277272460502,3.3276790943478587,3.3425389230372495,29.04758328823223,28.50400528563545,30.057145449352262,53.60219027947081,53.50237565140239,55.78690290601219,0.0,0.0,0.0,0.9251943710680917,0.9119197290863307,0.9254796623223907,0.0,0.0,0.0,40.54413504775165,40.4912785013691,40.54544055579791,202.71916717069882,198.979680425892,203.42352902594376,459.3253961878447,455.13607868425254,462.13446089274896,0.0,0.0,0.0,0.9992221718009531,0.9991946506230018,0.9992357940270444
qwen25_7b_int8,Qwen2.5,7.0,8192,16,npu_npu,NPU -> NPU,1.0,0.5,1.5,150.73440031148493,150.73440031148493,150.73440031148493,220.0,220.0,220.0,78.0,78.0,78.0,8036.0,8036.0,8036.0,92.04195096370552,92.02497429210452,92.04858198282207,0.3179001934955923,0.31780404588234695,0.3179669888651335,89176.72772099999,89170.30404799999,89193.18198649999,187.30847250000028,178.13824250000022,229.39880725000017,3320.092051,3310.8972350000004,3361.8391675000003,0.17941900772652147,0.179385914799424,0.17943193368971166,195.0640748155239,195.05798360895042,195.07417746856945,3132.7344065,3132.41577425,3132.7589925,3137.2341665,3136.796128825,3142.38819795,41996.456845,41994.2820125,41997.768337500005,2.1275325048950293,1.650320742347719,7.899442584241192,91.32293927558648,91.31573542710075,91.56574097428629,664.6685221816351,659.3132371254255,668.2861738972715,1193.870036239513,1179.778029279686,1201.200909531036,0.0,0.0,0.0,0.0,0.0,0.0,48.14562753022312,48.12379456714318,48.15230872329184,443.6531109195347,438.83624912545565,445.1606872873923,703.2732865003379,698.2190457234772,714.3463357881594,0.0,0.0,0.0,0.9951753033223231,0.9948666416899294,0.995220072823095,2.1275325048950293,1.650320742347719,7.899442584241192,2.980403506907024,2.975499981746074,3.1122699360773662,17.315632701806198,17.01174128618853,23.484680142293143,37.39815832179692,35.913224905319,44.03162787094347,0.0,0.0,0.0,0.9507796625847227,0.9498593658511039,0.9534332160980833,0.0,0.0,0.0,40.23597351796666,40.209759685142785,40.32737614774096,202.62293203603312,195.4847314898191,207.08289842941767,448.68410625773663,435.2701131054447,450.9413488375574,0.0,0.0,0.0,0.9994156442373285,0.999373624504482,0.9994534724836259
qwen25_7b_int8,Qwen2.5,7.0,8192,16,openvino_auto,OpenVINO AUTO,1.0,0.5,1.5,4.340634595602751,4.340634595602751,4.340634595602751,220.0,220.0,220.0,78.0,78.0,78.0,15.0,15.0,15.0,668.1242406928361,667.9379816430345,673.2573386041797,9.120376574365787,9.096011391634885,9.135964965560163,12285.140248,12192.183708,12288.566998499999,36.74215849999998,34.915398249999996,41.3699355,143.24604599999998,141.8094145,147.864069,1.3023864340990958,1.302023356029307,1.3123924729126313,769.8907084765831,769.4405933341327,777.0675454722651,106.5038875,106.4941335,106.89401624999999,108.42635599999998,108.34100844999999,109.43204884999997,10640.471316,10543.0974235,10646.699529999998,40.37304594823206,39.1795893275241,41.026134672201025,19.979936234584862,19.85916193715427,20.021368493492872,283.89406867368143,282.0166150893258,284.16590959360803,440.8836168213007,437.23860572155525,441.41435691983685,207.8091598765286,207.71667603704952,208.12984490402565,31.04638048808439,29.834937216734346,32.51494520825409,15.71132207681992,15.585830346216575,15.744671078639943,251.24513234668825,249.29560252961923,252.30924183004873,387.7298996556236,384.1889049912224,389.06052665285233,191.71875123344722,191.6004341981414,192.06117050611783,0.0,0.0,0.0,2.4179060263949825,2.205542624370949,2.4247664642740547,0.2989660386948381,0.2989604866717456,0.30141214055961607,3.922726207152599,3.7159363186830725,3.9611212662719577,5.669368519389857,5.422470425028932,5.745868642199271,1.0080652344735854,0.9963801806827176,1.0367117639437142,0.0,0.0,0.0,6.895038557994543,6.298786401696914,6.919885646515702,3.974190781686046,3.9719250024011665,3.980002707466064,28.72621011984056,28.14073144487625,28.759891293434613,47.27631577559878,46.82734340661139,47.30383208813357,15.07671674132104,15.069480883581699,15.079530074964417,0.0,0.0,0.0
