all_tokens_per_s_e2e,all_tokens_per_s_e2e_q25,all_tokens_per_s_e2e_q75,context_length,decode_device,decode_energy_net_psys_j,decode_energy_net_psys_j_q25,decode_energy_net_psys_j_q75,decode_ms,decode_ms_q25,decode_ms_q75,decode_tokens_per_s,decode_tokens_per_s_q25,decode_tokens_per_s_q75,e2e_speedup_vs_gpu,end_to_end_ms,end_to_end_ms_q25,end_to_end_ms_q75,energy_net_psys_j,energy_net_psys_j_q25,energy_net_psys_j_q75,energy_reduction_vs_gpu,family,fastest_e2e,handoff_plus_first_decode_ms,handoff_plus_first_decode_ms_q25,handoff_plus_first_decode_ms_q75,internal_overhead_ms,lowest_energy,mode,model,model_label,output_tokens_per_s_e2e,output_tokens_per_s_e2e_q25,output_tokens_per_s_e2e_q75,precision,prefill_device,prefill_energy_net_psys_j,prefill_energy_net_psys_j_q25,prefill_energy_net_psys_j_q75,prefill_tokens_per_s,prefill_tokens_per_s_q25,prefill_tokens_per_s_q75,repeats,route,route_label,size_b,steady_tpot_ms,steady_tpot_ms_q25,steady_tpot_ms_q75,steady_tpot_p95_ms,steady_tpot_p95_ms_q25,steady_tpot_p95_ms_q75,ttft_ms,ttft_ms_q25,ttft_ms_q75
1117.1855798031909,1114.0732308315107,1144.2009980973457,1024,iGPU,19.09353604290219,18.921476723457403,19.34067183622711,590.698593,584.248521,592.486995,25.393661298258756,25.317242057478495,25.67713548203487,1.0,916.588988,895.4468365,919.1568055,28.611885485606145,28.54256725633332,28.867325691640882,0.0,Llama 3.2,False,50.954615000000004,50.2046335,53.7457075,0.0,False,measured,llama32_1b,Llama 3.2 1B,17.456024684424857,17.407394231742355,17.878140595271027,FP16,iGPU,9.723831623047879,9.373954739550998,9.876530738910652,3093.0644642042917,3085.7021551973376,3246.32784786788,3,gpu_full,Whole iGPU,1.0,38.1771325,37.48788975,38.18753075,40.4363914,39.8993059,41.703343125,325.890395,311.19831550000004,326.66981050000004
1133.0161703149465,1114.7663699395462,1134.681773421482,1024,NPU,13.75570453476419,13.677862802578328,14.47559927302596,577.89194,575.787804,607.6260605,25.956409774464063,24.74549161705678,26.05161174600982,1.0141700634146606,903.782335,902.4576145000001,918.824376,23.784934389537618,23.55439354148898,24.002253128439733,0.16870440427621713,Llama 3.2,True,44.62128,43.1801255,75.318545,0.0,False,overhead_free_oracle,llama32_1b,Llama 3.2 1B,17.70337766117104,17.41822453030541,17.729402709710655,FP16,iGPU,9.723831623047879,9.373954739550998,9.876530738910652,3093.0644642042917,3085.7021551973376,3246.32784786788,3,gpu_npu_oracle,iGPU prefill + NPU decode · oracle,1.0,37.889624,37.802927249999996,37.9378635,38.696261199999995,38.664764500000004,38.79098082499999,325.890395,311.19831550000004,326.66981050000004
1077.6967072361065,1046.4246938431431,1078.6846574108404,1024,NPU,13.75570453476419,13.677862802578328,14.47559927302596,577.89194,575.787804,607.6260605,25.956409774464063,24.74549161705678,26.05161174600982,0.9646532561098391,950.174565,949.3051115000001,979.4449125,20.752796211965624,20.599269091711488,21.559474802474096,0.2746791810555167,Llama 3.2,False,44.62128,43.1801255,75.318545,0.0,True,measured,llama32_1b,Llama 3.2 1B,16.839011050564164,16.35038584129911,16.85444777204438,FP16,NPU,6.9970916772014355,6.92140628913316,7.083875529448138,2707.6203193742926,2698.6996157778267,2711.0017762854477,3,npu_full,Whole NPU,1.0,37.889624,37.802927249999996,37.9378635,38.696261199999995,38.664764500000004,38.79098082499999,372.282625,371.818852,373.5173075
1063.3644570210092,1060.0470682134303,1071.1102397816169,1024,iGPU,19.09353604290219,18.921476723457403,19.34067183622711,590.698593,584.248521,592.486995,25.393661298258756,25.317242057478495,25.67713548203487,0.9518243667344299,962.9812179999999,956.067373,966.0043025,26.090627720103626,25.842883012590566,26.424547365675245,0.0881192456460409,Llama 3.2,False,50.954615000000004,50.2046335,53.7457075,0.0,False,overhead_free_oracle,llama32_1b,Llama 3.2 1B,16.61506964095327,16.56323544083485,16.736097496587764,FP16,NPU,6.9970916772014355,6.92140628913316,7.083875529448138,2707.6203193742926,2698.6996157778267,2711.0017762854477,3,npu_gpu_oracle,NPU prefill + iGPU decode · oracle,1.0,38.1771325,37.48788975,38.18753075,40.4363914,39.8993059,41.703343125,372.282625,371.818852,373.5173075
1602.153789107206,1597.1643671835286,1617.1145189628223,2048,iGPU,18.42189832826378,18.275119704201217,18.813685508001164,610.622524,600.119001,611.4014599999998,24.565094490356536,24.533837957858978,25.002701786304478,1.0,1278.279285,1266.5616934999998,1282.2850475,38.90379185876414,38.74473017794784,38.95703506467657,0.0,Llama 3.2,True,52.48689,51.409315,55.5279295,0.0,False,measured,llama32_1b,Llama 3.2 1B,12.516826477400047,12.477846618621317,12.63370717939705,FP16,iGPU,20.457327416992882,20.131066499921666,20.46961047374662,3007.3928910139794,2979.017189348549,3084.6165916339287,3,gpu_full,Whole iGPU,1.0,39.0188285,38.6505935,39.2626815,42.16395955,40.912344225,42.25459372500001,675.668286,659.165996,682.1660465
1555.6821321400246,1551.7723135928798,1560.1320415100581,2048,NPU,15.340560637135509,15.200304160594403,15.76908324320458,634.451138,633.8793544999999,654.1258695,23.642482614634385,22.952130755722422,23.663828295749074,0.9709942595504033,1316.4643070000002,1312.720082,1319.789626,35.82245416763587,35.669914634341026,35.91243279987999,0.07920404525899993,Llama 3.2,False,74.54955100000001,74.254223,93.40781150000001,0.0,False,overhead_free_oracle,llama32_1b,Llama 3.2 1B,12.153766657343942,12.123221199944373,12.188531574297329,FP16,iGPU,20.457327416992882,20.131066499921666,20.46961047374662,3007.3928910139794,2979.017189348549,3084.6165916339287,3,gpu_npu_oracle,iGPU prefill + NPU decode · oracle,1.0,39.836130999999995,39.81991425,39.872106249999995,40.625068549999995,40.58012035,41.282516625,675.668286,659.165996,682.1660465
1531.1883031532643,1508.7322739625747,1532.67320298768,2048,NPU,15.340560637135509,15.200304160594403,15.76908324320458,634.451138,633.8793544999999,654.1258695,23.642482614634385,22.952130755722422,23.663828295749074,0.9557061959741787,1337.523279,1336.2287004999998,1357.7318115,31.684558524914166,31.212141183883652,31.86194934984863,0.18556631600484064,Llama 3.2,False,74.54955100000001,74.254223,93.40781150000001,0.0,True,measured,llama32_1b,Llama 3.2 1B,11.962408618384877,11.786970890332615,11.97400939834125,FP16,NPU,15.841734325509437,15.760705242154641,16.092866106644045,2890.172830784942,2887.981820885866,2893.150201678689,3,npu_full,Whole NPU,1.0,39.836130999999995,39.81991425,39.872106249999995,40.625068549999995,40.58012035,41.282516625,703.072141,702.349346,703.605942
1560.679324540579,1558.2659202229534,1572.4877303334367,2048,iGPU,18.42189832826378,18.275119704201217,18.813685508001164,610.622524,600.119001,611.4014599999998,24.565094490356536,24.533837957858978,25.002701786304478,0.9741133061953196,1312.2490750000002,1302.4683470000002,1314.284607,34.765896216042435,34.28695672749047,34.90655161464521,0.10636227074584059,Llama 3.2,False,52.48689,51.409315,55.5279295,0.0,False,overhead_free_oracle,llama32_1b,Llama 3.2 1B,12.192807222973274,12.173952501741823,12.285060393229974,FP16,NPU,15.841734325509437,15.760705242154641,16.092866106644045,2890.172830784942,2887.981820885866,2893.150201678689,3,npu_gpu_oracle,NPU prefill + iGPU decode · oracle,1.0,39.0188285,38.6505935,39.2626815,42.16395955,40.912344225,42.25459372500001,703.072141,702.349346,703.605942
1751.1104518795883,1749.6682878402585,1771.2671377257325,4096,iGPU,20.1610555627554,19.914657671449696,20.52498099053282,629.9125320000005,629.3807605000004,637.7936290000004,23.812829937474554,23.522170856323314,23.832966702447706,1.0,2339.0871750000006,2312.7683080000006,2341.0167580000007,72.45499675437996,72.0342799550997,72.83194131203624,0.0,Llama 3.2,False,60.345018,60.0690785,63.59227800000001,0.0,False,measured,llama32_1b,Llama 3.2 1B,6.840275202654642,6.83464174937601,6.9190122567411425,FP16,iGPU,51.94530337567546,51.755696855872586,52.496566841306276,2387.117089941522,2383.689314159418,2436.8736578563226,3,gpu_full,Whole iGPU,1.0,39.9686285,39.96859825,40.370734,43.72544909999999,43.60656337499999,43.8626747,1709.174643,1674.974679,1711.6359975
1687.4767416287807,1686.4910919182844,1699.797683780076,4096,NPU,16.55423022145115,16.41923236622673,16.723666444888632,720.9569350000002,717.0761485000002,736.2699080000002,20.805680993969492,20.381779865615734,20.918893179896052,0.963660938587566,2427.292714,2409.8251550000004,2428.7121460000003,68.45919300439584,68.34436544553681,69.03062676639205,0.05514876722070339,Llama 3.2,False,116.282667,113.9857415,132.1389845,0.0,False,overhead_free_oracle,llama32_1b,Llama 3.2 1B,6.591706021987425,6.587855827805798,6.639834702265922,FP16,iGPU,51.94530337567546,51.755696855872586,52.496566841306276,2387.117089941522,2383.689314159418,2436.8736578563226,3,gpu_npu_oracle,iGPU prefill + NPU decode · oracle,1.0,42.9531705,42.88008375,43.00171325,44.112806049999996,43.938638499999996,44.12715502499999,1709.174643,1674.974679,1711.6359975
1726.1204199499105,1716.7775325542248,1731.8799702731153,4096,NPU,16.55423022145115,16.41923236622673,16.723666444888632,720.9569350000002,717.0761485000002,736.2699080000002,20.805680993969492,20.381779865615734,20.918893179896052,0.9857290373072388,2372.951477,2365.0861325,2385.9359965000003,56.32058538076437,56.17634495377227,56.45572909818361,0.2226818314313188,Llama 3.2,False,116.282667,113.9857415,132.1389845,0.0,True,measured,llama32_1b,Llama 3.2 1B,6.742657890429338,6.7061622365399405,6.765156133879357,FP16,NPU,39.747870015777856,39.7228200815273,39.757112587545535,2476.723601352069,2473.2327086212017,2479.2185220732376,3,npu_full,Whole NPU,1.0,42.9531705,42.88008375,43.00171325,44.112806049999996,43.938638499999996,44.12715502499999,1647.3376349999999,1645.6815305,1649.6660885
1794.9898340163518,1790.6431768399943,1798.5565799333576,4096,iGPU,20.1610555627554,19.914657671449696,20.52498099053282,629.9125320000005,629.3807605000004,637.7936290000004,23.812829937474554,23.522170856323314,23.832966702447706,1.0250580322273017,2281.9070740000006,2277.3907445000004,2287.4597175000004,59.92741072206862,59.67177025899524,60.2570436438278,0.1729016160856296,Llama 3.2,True,60.345018,60.0690785,63.59227800000001,0.0,False,overhead_free_oracle,llama32_1b,Llama 3.2 1B,7.011679039126374,6.994699909531228,7.025611640364678,FP16,NPU,39.747870015777856,39.7228200815273,39.757112587545535,2476.723601352069,2473.2327086212017,2479.2185220732376,3,npu_gpu_oracle,NPU prefill + iGPU decode · oracle,1.0,39.9686285,39.96859825,40.370734,43.72544909999999,43.60656337499999,43.8626747,1647.3376349999999,1645.6815305,1649.6660885
1580.8902175759986,1579.6021242260454,1608.5107405339356,8192,iGPU,22.303028972212015,22.20002000562102,22.638878612652892,706.3308199999992,702.2937544999995,708.7003605,21.236507844865102,21.16574016738894,21.35928958761327,1.0,5181.8904999999995,5094.4118675,5186.119543499999,156.69767674481108,154.8833029194545,158.35906682980513,0.0,Llama 3.2,True,75.730897,74.952999,76.4329355,0.0,False,measured,llama32_1b,Llama 3.2 1B,3.087676206203122,3.085160398878995,3.141622540105343,FP16,iGPU,134.60066570578104,132.68328291383347,135.82319718374322,1826.810630307582,1823.4490303814532,1865.0184560200641,3,gpu_full,Whole iGPU,1.0,44.182173000000006,44.0600525,44.4365195,47.9535477,47.95155835,48.401415575,4475.55968,4385.711507,4483.825789
1547.5053532421791,1545.544093612063,1571.2440385727643,8192,NPU,18.056226767600588,17.41963888908503,18.353586211156504,818.1215230000007,816.5815080000002,829.1819885000004,18.334684491609448,18.093337313414104,18.369327745210455,0.9788822373858388,5293.681203000001,5214.8934955,5300.407297,152.65689247338162,151.03686912498998,153.24283607282825,0.025787135810635187,Llama 3.2,False,152.325229,150.367657,161.8536205,0.0,False,overhead_free_oracle,llama32_1b,Llama 3.2 1B,3.022471393051131,3.0186408078360607,3.0688360128374303,FP16,iGPU,134.60066570578104,132.68328291383347,135.82319718374322,1826.810630307582,1823.4490303814532,1865.0184560200641,3,gpu_npu_oracle,iGPU prefill + NPU decode · oracle,1.0,47.188070499999995,47.12804575,47.229930249999995,50.53907135000001,49.229488200000006,50.717617125000004,4475.55968,4385.711507,4483.825789
1376.0189132402104,1373.9251199005867,1377.7018084589924,8192,NPU,18.056226767600588,17.41963888908503,18.353586211156504,818.1215230000007,816.5815080000002,829.1819885000004,18.334684491609448,18.093337313414104,18.369327745210455,0.8704076335863977,5953.406542000001,5946.143188,5962.493084000001,124.69915985880303,121.73285955947998,125.55332830227859,0.20420543272073532,Llama 3.2,False,152.325229,150.367657,161.8536205,0.0,True,measured,llama32_1b,Llama 3.2 1B,2.687536939922286,2.6834474998058333,2.6908238446464696,FP16,NPU,106.04821420409061,103.37927334832348,107.83632996963765,1595.6787579688396,1591.0931356454546,1597.3443292742138,3,npu_full,Whole NPU,1.0,47.188070499999995,47.12804575,47.229930249999995,50.53907135000001,49.229488200000006,50.717617125000004,5123.838341,5118.5012145,5138.648222
1406.5368966068163,1402.2697355209343,1406.7952679266186,8192,iGPU,22.303028972212015,22.20002000562102,22.638878612652892,706.3308199999992,702.2937544999995,708.7003605,21.236507844865102,21.16574016738894,21.35928958761327,0.8897119363313407,5824.233989000001,5823.1645095,5842.011456,128.35124317630263,125.57929335394451,130.47520858229052,0.1808988758312724,Llama 3.2,False,75.730897,74.952999,76.4329355,0.0,False,overhead_free_oracle,llama32_1b,Llama 3.2 1B,2.747142376185188,2.738808077189325,2.747647007669177,FP16,NPU,106.04821420409061,103.37927334832348,107.83632996963765,1595.6787579688396,1591.0931356454546,1597.3443292742138,3,npu_gpu_oracle,NPU prefill + iGPU decode · oracle,1.0,44.182173000000006,44.0600525,44.4365195,47.9535477,47.95155835,48.401415575,5123.838341,5118.5012145,5138.648222
531.7407937505551,529.8852642496236,533.9052060429087,1024,iGPU,42.654333893187946,42.20031363656608,42.93508226189177,1321.456306,1319.595368,1326.969889,11.351113110507946,11.304144194500878,11.367143440480916,1.0,1925.750313,1917.974984,1932.51752,65.31244432195557,64.86409664222063,65.45618557989684,0.0,Llama 3.2,True,96.843889,95.145674,101.84947550000001,0.0,False,measured,llama32_3b,Llama 3.2 3B,8.308449902352423,8.279457253900368,8.342268844420449,FP16,iGPU,22.669455582541488,22.383034636950725,22.80752426359583,1657.851428200273,1644.6861790917592,1701.3264098583854,3,gpu_full,Whole iGPU,3.0,86.96682750000001,86.93742850000001,86.9841755,89.6742428,89.63911555,89.813657,608.015883,592.866033,612.9221520000001
490.39939548160015,483.5086558843822,491.7528769518053,1024,NPU,31.139532544070104,30.773645505810393,31.256261128958528,1470.265507,1469.4403625,1520.510402,10.202238934793973,9.875892479033057,10.207971083856268,0.9222527239684593,2088.0939280000002,2082.3625145,2118.282704,53.469603405206925,53.27340872764955,53.7773644469636,0.1813259485186275,Llama 3.2,False,109.747179,108.5420605,160.8111525,0.0,False,overhead_free_oracle,llama32_3b,Llama 3.2 3B,7.662490554400002,7.554822748193472,7.683638702371958,FP16,iGPU,22.669455582541488,22.383034636950725,22.80752426359583,1657.851428200273,1644.6861790917592,1701.3264098583854,3,gpu_npu_oracle,iGPU prefill + NPU decode · oracle,3.0,96.990364,96.97914374999999,97.06703775,97.5769649,97.54373365000001,97.886416525,608.015883,592.866033,612.9221520000001
458.1851662137208,447.95270660414803,458.8485395384448,1024,NPU,31.139532544070104,30.773645505810393,31.256261128958528,1470.265507,1469.4403625,1520.510402,10.202238934793973,9.875892479033057,10.207971083856268,0.8616701437969041,2234.904304,2231.6778894999998,2287.1490155,52.55018231241183,52.39392568172434,52.64115238927822,0.19540322127024656,Llama 3.2,False,109.747179,108.5420605,160.8111525,0.0,True,measured,llama32_3b,Llama 3.2 3B,7.159143222089387,6.999261040689813,7.1695084302882,FP16,NPU,21.592589922074502,21.384891260319687,21.71125025278034,1318.2694939817445,1314.8396666629214,1322.4355507586504,3,npu_full,Whole NPU,3.0,96.990364,96.97914374999999,97.06703775,97.5769649,97.54373365000001,97.886416525,764.6387970000001,762.237527,766.6386135
490.8692794146308,489.1139804978908,491.87631469038183,1024,iGPU,42.654333893187946,42.20031363656608,42.93508226189177,1321.456306,1319.595368,1326.969889,11.351113110507946,11.304144194500878,11.367143440480916,0.9231363949949313,2086.095103,2081.832895,2093.6085025,64.24692381526245,63.911563889346425,64.31997352221146,0.016314203483805745,Llama 3.2,False,96.843889,95.145674,101.84947550000001,0.0,False,overhead_free_oracle,llama32_3b,Llama 3.2 3B,7.669832490853606,7.642405945279544,7.685567417037216,FP16,NPU,21.592589922074502,21.384891260319687,21.71125025278034,1318.2694939817445,1314.8396666629214,1322.4355507586504,3,npu_gpu_oracle,NPU prefill + iGPU decode · oracle,3.0,86.96682750000001,86.93742850000001,86.9841755,89.6742428,89.63911555,89.813657,764.6387970000001,762.237527,766.6386135
767.1015616375668,766.487582732239,774.7054323048746,2048,iGPU,42.23533688487256,41.911236215258455,42.7473095752307,1336.2557139999997,1336.034444,1337.9520174999996,11.225396339072269,11.211182400383763,11.227255763351272,1.0,2669.789898,2643.84014,2671.930192,92.22111851553885,91.60348249114398,92.42676630440494,0.0,Llama 3.2,True,100.18574600000001,99.9964105,102.64697749999999,0.0,False,measured,llama32_3b,Llama 3.2 3B,5.99298095029349,5.988184240095618,6.052386189881833,FP16,iGPU,49.39871092110475,49.38592137439346,49.69224627588552,1523.2649591568136,1521.0799167457399,1556.4741069968932,3,gpu_full,Whole iGPU,3.0,87.75281500000001,87.71656675,87.79231925,90.78791505,90.260761025,90.8908207,1333.976724,1306.1093925,1335.895748
701.2131161870926,700.6971829492835,703.986639730481,2048,NPU,31.308188828216643,31.194280837067666,31.5416536614058,1590.980208,1586.9090815,1605.233983,9.428149969795225,9.345168960724997,9.452399572268277,0.9141072724323243,2920.652727,2909.1912730000004,2922.8048295,81.06615447658498,80.8737375662419,81.11999194614235,0.1209588890105936,Llama 3.2,False,178.34850899999998,177.11055349999998,194.3620465,0.0,False,overhead_free_oracle,llama32_3b,Llama 3.2 3B,5.478227470211661,5.474196741791277,5.499895622894383,FP16,iGPU,49.39871092110475,49.38592137439346,49.69224627588552,1523.2649591568136,1521.0799167457399,1556.4741069968932,3,gpu_npu_oracle,iGPU prefill + NPU decode · oracle,3.0,100.5010975,100.4861975,100.5453005,101.3804163,101.075597725,101.993017025,1333.976724,1306.1093925,1335.895748
645.1745614803872,643.1730790546255,646.6726643221925,2048,NPU,31.308188828216643,31.194280837067666,31.5416536614058,1590.980208,1586.9090815,1605.233983,9.428149969795225,9.345168960724997,9.452399572268277,0.8410549446713464,3174.334703,3166.997933,3184.243712,76.77005017567933,76.40717616521292,77.37635485110076,0.16754371003704627,Llama 3.2,False,178.34850899999998,177.11055349999998,194.3620465,0.0,True,measured,llama32_3b,Llama 3.2 3B,5.040426261565525,5.024789680114262,5.052130190017129,FP16,NPU,45.46186134746268,45.21289532814525,45.834701189694954,1288.6669790821597,1286.0091239036803,1289.550106328152,3,npu_full,Whole NPU,3.0,100.5010975,100.4861975,100.5453005,101.3804163,101.075597725,101.993017025,1576.823208,1575.7440855,1580.0888515000001
702.738449995687,702.1541459444313,702.8873360474968,2048,iGPU,42.23533688487256,41.911236215258455,42.7473095752307,1336.2557139999997,1336.034444,1337.9520174999996,11.225396339072269,11.211182400383763,11.227255763351272,0.9160957103196599,2914.3132839999994,2913.6961029999993,2916.7404764999997,87.7946765775716,87.49697138563599,88.25791009531156,0.04799813761987082,Llama 3.2,False,100.18574600000001,99.9964105,102.64697749999999,0.0,False,overhead_free_oracle,llama32_3b,Llama 3.2 3B,5.490144140591305,5.48557926519087,5.4913073128710685,FP16,NPU,45.46186134746268,45.21289532814525,45.834701189694954,1288.6669790821597,1286.0091239036803,1289.550106328152,3,npu_gpu_oracle,NPU prefill + iGPU decode · oracle,3.0,87.75281500000001,87.71656675,87.79231925,90.78791505,90.260761025,90.8908207,1576.823208,1575.7440855,1580.0888515000001
850.2669186723851,850.0862646026058,859.2263597150766,4096,iGPU,45.22897564127649,43.97289283020879,45.41088290696568,1415.807820000001,1414.4879905000003,1417.7403995000006,10.594658249592095,10.580235900469772,10.604553138881375,1.0,4817.310788000001,4767.5974525,4818.334745,165.47752763595605,162.6926125645806,166.65769336677786,0.0,Llama 3.2,True,109.114073,108.62187650000001,111.657108,0.0,False,measured,llama32_3b,Llama 3.2 3B,3.3213551510640045,3.3206494711039287,3.356352967637018,FP16,iGPU,120.24855199467956,118.71971973437182,121.24681045981217,1199.4697750914913,1198.6444245915184,1218.2519911042018,3,gpu_full,Whole iGPU,3.0,92.99677700000001,92.99468750000001,93.00464825,94.43623765000001,94.29474630000001,94.71633805,3401.502968,3349.8570529999997,3403.8467545
792.6596956452279,791.8549493624776,798.0999460404837,4096,NPU,33.3725464560836,33.321173667342634,33.92007953070794,1771.7361999999998,1768.823106,1785.4838134999998,8.466271671821122,8.401582366719186,8.480237867743881,0.9322480720323617,5167.41298,5132.427772499999,5172.6698605,153.62109845076316,152.04089340171447,155.1668899905201,0.07164978444249281,Llama 3.2,False,266.97515,263.0479305,275.74849299999994,0.0,False,overhead_free_oracle,llama32_3b,Llama 3.2 3B,3.0963269361141714,3.093183395947178,3.1175779142206395,FP16,iGPU,120.24855199467956,118.71971973437182,121.24681045981217,1199.4697750914913,1198.6444245915184,1218.2519911042018,3,gpu_npu_oracle,iGPU prefill + NPU decode · oracle,3.0,107.17812599999999,107.17021025,107.49997124999999,109.60956010000001,109.233686425,109.8088157,3401.502968,3349.8570529999997,3403.8467545
732.7797817539648,730.8664163284727,733.4653336947729,4096,NPU,33.3725464560836,33.321173667342634,33.92007953070794,1771.7361999999998,1768.823106,1785.4838134999998,8.466271671821122,8.401582366719186,8.480237867743881,0.8618232294608548,5589.673872,5584.4542205,5604.3457204999995,138.65458698340248,138.23103475952297,140.5430702314295,0.16209415886103262,Llama 3.2,False,266.97515,263.0479305,275.74849299999994,0.0,True,measured,llama32_3b,Llama 3.2 3B,2.862421022476425,2.8549469387830966,2.8650989597452066,FP16,NPU,105.28204052731888,104.90986109218036,106.62299070072156,1068.1226247560955,1067.5670608214152,1069.8461774772245,3,npu_full,Whole NPU,3.0,107.17812599999999,107.17021025,107.49997124999999,109.60956010000001,109.233686425,109.8088157,3819.786142,3813.6422555,3821.775001
781.7600835137807,781.7516864406405,783.1671162580843,4096,iGPU,45.22897564127649,43.97289283020879,45.41088290696568,1415.807820000001,1414.4879905000003,1417.7403995000006,10.594658249592095,10.580235900469772,10.604553138881375,0.9194290243991009,5239.459121,5230.0628255,5239.5154005,150.51101616859538,148.88275392238916,152.03387360768724,0.09044437441853981,Llama 3.2,False,109.114073,108.62187650000001,111.657108,0.0,False,overhead_free_oracle,llama32_3b,Llama 3.2 3B,3.053750326225706,3.053717525158752,3.059246547883142,FP16,NPU,105.28204052731888,104.90986109218036,106.62299070072156,1068.1226247560955,1067.5670608214152,1069.8461774772245,3,npu_gpu_oracle,NPU prefill + iGPU decode · oracle,3.0,92.99677700000001,92.99468750000001,93.00464825,94.43623765000001,94.29474630000001,94.71633805,3819.786142,3813.6422555,3821.775001
826.2335772251334,825.5777255710921,833.5777000357766,8192,iGPU,48.36660344894568,48.242902827074644,48.63683122902165,1526.5983220000016,1523.8695320000006,1527.0017520000001,9.825767383491202,9.823172126265263,9.843393928516315,1.0,9914.871806000001,9828.281073999999,9922.754595000002,343.93872694202236,342.82446973193373,345.7816045764536,0.0,Llama 3.2,True,124.933821,124.2429285,126.7821945,0.0,False,measured,llama32_3b,Llama 3.2 3B,1.6137374555178388,1.6124564952560392,1.6280814453823762,FP16,iGPU,295.5721234930767,294.5815669048591,297.14477334743196,974.0602763729432,973.4629081725661,984.699736985742,3,gpu_full,Whole iGPU,3.0,99.4496485,99.42917675,99.571631,101.72606005,101.66135237499999,101.957472725,8393.731064000001,8304.008112,8398.885063000002
778.0625320749675,777.677563149646,783.9727101170753,8192,NPU,38.116323328317065,37.83116482178118,38.53796916731765,2135.106764,2135.0462160000006,2145.9896535000007,7.025409807563141,6.989961835045682,7.025609047548404,0.9416980300994956,10528.716732000003,10449.937217500003,10533.931279,333.11812980832195,332.83437756564086,334.9759381692131,0.031460828008252895,Llama 3.2,False,396.897302,396.0727155,411.564028,0.0,False,overhead_free_oracle,llama32_3b,Llama 3.2 3B,1.519653382958921,1.5189014905266522,1.5311966994474127,FP16,iGPU,295.5721234930767,294.5815669048591,297.14477334743196,974.0602763729432,973.4629081725661,984.699736985742,3,gpu_npu_oracle,iGPU prefill + NPU decode · oracle,3.0,123.84031549999999,123.51343499999999,123.859394,125.85470939999999,125.586965825,126.02089537500001,8393.731064000001,8304.008112,8398.885063000002
684.050587194936,683.9439998194362,684.5183181300018,8192,NPU,38.116323328317065,37.83116482178118,38.53796916731765,2135.106764,2135.0462160000006,2145.9896535000007,7.025409807563141,6.989961835045682,7.025609047548404,0.8279142920967794,11975.722488,11967.545072,11977.5891025,296.3685678572622,294.1043334975039,296.77729115229215,0.13830998186133037,Llama 3.2,False,396.897302,396.0727155,411.564028,0.0,True,measured,llama32_3b,Llama 3.2 3B,1.3360363031151095,1.3358281246473362,1.3369498400976598,FP16,NPU,258.22639944100393,256.2602461317521,258.23932198497454,832.2151978604437,831.5287590137207,832.2913998290301,3,npu_full,Whole NPU,3.0,123.84031549999999,123.51343499999999,123.859394,125.85470939999999,125.586965825,126.02089537500001,9824.381988000001,9823.482581,9832.498856
721.7628549961837,721.2159811912493,721.9048988247409,8192,iGPU,48.36660344894568,48.242902827074644,48.63683122902165,1526.5983220000016,1523.8695320000006,1527.0017520000001,9.825767383491202,9.823172126265263,9.843393928516315,0.873557883498502,11349.988355999998,11347.755543,11358.601201,306.34560164620757,304.5031489588268,306.75245259212517,0.10930180974401249,Llama 3.2,False,124.933821,124.2429285,126.7821945,0.0,False,overhead_free_oracle,llama32_3b,Llama 3.2 3B,1.4096930761644213,1.4086249632641588,1.4099705055170721,FP16,NPU,258.22639944100393,256.2602461317521,258.23932198497454,832.2151978604437,831.5287590137207,832.2913998290301,3,npu_gpu_oracle,NPU prefill + iGPU decode · oracle,3.0,99.4496485,99.42917675,99.571631,101.72606005,101.66135237499999,101.957472725,9824.381988000001,9823.482581,9832.498856
2273.966598655079,2267.4479954758954,2321.5354647711456,1024,iGPU,8.876303930828678,8.853995312225305,9.265298809533862,245.21217299999998,243.6328375,248.070939,61.171514515309156,60.47460600914057,61.57064257445532,1.0,450.31444200000004,441.27265050000005,451.612767,14.367050427195586,14.34006304929965,14.397856528065999,0.0,Qwen2.5,False,24.224101,23.6317355,30.771002000000003,0.0,False,measured,qwen25_0_5b,Qwen2.5 0.5B,35.53072810398561,35.428874929310865,36.27399163704915,FP16,iGPU,5.535363733573653,5.0970728583691605,5.543861215840693,4853.1788458658275,4846.6303581174,5206.494508368829,3,gpu_full,Whole iGPU,0.5,15.2328625,15.22344175,15.295879750000001,16.608904,16.084898199999998,17.133307324999997,207.69891900000002,194.50003650000002,207.97992950000003
2201.3580345396645,2109.0894319261856,2202.964619383224,1024,NPU,7.381910501490423,7.34616675830714,8.222968855949098,257.468484,256.848482,291.94855600000005,58.259557701827305,52.105704847208315,58.40052970577568,0.9680696435214313,465.16740300000004,464.8284115,486.4485925,12.934269199598155,12.890027974147833,13.328539196585298,0.09972688791328388,Qwen2.5,False,21.64219,20.996133,56.0067405,0.0,False,overhead_free_oracle,qwen25_0_5b,Qwen2.5 0.5B,34.39621928968226,32.95452237384665,34.421322177862876,FP16,iGPU,5.535363733573653,5.0970728583691605,5.543861215840693,4853.1788458658275,4846.6303581174,5206.494508368829,3,gpu_npu_oracle,iGPU prefill + NPU decode · oracle,0.5,16.6017975,16.534877,16.622454750000003,17.67764695,17.65987035,17.85497235,207.69891900000002,194.50003650000002,207.97992950000003
2220.4528711209146,2075.9541545904276,2229.3077540787654,1024,NPU,7.381910501490423,7.34616675830714,8.222968855949098,257.468484,256.848482,291.94855600000005,58.259557701827305,52.105704847208315,58.40052970577568,0.9764667926231568,461.167185,459.342661,495.66866250000004,10.16254561750419,10.086285060208787,10.78111545520396,0.2926491301048566,Qwen2.5,False,21.64219,20.996133,56.0067405,0.0,True,measured,qwen25_0_5b,Qwen2.5 0.5B,34.69457611126429,32.43678366547543,34.83293365748071,FP16,NPU,2.6281140014229605,2.4818860419594584,2.7401183019016466,4948.485164861213,4947.9652668877625,4978.0970154479965,3,npu_full,Whole NPU,0.5,16.6017975,16.534877,16.622454750000003,17.67764695,17.65987035,17.85497235,203.698701,202.494179,203.72010649999999
2281.0763991428735,2266.6266363505783,2295.3998222360597,1024,iGPU,8.876303930828678,8.853995312225305,9.265298809533862,245.21217299999998,243.6328375,248.070939,61.171514515309156,60.47460600914057,61.57064257445532,1.0031266072650316,448.910874,446.12701649999997,451.7910455,11.683809296002266,11.594113614126952,11.836880533368634,0.18676353540975787,Qwen2.5,True,24.224101,23.6317355,30.771002000000003,0.0,False,overhead_free_oracle,qwen25_0_5b,Qwen2.5 0.5B,35.6418187366074,35.41604119297779,35.86562222243843,FP16,NPU,2.6281140014229605,2.4818860419594584,2.7401183019016466,4948.485164861213,4947.9652668877625,4978.0970154479965,3,npu_gpu_oracle,NPU prefill + iGPU decode · oracle,0.5,15.2328625,15.22344175,15.295879750000001,16.608904,16.084898199999998,17.133307324999997,203.698701,202.494179,203.72010649999999
2901.3389312250233,2876.586460578,2932.7893243357466,2048,iGPU,9.592399270316214,9.344538525817736,9.787302878965884,275.13134400000007,269.71656299999995,288.185203,54.51941527970728,52.15687718422036,55.63636080975168,1.0,705.8809909999999,698.3916389999999,712.0076795,21.176776688412616,20.70068914507565,21.378772005881416,0.0,Qwen2.5,False,37.542289,33.3053835,42.152677,0.0,False,measured,qwen25_0_5b,Qwen2.5 0.5B,22.666710400195495,22.473331723265623,22.91241659637302,FP16,iGPU,11.988368053034002,11.115381583578568,12.034233480063682,4601.665926712596,4594.271032528484,4908.212707749677,3,gpu_full,Whole iGPU,0.5,16.547641000000002,16.492974500000003,16.61902925,18.34303435,18.236382024999997,22.249032649999997,441.579209,415.621217,442.29111650000004
2862.339912843706,2814.599952287694,2863.3032791840656,2048,NPU,8.173476214639802,8.038680766899018,9.053184376763301,273.919321,272.966763,312.222669,54.76064976081041,48.776739515156834,54.95241436007043,0.9865582686801604,715.4985300000001,715.2578795000001,727.843886,20.17528765300994,20.033770512601087,20.21443138737155,0.047291854191892524,Qwen2.5,False,31.766454,31.277967500000003,67.5615095,0.0,False,overhead_free_oracle,qwen25_0_5b,Qwen2.5 0.5B,22.362030569091452,21.98906212724761,22.369556868625512,FP16,iGPU,11.988368053034002,11.115381583578568,12.034233480063682,4601.665926712596,4594.271032528484,4908.212707749677,3,gpu_npu_oracle,iGPU prefill + NPU decode · oracle,0.5,16.9854185,16.967267,17.151094750000002,17.955736849999997,17.881051425,19.4568709,441.579209,415.621217,442.29111650000004
3113.2793270680786,2960.3144330878586,3140.5742334491133,2048,NPU,8.173476214639802,8.038680766899018,9.053184376763301,273.919321,272.966763,312.222669,54.76064976081041,48.776739515156834,54.95241436007043,1.0730491682864394,657.827257,652.159304,693.6704875,14.641903385774786,14.556627562261449,15.729274250951343,0.30858677875247864,Qwen2.5,False,31.766454,31.277967500000003,67.5615095,0.0,True,measured,qwen25_0_5b,Qwen2.5 0.5B,24.322494742719364,23.127456508498895,24.535736198821198,FP16,NPU,6.567466419589879,6.517946795362431,6.725609498415488,5361.651564518712,5327.293606253492,5393.941951970818,3,npu_full,Whole NPU,0.5,16.9854185,16.967267,17.151094750000002,17.955736849999997,17.881051425,19.4568709,378.987701,376.7324235,381.44781850000004
3152.6681555532004,3081.7144240068174,3156.0697274664435,2048,iGPU,9.592399270316214,9.344538525817736,9.787302878965884,275.13134400000007,269.71656299999995,288.185203,54.51941527970728,52.15687718422036,55.63636080975168,1.0866252548515796,649.6084900000001,648.909104,664.9176265000001,16.15986568990609,15.862485321180166,16.51291237738137,0.23690626162439765,Qwen2.5,True,37.542289,33.3053835,42.152677,0.0,False,overhead_free_oracle,qwen25_0_5b,Qwen2.5 0.5B,24.63021996525938,24.07589393755326,24.65679474583159,FP16,NPU,6.567466419589879,6.517946795362431,6.725609498415488,5361.651564518712,5327.293606253492,5393.941951970818,3,npu_gpu_oracle,NPU prefill + iGPU decode · oracle,0.5,16.547641000000002,16.492974500000003,16.61902925,18.34303435,18.236382024999997,22.249032649999997,378.987701,376.7324235,381.44781850000004
2845.602066983094,2831.6756742275675,2940.2611159186745,4096,iGPU,10.77982371240567,10.52386787187714,10.929909449631921,337.24682899999993,331.14170550000006,339.6024599999999,44.477808863252505,44.17141662359542,45.31323026243381,1.0,1439.414192,1394.518916,1446.5283265,40.289082094538706,39.071873587210305,40.4494325020034,0.0,Qwen2.5,False,46.685089999999995,43.7248115,48.964158,0.0,False,measured,qwen25_0_5b,Qwen2.5 0.5B,11.115633074152711,11.061233102451435,11.485394984057322,FP16,iGPU,29.509258382133034,28.141964137578384,29.925564630126253,3701.797147118028,3658.438333858278,3875.379813415315,3,gpu_full,Whole iGPU,0.5,19.858069999999998,19.68306975,19.95097275,23.73208415,23.58919285,23.794901949999996,1102.167363,1054.916456,1115.386621
2862.2212074256686,2837.5422996398843,2870.80457808755,4096,NPU,9.820086582831687,9.639233345585847,10.415950907434198,328.889045,328.22528800000003,371.874015,45.60808645967518,40.88247535057374,45.700504780446224,1.0058402897001668,1431.056408,1426.7904709999998,1443.611909,38.96763849047304,38.37706180776674,39.5647979757121,0.03279904965233216,Qwen2.5,False,54.623934,53.079732500000006,88.20110700000001,0.0,False,overhead_free_oracle,qwen25_0_5b,Qwen2.5 0.5B,11.180551591506518,11.084149607968298,11.214080383154492,FP16,iGPU,29.509258382133034,28.141964137578384,29.925564630126253,3701.797147118028,3658.438333858278,3875.379813415315,3,gpu_npu_oracle,iGPU prefill + NPU decode · oracle,0.5,19.554413999999998,19.4815235,19.59206975,20.2453457,20.175806625,23.897542674999997,1102.167363,1054.916456,1115.386621
3339.1583711978074,3239.5419081525797,3352.5299250218413,4096,NPU,9.820086582831687,9.639233345585847,10.415950907434198,328.889045,328.22528800000003,371.874015,45.60808645967518,40.88247535057374,45.700504780446224,1.1734453000092109,1226.656404,1221.7833255,1265.572988,27.786917847685658,27.612264668247487,28.929106769659477,0.31031146893633876,Qwen2.5,True,54.623934,53.079732500000006,88.20110700000001,0.0,True,measured,qwen25_0_5b,Qwen2.5 0.5B,13.043587387491435,12.654460578721014,13.095820019616568,FP16,NPU,17.979231380469308,17.97303132266164,18.51935592003295,4586.173249459104,4565.3902227043145,4586.900022442942,3,npu_full,Whole NPU,0.5,19.554413999999998,19.4815235,19.59206975,20.2453457,20.175806625,23.897542674999997,889.630587,889.4896515,893.698973
3325.7856889782165,3321.1733888742388,3349.3427738261153,4096,iGPU,10.77982371240567,10.52386787187714,10.929909449631921,337.24682899999993,331.14170550000006,339.6024599999999,44.477808863252505,44.17141662359542,45.31323026243381,1.1687458789711285,1231.5886779999998,1222.986988,1233.301433,28.75905509287498,28.496899194538784,29.44926536966487,0.2861824197088534,Qwen2.5,False,46.685089999999995,43.7248115,48.964158,0.0,False,overhead_free_oracle,qwen25_0_5b,Qwen2.5 0.5B,12.991350347571158,12.973333550289995,13.083370210258263,FP16,NPU,17.979231380469308,17.97303132266164,18.51935592003295,4586.173249459104,4565.3902227043145,4586.900022442942,3,npu_gpu_oracle,NPU prefill + iGPU decode · oracle,0.5,19.858069999999998,19.68306975,19.95097275,23.73208415,23.58919285,23.794901949999996,889.630587,889.4896515,893.698973
2530.28332314397,2523.3795513894775,2609.8196235339697,8192,iGPU,11.397912698882905,11.002700515090362,11.57416773373787,383.63755299999957,382.1985884999999,391.47888549999993,39.09940484893042,38.331621450663874,39.24716908652915,1.0,3237.5821020000003,3141.8322980000003,3246.4641775,89.21420497592791,87.10804362204142,90.54855250851622,0.0,Qwen2.5,True,54.975293,54.7470285,62.376990000000006,0.0,False,measured,qwen25_0_5b,Qwen2.5 0.5B,4.941959615515566,4.928475686307573,5.0973039522147845,FP16,iGPU,78.6067166446301,76.10534310695107,79.3695969585709,2861.920914919376,2854.5031726382854,2975.4890451113583,3,gpu_full,Whole iGPU,0.5,22.787651,22.78760075,22.823230000000002,26.0898805,25.599848625,26.176459174999998,2856.822478,2751.7923769999998,2864.265589
2509.6088948175893,2507.836514274922,2560.1202661555417,8192,NPU,10.209296028835045,10.207657757869368,10.910707416306865,407.4311740000003,402.2966630000003,449.3034069999999,36.81603411132208,33.677503954482,37.2919916797083,0.9918292042091587,3264.2536520000003,3201.095784,3266.5622520000006,88.81601267346514,87.01605052325792,89.57725471644027,0.0044633284864245,Qwen2.5,False,87.489434,81.8039895,116.94190849999998,0.0,False,overhead_free_oracle,qwen25_0_5b,Qwen2.5 0.5B,4.901579872690604,4.898118191943207,5.000234894835042,FP16,iGPU,78.6067166446301,76.10534310695107,79.3695969585709,2861.920914919376,2854.5031726382854,2975.4890451113583,3,gpu_npu_oracle,iGPU prefill + NPU decode · oracle,0.5,22.611179500000002,22.605743000000004,22.923969,24.377819849999995,24.140172874999998,27.619299924999993,2856.822478,2751.7923769999998,2864.265589
2417.3315714401288,2389.011858704732,2420.305734539659,8192,NPU,10.209296028835045,10.207657757869368,10.910707416306865,407.4311740000003,402.2966630000003,449.3034069999999,36.81603411132208,33.677503954482,37.2919916797083,0.9553600378776972,3388.860716,3384.701467,3429.514709,64.2541216746021,63.08175203277463,66.60504801560094,0.27977700757475366,Qwen2.5,False,87.489434,81.8039895,116.94190849999998,0.0,True,measured,qwen25_0_5b,Qwen2.5 0.5B,4.7213507254690015,4.666038786532679,4.727159637772772,FP16,NPU,54.04482564576706,52.87409427490526,55.69434059929409,2744.551541355688,2738.723597070557,2747.2664587148565,3,npu_full,Whole NPU,0.5,22.611179500000002,22.605743000000004,22.923969,24.377819849999995,24.140172874999998,27.619299924999993,2978.993062,2976.052053,2985.345813
2427.0175520419148,2425.9481386605285,2434.7842530632943,8192,iGPU,11.397912698882905,11.002700515090362,11.57416773373787,383.63755299999957,382.1985884999999,391.47888549999993,39.09940484893042,38.331621450663874,39.24716908652915,0.9591880600257272,3375.3361169999994,3364.6033924999997,3376.8246984999996,64.65231397706488,64.05304982485059,66.69704111438445,0.27531367908832916,Qwen2.5,False,54.975293,54.7470285,62.376990000000006,0.0,False,overhead_free_oracle,qwen25_0_5b,Qwen2.5 0.5B,4.740268656331865,4.738179958321345,4.755437994264247,FP16,NPU,54.04482564576706,52.87409427490526,55.69434059929409,2744.551541355688,2738.723597070557,2747.2664587148565,3,npu_gpu_oracle,NPU prefill + iGPU decode · oracle,0.5,22.787651,22.78760075,22.823230000000002,26.0898805,25.599848625,26.176459174999998,2978.993062,2976.052053,2985.345813
996.2848663814116,988.5618785975771,1005.6440927607811,1024,iGPU,22.43097423160133,21.906076949205676,22.88651563725299,667.3253749999998,666.1980755,671.1720829999999,22.477790538086463,22.3496970718926,22.51589054630978,1.0,1027.8184829999998,1018.3410895,1035.9113815,34.01359510119007,33.44256860175318,34.20331383758705,0.0,Qwen2.5,True,55.536018999999996,54.2231775,57.620129999999996,0.0,False,measured,qwen25_1_5b,Qwen2.5 1.5B,15.566951037209556,15.446279353087142,15.713188949387204,FP16,iGPU,11.490362435506256,11.080950246895839,11.726210388944478,2796.169961729199,2728.133642911648,2907.768047616809,3,gpu_full,Whole iGPU,1.5,43.521603,43.449562,43.5519585,45.06358405,44.741105399999995,45.35408905,360.493108,347.1690065,369.713306
936.3629419720415,920.8032884329521,937.8390413857114,1024,NPU,15.627893059326851,15.237970797145763,16.1845914613206,729.6628529999998,722.1611964999998,763.5025669999999,20.557439560377347,19.68496873840741,20.773227416650087,0.9398546274952349,1093.5930439999997,1091.8745024999998,1112.390115,27.41282792159977,26.87561944603535,27.501389661654663,0.19406261407984338,Qwen2.5,False,52.85397,52.370791499999996,89.395224,0.0,False,overhead_free_oracle,qwen25_1_5b,Qwen2.5 1.5B,14.630670968313149,14.387551381764876,14.653735021651741,FP16,iGPU,11.490362435506256,11.080950246895839,11.726210388944478,2796.169961729199,2728.133642911648,2907.768047616809,3,gpu_npu_oracle,iGPU prefill + NPU decode · oracle,1.5,47.742450999999996,47.442558749999996,48.24036325,49.104597749999996,48.51265959999999,49.31260585,360.493108,347.1690065,369.713306
848.6195445371723,828.0133119560456,856.1663789922598,1024,NPU,15.627893059326851,15.237970797145763,16.1845914613206,729.6628529999998,722.1611964999998,763.5025669999999,20.557439560377347,19.68496873840741,20.773227416650087,0.851784036045261,1206.6655859999998,1196.1221495,1237.461491,24.786369496670208,23.823591376537124,25.291509651087466,0.2712805152489458,Qwen2.5,False,52.85397,52.370791499999996,89.395224,0.0,True,measured,qwen25_1_5b,Qwen2.5 1.5B,13.259680383393317,12.937707999313213,13.377599671754059,FP16,NPU,9.055359942190375,8.534062331814866,9.106918189766866,2140.494712879316,2126.845076184798,2140.5039354836326,3,npu_full,Whole NPU,1.5,47.742450999999996,47.442558749999996,48.24036325,49.104597749999996,48.51265959999999,49.31260585,470.919173,470.917144,473.960953
894.8482457445679,894.2212700019893,898.1323359605319,1024,iGPU,22.43097423160133,21.906076949205676,22.88651563725299,667.3253749999998,666.1980755,671.1720829999999,22.477790538086463,22.3496970718926,22.51589054630978,0.898185123492571,1144.3281079999997,1140.1590285,1145.131007,31.589450668944686,30.491697528597037,31.993433827019853,0.07126986797583679,Qwen2.5,False,55.536018999999996,54.2231775,57.620129999999996,0.0,False,overhead_free_oracle,qwen25_1_5b,Qwen2.5 1.5B,13.982003839758873,13.972207343781083,14.033317749383311,FP16,NPU,9.055359942190375,8.534062331814866,9.106918189766866,2140.494712879316,2126.845076184798,2140.5039354836326,3,npu_gpu_oracle,NPU prefill + iGPU decode · oracle,1.5,43.521603,43.449562,43.5519585,45.06358405,44.741105399999995,45.35408905,470.919173,470.917144,473.960953
1366.154208948247,1363.4550708326078,1382.364362628647,2048,iGPU,23.261027436098225,22.806255593567087,23.35023167982559,734.706053,727.1520915000001,737.2057794999998,20.416328324438073,20.34733433084017,20.630648167284473,1.0,1499.0987010000001,1481.7234235,1502.0722500000002,48.04695553438617,47.793525539450656,48.689665940820746,0.0,Qwen2.5,True,65.452983,63.2263055,67.77745300000001,0.0,False,measured,qwen25_1_5b,Qwen2.5 1.5B,10.67307975740818,10.651992740879749,10.799721583036305,FP16,iGPU,25.69547178335022,24.8980657021562,25.883410347253655,2637.797167485111,2622.297244113774,2720.9689890943573,3,gpu_full,Whole iGPU,1.5,46.5253935,46.489628499999995,46.530795499999996,53.8247413,51.810425925,54.267149575000005,770.339746,747.4911930000001,774.9201585000001
1316.7024690583535,1315.2053858168474,1322.1493439073101,2048,NPU,17.46500303877562,17.389949642085092,17.86833489352,785.0609979999999,774.099072,809.6820634999999,19.106795571571624,18.54293616734449,19.38125119236078,0.9638022270355813,1555.400744,1549.0192305,1557.1732565,43.01036802874478,42.28801534424129,43.67669184408312,0.10482636099672982,Qwen2.5,False,90.44789899999999,83.576206,114.51614899999998,0.0,False,overhead_free_oracle,qwen25_1_5b,Qwen2.5 1.5B,10.286738039518387,10.27504207669412,10.32929174927586,FP16,iGPU,25.69547178335022,24.8980657021562,25.883410347253655,2637.797167485111,2622.297244113774,2720.9689890943573,3,gpu_npu_oracle,iGPU prefill + NPU decode · oracle,1.5,49.289752500000006,49.0961465,49.381530500000004,50.79916185,50.251029375,51.060063325,770.339746,747.4911930000001,774.9201585000001
1181.783195202228,1160.3977086705881,1187.2676519966717,2048,NPU,17.46500303877562,17.389949642085092,17.86833489352,785.0609979999999,774.099072,809.6820634999999,19.106795571571624,18.54293616734449,19.38125119236078,0.8650437757769969,1732.9743799999999,1725.0058985,1765.5117834999999,39.48190518484798,39.055324441821085,39.8651912459966,0.1782641637597281,Qwen2.5,False,90.44789899999999,83.576206,114.51614899999998,0.0,True,measured,qwen25_1_5b,Qwen2.5 1.5B,9.232681212517406,9.06560709898897,9.275528531223998,FP16,NPU,21.2102384365836,21.186989548301078,22.071909749167126,2130.201722104344,2119.3204778965087,2136.9287509131045,3,npu_full,Whole NPU,1.5,49.289752500000006,49.0961465,49.381530500000004,50.79916185,50.251029375,51.060063325,953.900271,950.9068265,958.8231645000001
1217.149854209309,1209.7073699875448,1220.4667576484471,2048,iGPU,23.261027436098225,22.806255593567087,23.35023167982559,734.706053,727.1520915000001,737.2057794999998,20.416328324438073,20.34733433084017,20.630648167284473,0.8909315260583568,1682.619435,1678.0589180000002,1693.0354995,44.60317658357152,44.53722122812667,44.94412069817906,0.07167527916206917,Qwen2.5,False,65.452983,63.2263055,67.77745300000001,0.0,False,overhead_free_oracle,qwen25_1_5b,Qwen2.5 1.5B,9.508983236010227,9.450838828027694,9.534896544128493,FP16,NPU,21.2102384365836,21.186989548301078,22.071909749167126,2130.201722104344,2119.3204778965087,2136.9287509131045,3,npu_gpu_oracle,NPU prefill + iGPU decode · oracle,1.5,46.5253935,46.489628499999995,46.530795499999996,53.8247413,51.810425925,54.267149575000005,953.900271,950.9068265,958.8231645000001
1634.2013256294047,1624.676459438107,1668.8525767611418,4096,iGPU,21.645568523481565,21.616709645419277,22.006760671721942,704.8072030000001,701.0435074999999,705.8668170000001,21.282415866569966,21.25051559404212,21.39729160432636,1.0,2506.423129,2455.4395645,2521.2039985,81.4949949933806,78.42831116230036,82.18184736906498,0.0,Qwen2.5,True,72.596193,68.940962,74.4178035,0.0,False,measured,qwen25_1_5b,Qwen2.5 1.5B,6.383598928239862,6.346392419680106,6.51895537797321,FP16,iGPU,59.12704217341829,56.45040936864072,60.17508669734304,2255.211050258657,2241.6427040395465,2329.3518965941544,3,gpu_full,Whole iGPU,1.5,44.69485,44.68039125,44.700368,47.106267450000004,46.839246125,47.156936875,1809.143317,1753.3364430000001,1820.160491
1548.0142843743722,1540.1906163681995,1561.8113920153683,4096,NPU,18.953258798648438,18.873936266840467,19.004349335822223,841.8113370000001,839.3192180000001,871.956162,17.818719397930845,17.223284756227333,17.871784564224235,0.9472604507759544,2645.970416,2622.800486,2659.479709,78.1824820464143,75.37543617265496,79.17943603316526,0.04064682680495124,Qwen2.5,False,128.9693,125.140123,151.3195595,0.0,False,overhead_free_oracle,qwen25_1_5b,Qwen2.5 1.5B,6.046930798337391,6.016369595188279,6.100825750060032,FP16,iGPU,59.12704217341829,56.45040936864072,60.17508669734304,2255.211050258657,2241.6427040395465,2329.3518965941544,3,gpu_npu_oracle,iGPU prefill + NPU decode · oracle,1.5,50.9610385,50.9127735,51.0554525,51.880345350000006,51.671559775000006,54.092308575000004,1809.143317,1753.3364430000001,1820.160491
1341.1796973396185,1322.017721216605,1343.9877587583514,4096,NPU,18.953258798648438,18.873936266840467,19.004349335822223,841.8113370000001,839.3192180000001,871.956162,17.818719397930845,17.223284756227333,17.871784564224235,0.8206942904192479,3054.0277400000004,3047.6601100000003,3098.945381,70.63349411528053,69.99021321995122,70.91537397998445,0.13327813418458756,Qwen2.5,False,128.9693,125.140123,151.3195595,0.0,True,measured,qwen25_1_5b,Qwen2.5 1.5B,5.238983192732885,5.164131723502363,5.24995218264981,FP16,NPU,51.578054242284516,51.06518641593698,51.911024644162225,1844.3041984803508,1832.1505594469477,1847.5465361782622,3,npu_full,Whole NPU,1.5,50.9610385,50.9127735,51.0554525,51.880345350000006,51.671559775000006,54.092308575000004,2212.2164030000004,2208.340892,2226.989219
1404.171015817278,1396.6315827532917,1407.8676713254943,4096,iGPU,21.645568523481565,21.616709645419277,22.006760671721942,704.8072030000001,701.0435074999999,705.8668170000001,21.282415866569966,21.25051559404212,21.39729160432636,0.8592399197060181,2917.0236060000007,2909.3843995,2932.856036,73.8895635695215,73.01486646323396,73.91778531588417,0.09332390810597446,Qwen2.5,False,72.596193,68.940962,74.4178035,0.0,False,overhead_free_oracle,qwen25_1_5b,Qwen2.5 1.5B,5.485043030536242,5.455592120130046,5.499483091115212,FP16,NPU,51.578054242284516,51.06518641593698,51.911024644162225,1844.3041984803508,1832.1505594469477,1847.5465361782622,3,npu_gpu_oracle,NPU prefill + iGPU decode · oracle,1.5,44.69485,44.68039125,44.700368,47.106267450000004,46.839246125,47.156936875,2212.2164030000004,2208.340892,2226.989219
1526.3732712918795,1525.636652135457,1560.1763528702095,8192,iGPU,24.903276962499113,24.62565037057687,25.039092191165942,767.4252459999998,766.693017,767.6918664999998,19.545877697122307,19.53909174218755,19.56456280307617,1.0,5366.970291,5253.1544345,5369.562862999999,177.1343408345819,173.98962274979044,178.29947360100846,0.0,Qwen2.5,True,79.860898,79.601507,82.1110245,0.0,False,measured,qwen25_1_5b,Qwen2.5 1.5B,2.981197795491952,2.9797590862020646,3.047219439199628,FP16,iGPU,152.23106387208279,149.36397237921358,153.26038140984252,1777.773214865182,1776.3870960761835,1823.9463146042976,3,gpu_full,Whole iGPU,1.5,48.571490000000004,48.4244975,48.717301250000006,50.668234749999996,50.598343475,50.681439375,4599.011804,4485.462568,4602.603225499999
1480.859195235382,1479.8455011190358,1504.541205094782,8192,NPU,20.063071751089048,19.473271384458094,20.412981498758846,933.31293,933.1123865000004,960.9365339999995,16.07177991201729,15.622681807816047,16.075234784006504,0.9701815559060624,5531.9236470000005,5446.1985585,5535.715612,172.29413562317183,169.7769538779724,172.7336527943006,0.027325052774098357,Qwen2.5,False,154.256099,154.0629455,176.731884,0.0,False,overhead_free_oracle,qwen25_1_5b,Qwen2.5 1.5B,2.8923031156941055,2.890323244373117,2.9385570412007462,FP16,iGPU,152.23106387208279,149.36397237921358,153.26038140984252,1777.773214865182,1776.3870960761835,1823.9463146042976,3,gpu_npu_oracle,iGPU prefill + NPU decode · oracle,1.5,55.3727985,55.34510075,55.6846465,57.49918405,57.098385775,58.010706225,4599.011804,4485.462568,4602.603225499999
1270.7656919998878,1270.6598009620172,1273.7171056678199,8192,NPU,20.063071751089048,19.473271384458094,20.412981498758846,933.31293,933.1123865000004,960.9365339999995,16.07177991201729,15.622681807816047,16.075234784006504,0.8325392719464666,6446.5070559999995,6431.6039635,6447.0443235,145.28672479830834,145.10051649871804,149.32261254674575,0.17979357298094256,Qwen2.5,False,154.256099,154.0629455,176.731884,0.0,True,measured,qwen25_1_5b,Qwen2.5 1.5B,2.481964242187281,2.48175742375394,2.4877287220074606,FP16,NPU,126.03083718130063,125.62724511425996,129.3132231150276,1490.9399246130151,1486.819405236742,1494.469551605921,3,npu_full,Whole NPU,1.5,55.3727985,55.34510075,55.6846465,57.49918405,57.098385775,58.010706225,5483.789028,5470.867973,5499.028844500001
1310.353621982445,1307.3822810719703,1313.1294429135828,8192,iGPU,24.903276962499113,24.62565037057687,25.039092191165942,767.4252459999998,766.693017,767.6918664999998,19.545877697122307,19.53909174218755,19.56456280307617,0.8584752148295931,6251.747515,6238.5598395,6265.988482000001,151.2057446011334,150.6663373054259,154.0746887142713,0.14637814503547952,Qwen2.5,False,79.860898,79.601507,82.1110245,0.0,False,overhead_free_oracle,qwen25_1_5b,Qwen2.5 1.5B,2.559284417934463,2.553481017718692,2.5647059431905914,FP16,NPU,126.03083718130063,125.62724511425996,129.3132231150276,1490.9399246130151,1486.819405236742,1494.469551605921,3,npu_gpu_oracle,NPU prefill + iGPU decode · oracle,1.5,48.571490000000004,48.4244975,48.717301250000006,50.668234749999996,50.598343475,50.681439375,5483.789028,5470.867973,5499.028844500001
512.7420592796457,510.3932984950761,513.2228862710441,1024,iGPU,43.1229998117395,42.09350625683534,43.334353260390316,1390.0422509999999,1387.9118485,1400.9999685,10.791038897709017,10.707293359903568,10.807628278604277,1.0,1997.1055259999998,1995.236234,2006.3384234999999,65.03463419199078,63.088387584242376,65.397238369353,0.0,Qwen2.5,True,110.586364,107.9654845,111.99283550000001,0.0,False,measured,qwen25_3b,Qwen2.5 3B,8.011594676244464,7.974895288985564,8.019107597985064,FP16,iGPU,21.91163438025128,20.994881327407033,22.062885108962686,1660.4529404286563,1630.4933846355866,1697.0857346633275,3,gpu_full,Whole iGPU,3.0,90.976238,90.66058025000001,91.04845574999999,95.74199429999999,95.41095737499998,96.798083775,607.063275,594.2362655,618.426575
487.08810928674905,483.1400672766115,489.7764094975662,1024,NPU,30.241540385929476,30.07987703915596,30.399870734779622,1472.499178,1472.386358,1514.0101544999998,10.186762902220105,9.914916723458596,10.18754351163878,0.949967143267049,2102.289053,2090.812933,2119.60972,51.82984807263372,51.07475836656299,52.30109249696879,0.203042367861635,Qwen2.5,False,103.587636,103.343637,142.3081965,0.0,False,overhead_free_oracle,qwen25_3b,Qwen2.5 3B,7.610751707605454,7.5490635511970545,7.652756398399472,FP16,iGPU,21.91163438025128,20.994881327407033,22.062885108962686,1660.4529404286563,1630.4933846355866,1697.0857346633275,3,gpu_npu_oracle,iGPU prefill + NPU decode · oracle,3.0,97.750102,97.70124425,97.83212674999999,98.4875902,98.29367895,99.01323395,607.063275,594.2362655,618.426575
462.94000328706386,454.7061880095938,463.2915947193371,1024,NPU,30.241540385929476,30.07987703915596,30.399870734779622,1472.499178,1472.386358,1514.0101544999998,10.186762902220105,9.914916723458596,10.18754351163878,0.9028711316123569,2211.949697,2210.272324,2252.7423335,51.049921114854904,50.60905824675217,51.057816044193146,0.21503485413404744,Qwen2.5,False,103.587636,103.343637,142.3081965,0.0,True,measured,qwen25_3b,Qwen2.5 3B,7.233437551360373,7.104784187649903,7.238931167489643,FP16,NPU,20.491720031225135,20.370850858746067,20.65794530941352,1365.8280464846407,1364.5012113635582,1367.3977162352335,3,npu_full,Whole NPU,3.0,97.750102,97.70124425,97.83212674999999,98.4875902,98.29367895,99.01323395,738.013839,737.1676259999999,738.732179
481.5733156734379,478.92934672651717,481.7015360392026,1024,iGPU,43.1229998117395,42.09350625683534,43.334353260390316,1390.0422509999999,1387.9118485,1400.9999685,10.791038897709017,10.707293359903568,10.807628278604277,0.9392116502984035,2126.363664,2125.7978144999997,2138.1675944999997,63.372981498006496,62.6305823937698,63.70520411913638,0.025550273552379266,Qwen2.5,False,110.586364,107.9654845,111.99283550000001,0.0,False,overhead_free_oracle,qwen25_3b,Qwen2.5 3B,7.524583057397467,7.483271042601831,7.526586500612541,FP16,NPU,20.491720031225135,20.370850858746067,20.65794530941352,1365.8280464846407,1364.5012113635582,1367.3977162352335,3,npu_gpu_oracle,NPU prefill + iGPU decode · oracle,3.0,90.976238,90.66058025000001,91.04845574999999,95.74199429999999,95.41095737499998,96.798083775,738.013839,737.1676259999999,738.732179
727.0726149942805,725.5438326720061,733.3742421990551,2048,iGPU,44.037910885957885,43.51381434808664,44.24791144996723,1521.5263540000003,1521.4281465,1524.0231115000001,9.858521320098015,9.84239684144253,9.85915772427815,1.0,2816.7750480000004,2792.7776905,2822.722764,91.30615653603783,89.48061312461171,91.31300907224337,0.0,Qwen2.5,True,113.84433100000001,113.2854395,119.05460550000001,0.0,False,measured,qwen25_3b,Qwen2.5 3B,5.680254804642816,5.668311192750048,5.729486267180118,FP16,iGPU,46.848244522061265,45.756798212515726,47.06509762227614,1568.8106920415082,1561.555574394189,1602.2692557587686,3,gpu_full,Whole iGPU,3.0,99.86533,99.2980655,99.88143000000001,104.039077,103.99117665,104.07479005,1295.2486940000001,1268.754579,1301.2946175000002
725.3636541083213,724.3423142292802,725.8263632571832,2048,NPU,29.45873941343495,28.743222847982786,29.74625687573174,1528.162692,1526.103467,1552.858049,9.815708810668962,9.662051614427256,9.82897138692405,0.9976495320402452,2823.411386,2821.612628,2827.3980844999996,74.87595080459188,74.50002106049851,76.09583793255571,0.1799463076179434,Qwen2.5,False,134.185059,133.730439,157.284578,0.0,False,overhead_free_oracle,qwen25_3b,Qwen2.5 3B,5.66690354772126,5.6589243299162515,5.6705184629467436,FP16,iGPU,46.848244522061265,45.756798212515726,47.06509762227614,1568.8106920415082,1561.555574394189,1602.2692557587686,3,gpu_npu_oracle,iGPU prefill + NPU decode · oracle,3.0,99.4194085,99.33907400000001,99.550228,100.32548745,100.00277105,100.393350875,1295.2486940000001,1268.754579,1301.2946175000002
673.3848738937401,670.9894262949213,676.3158387916992,2048,NPU,29.45873941343495,28.743222847982786,29.74625687573174,1528.162692,1526.103467,1552.858049,9.815708810668962,9.662051614427256,9.82897138692405,0.9261590383225164,3041.351357,3028.2278589999996,3052.2479519999997,74.0294116716735,72.20316558915493,74.23449914619869,0.18921774302859118,Qwen2.5,False,134.185059,133.730439,157.284578,0.0,True,measured,qwen25_3b,Qwen2.5 3B,5.260819327294844,5.242104892929072,5.28371749056015,FP16,NPU,43.995637333644986,43.172425278875366,44.48824227046694,1362.7887796789769,1352.824214487296,1365.2972295643517,3,npu_full,Whole NPU,3.0,99.4194085,99.33907400000001,99.550228,100.32548745,100.00277105,100.393350875,1491.060119,1488.32563,1502.124392
679.8588365278691,677.3581368054959,679.890328270369,2048,iGPU,44.037910885957885,43.51381434808664,44.24791144996723,1521.5263540000003,1521.4281465,1524.0231115000001,9.858521320098015,9.84239684144253,9.85915772427815,0.9350631869599673,3012.390058,3012.250534,3023.5525385,87.9705650175043,87.3888451277933,88.00205661855358,0.03653194532634829,Qwen2.5,False,113.84433100000001,113.2854395,119.05460550000001,0.0,False,overhead_free_oracle,qwen25_3b,Qwen2.5 3B,5.311397160373978,5.291860443792936,5.311643189612258,FP16,NPU,43.995637333644986,43.172425278875366,44.48824227046694,1362.7887796789769,1352.824214487296,1365.2972295643517,3,npu_gpu_oracle,NPU prefill + iGPU decode · oracle,3.0,99.86533,99.2980655,99.88143000000001,104.039077,103.99117665,104.07479005,1491.060119,1488.32563,1502.124392
876.8859758392337,875.6457288420556,888.4147311662165,4096,iGPU,41.61464016584719,41.53019814672665,42.85032895261487,1430.1355159999998,1424.74451,1430.5531849999995,10.48851653020552,10.485455162324818,10.528354143165284,1.0,4671.074817999999,4611.2358619999995,4677.7002185,156.04669809514434,154.98019578291135,158.8095087872635,0.0,Qwen2.5,True,115.762957,115.3336545,119.953497,0.0,False,measured,qwen25_3b,Qwen2.5 3B,3.4253358431220065,3.42049112828928,3.470370043618033,FP16,iGPU,114.60094196753823,113.44999763618469,116.04362185376917,1259.2188538799617,1254.4233390183695,1283.1913430639618,3,gpu_full,Whole iGPU,3.0,92.687543,92.273866,92.77256249999999,100.3072394,98.29813765,100.356425,3240.103964,3180.682677,3252.5380395
843.946891305637,839.2756928816987,851.1201421379162,4096,NPU,30.782031961134198,30.596247476806816,31.669824624353048,1642.7416909999997,1628.0118475000002,1646.8706005000001,9.131076469404587,9.108240976025336,9.214446473562187,0.9624362968035017,4853.3859680000005,4812.823434000001,4880.549887,145.01140496001767,144.93403777621037,146.639869330576,0.07071788938717727,Qwen2.5,False,205.440954,193.873883,213.41842350000002,0.0,False,overhead_free_oracle,qwen25_3b,Qwen2.5 3B,3.2966675441626445,3.2784206753191354,3.3246880552262352,FP16,iGPU,114.60094196753823,113.44999763618469,116.04362185376917,1259.2188538799617,1254.4233390183695,1283.1913430639618,3,gpu_npu_oracle,iGPU prefill + NPU decode · oracle,3.0,102.098412,101.98185075,102.19718950000001,103.19750105,102.936983825,103.788693575,3240.103964,3180.682677,3252.5380395
791.831206974761,788.0202505582045,794.1395649859398,4096,NPU,30.782031961134198,30.596247476806816,31.669824624353048,1642.7416909999997,1628.0118475000002,1646.8706005000001,9.131076469404587,9.108240976025336,9.214446473562187,0.9030036159683477,5172.819616,5157.8271485000005,5197.9575355,131.26549072083276,131.13414926132015,131.75081211012662,0.15880635525656595,Qwen2.5,False,205.440954,193.873883,213.41842350000002,0.0,True,measured,qwen25_3b,Qwen2.5 3B,3.09309065224516,3.078204103742986,3.1021076757263275,FP16,NPU,100.59234480932811,99.65010912129449,101.0232231738072,1155.7818514728679,1148.9842086185654,1155.8678499210394,3,npu_full,Whole NPU,3.0,102.098412,101.98185075,102.19718950000001,103.19750105,102.936983825,103.788693575,3530.077925,3529.8153009999996,3551.0869350000003
825.719296441737,822.2769284821427,826.6445504624144,4096,iGPU,41.61464016584719,41.53019814672665,42.85032895261487,1430.1355159999998,1424.74451,1430.5531849999995,10.48851653020552,10.485455162324818,10.528354143165284,0.9416495635609555,4960.523530999999,4954.97748,4981.377495999999,142.0381009369342,141.18030726802112,143.78911010730152,0.08977182682628027,Qwen2.5,False,115.762957,115.3336545,119.953497,0.0,False,overhead_free_oracle,qwen25_3b,Qwen2.5 3B,3.225466001725535,3.21201925188337,3.229080275243806,FP16,NPU,100.59234480932811,99.65010912129449,101.0232231738072,1155.7818514728679,1148.9842086185654,1155.8678499210394,3,npu_gpu_oracle,NPU prefill + iGPU decode · oracle,3.0,92.687543,92.273866,92.77256249999999,100.3072394,98.29813765,100.356425,3530.077925,3529.8153009999996,3551.0869350000003
885.4299468098451,885.1146566899524,895.7496768679362,8192,iGPU,47.00718435008983,46.32170295571602,47.510705234558955,1545.6796530000001,1533.8569539999999,1547.1532425,9.70446882113418,9.695234573694833,9.779850182263372,1.0,9252.002408,9146.626189999999,9255.299274,318.80381272461636,316.7465021804097,321.3544898898683,0.0,Qwen2.5,True,131.406359,130.64529349999998,135.692465,0.0,False,measured,qwen25_3b,Qwen2.5 3B,1.7293553648629787,1.7287395638475633,1.7495110876326878,FP16,iGPU,270.7895866055883,269.2357969458508,274.5292660496832,1060.9469989685113,1058.8735899593285,1076.0768113839117,3,gpu_full,Whole iGPU,3.0,99.441204,98.57963075,99.513441,107.64871504999999,107.460514375,107.72995429999999,7706.322755,7599.4729475,7721.44232
864.6006953051458,863.0714018207941,872.6720282748306,8192,NPU,33.946561884203355,32.33718064269972,34.61702311699953,1771.969294999999,1770.270304499999,1790.2900224999994,8.465157969907148,8.37940825708966,8.473290083584455,0.9764755511379007,9474.894068999998,9388.063979499999,9491.712624499998,301.62856917031655,301.57297758855043,307.59249950694516,0.0538740217926309,Qwen2.5,False,250.5723,249.529976,269.1960525,0.0,False,overhead_free_oracle,qwen25_3b,Qwen2.5 3B,1.6886732330178629,1.6856863316812385,1.7044375552242785,FP16,iGPU,270.7895866055883,269.2357969458508,274.5292660496832,1060.9469989685113,1058.8735899593285,1076.0768113839117,3,gpu_npu_oracle,iGPU prefill + NPU decode · oracle,3.0,108.125211,108.08177275,108.156571,110.94088165,110.91701512499999,110.98606692499999,7706.322755,7599.4729475,7721.44232
769.4641418033639,768.1946853991192,771.4571795208947,8192,NPU,33.946561884203355,32.33718064269972,34.61702311699953,1771.969294999999,1770.270304499999,1790.2900224999994,8.465157969907148,8.37940825708966,8.473290083584455,0.8690288199260714,10646.370058,10618.9363375,10663.9925095,276.93145829420837,275.7152032005781,278.7892887981194,0.13134207546814203,Qwen2.5,False,250.5723,249.529976,269.1960525,0.0,True,measured,qwen25_3b,Qwen2.5 3B,1.502859651959695,1.5003802449201546,1.5067523037517474,FP16,NPU,243.77114870575178,242.70756132508222,245.23585306178947,921.4466493619024,921.3741459785514,924.0613990247903,3,npu_full,Whole NPU,3.0,108.125211,108.08177275,108.156571,110.94088165,110.91701512499999,110.98606692499999,8873.004211,8847.967757,8873.702487
787.9624107510581,787.0098957119808,789.0196553069318,8192,iGPU,47.00718435008983,46.32170295571602,47.510705234558955,1545.6796530000001,1533.8569539999999,1547.1532425,9.70446882113418,9.695234573694833,9.779850182263372,0.8899206691506683,10396.435018,10382.522987,10409.033030499999,291.78537482477986,289.53278516526734,292.74655829634844,0.0847494189888347,Qwen2.5,False,131.406359,130.64529349999998,135.692465,0.0,False,overhead_free_oracle,qwen25_3b,Qwen2.5 3B,1.5389890834981603,1.5371287025624625,1.5410540142713511,FP16,NPU,243.77114870575178,242.70756132508222,245.23585306178947,921.4466493619024,921.3741459785514,924.0613990247903,3,npu_gpu_oracle,NPU prefill + iGPU decode · oracle,3.0,99.441204,98.57963075,99.513441,107.64871504999999,107.460514375,107.72995429999999,8873.004211,8847.967757,8873.702487
260.75245999447395,260.27774358407356,261.5592795172896,1024,iGPU,86.79918936284363,85.74216183178399,87.05131822123104,2804.853869,2804.7814875000004,2808.821415,5.34787218891652,5.340328811433944,5.348010202163604,1.0,3927.0962200000004,3915.019744,3934.2718755,132.8522017517532,131.33742346136717,134.39923450420244,0.0,Qwen2.5,True,194.39052800000002,194.27981200000002,198.3308715,0.0,False,measured,qwen25_7b,Qwen2.5 7B,4.0742571874136555,4.066839743501149,4.08686374245765,FP16,iGPU,46.053012388909565,45.59526162958316,47.34791628297139,898.0858630919743,895.5907303191804,908.0219549834039,3,gpu_full,Whole iGPU,7.0,186.323086,186.13135925,186.55247525,187.25145110000003,186.6876767,187.75809557500003,1122.3871139999999,1110.2382564999998,1125.5228419999999
242.47208956107463,241.14167400118953,242.64069810864748,1024,NPU,52.346727874052846,51.74495114628571,54.25023546272402,3094.914167,3094.7110365,3133.4247405,4.8466610673536,4.787817592065784,4.846979213151203,0.9298937757527321,4223.166476,4220.2338785,4246.5955945000005,100.98954805108606,98.63511666993068,101.59815174569542,0.2398353454480604,Qwen2.5,False,213.00904400000002,212.45307200000002,246.69054150000002,0.0,True,overhead_free_oracle,qwen25_7b,Qwen2.5 7B,3.788626399391791,3.7678386562685864,3.791260907947617,FP16,iGPU,46.053012388909565,45.59526162958316,47.34791628297139,898.0858630919743,895.5907303191804,908.0219549834039,3,gpu_npu_oracle,iGPU prefill + NPU decode · oracle,7.0,205.83404,205.77235474999998,206.12990075,206.5551994,206.36039689999998,207.17913145,1122.3871139999999,1110.2382564999998,1125.5228419999999
205.28812655271398,203.9786309227805,205.49707062529035,1024,NPU,52.346727874052846,51.74495114628571,54.25023546272402,3094.914167,3094.7110365,3133.4247405,4.8466610673536,4.787817592065784,4.846979213151203,0.7872912361289499,4988.111184,4983.044554,5020.340609500001,104.30911227310798,102.39025491443726,105.18933223341892,0.21484844889496568,Qwen2.5,False,213.00904400000002,212.45307200000002,246.69054150000002,0.0,False,measured,qwen25_7b,Qwen2.5 7B,3.207626977386156,3.1871661081684453,3.2108917285201617,FP16,NPU,49.91580914233469,49.62201613979134,50.93909677069491,535.2978603368659,533.8081652392121,535.6435568612792,3,npu_full,Whole NPU,7.0,205.83404,205.77235474999998,206.12990075,206.5551994,206.36039689999998,207.17913145,1883.063757,1881.8492390000001,1888.3335175
218.4406177360475,218.00852157950575,218.49386490500473,1024,iGPU,86.79918936284363,85.74216183178399,87.05131822123104,2804.853869,2804.7814875000004,2808.821415,5.34787218891652,5.340328811433944,5.348010202163604,0.8377317619196262,4687.772863,4686.6307265,4697.0825509999995,136.71499850517833,135.36417797157532,137.99041499192595,-0.029075895638094984,Qwen2.5,False,194.39052800000002,194.27981200000002,198.3308715,0.0,False,overhead_free_oracle,qwen25_7b,Qwen2.5 7B,3.413134652125742,3.4063831496797774,3.413966639140699,FP16,NPU,49.91580914233469,49.62201613979134,50.93909677069491,535.2978603368659,533.8081652392121,535.6435568612792,3,npu_gpu_oracle,NPU prefill + iGPU decode · oracle,7.0,186.323086,186.13135925,186.55247525,187.25145110000003,186.6876767,187.75809557500003,1883.063757,1881.8492390000001,1888.3335175
399.4671220941392,397.44183146141114,402.4430246331002,2048,iGPU,86.60482368795958,86.54403195809756,88.02092407292153,2798.967763,2791.9427665000003,2802.1561045,5.359118528725976,5.353027761500256,5.372636984930659,1.0,5126.829936,5089.1973904999995,5153.089132499999,187.82896060698425,186.08959630468215,188.02331934598294,0.0,Qwen2.5,True,199.299217,197.535943,201.2887685,0.0,False,measured,qwen25_7b,Qwen2.5 7B,3.1208368913604625,3.1050143082922745,3.1440861299460954,FP16,iGPU,98.78065362709816,98.32382270062134,100.00239527306141,872.9039131132442,864.4209279957477,884.6911249767875,3,gpu_full,Whole iGPU,7.0,185.658828,184.875764,185.846622,186.86304305000002,186.3178438,187.170955575,2327.862173,2297.254624,2350.933028
372.3360851857694,370.8124795013037,373.1089320129022,2048,NPU,56.2966653795337,55.071985480478574,58.26919664207003,3172.544802,3172.1674315,3191.7825215000003,4.728065618031263,4.699739044758417,4.728628149741116,0.932081927628637,5500.406975,5489.0371455,5523.1004594999995,157.52080229855835,154.61754982706316,158.27159191513144,0.16136041114470667,Qwen2.5,False,262.7809,259.80020149999996,278.6357845,0.0,False,overhead_free_oracle,qwen25_7b,Qwen2.5 7B,2.9088756655138233,2.896972496103935,2.9149135313507983,FP16,iGPU,98.78065362709816,98.32382270062134,100.00239527306141,872.9039131132442,864.4209279957477,884.6911249767875,3,gpu_npu_oracle,iGPU prefill + NPU decode · oracle,7.0,208.02285700000002,207.901767,208.03618675,209.2143584,208.609963225,209.366780475,2327.862173,2297.254624,2350.933028
294.41761434710696,293.4802642549705,294.59558145213634,2048,NPU,56.2966653795337,55.071985480478574,58.26919664207003,3172.544802,3172.1674315,3191.7825215000003,4.728065618031263,4.699739044758417,4.728628149741116,0.7370258979103765,6956.105546,6951.9058545,6978.393921,157.51794815752865,157.41612531313348,162.6573135078748,0.1613756065704839,Qwen2.5,False,262.7809,259.80020149999996,278.6357845,0.0,True,measured,qwen25_7b,Qwen2.5 7B,2.300137612086773,2.292814564491957,2.301527980094815,FP16,NPU,103.67064257610521,102.34413983265489,105.6127967648599,536.9531182202691,536.5743433596591,537.6041281979026,3,npu_full,Whole NPU,7.0,208.02285700000002,207.901767,208.03618675,209.2143584,208.609963225,209.366780475,3784.315485,3779.738423,3786.98877
311.5027963022717,311.14636704516874,311.5134741136706,2048,iGPU,86.60482368795958,86.54403195809756,88.02092407292153,2798.967763,2791.9427665000003,2802.1561045,5.359118528725976,5.353027761500256,5.372636984930659,0.779795830678807,6574.579825,6574.3544745,6582.1198779999995,190.15388280434075,188.88817179075244,193.5729291079194,-0.012377868619638521,Qwen2.5,False,199.299217,197.535943,201.2887685,0.0,False,overhead_free_oracle,qwen25_7b,Qwen2.5 7B,2.4336155961114976,2.430830992540381,2.4336990165130516,FP16,NPU,103.67064257610521,102.34413983265489,105.6127967648599,536.9531182202691,536.5743433596591,537.6041281979026,3,npu_gpu_oracle,NPU prefill + iGPU decode · oracle,7.0,185.658828,184.875764,185.846622,186.86304305000002,186.3178438,187.170955575,3784.315485,3779.738423,3786.98877
488.51211749912517,488.44667300157835,493.3107617133511,4096,iGPU,89.51436478792222,89.01565000218648,89.62790710226865,2854.9520820000007,2854.68296,2855.3304425,5.254028638369279,5.253332518057384,5.254524002663129,1.0,8384.643601,8303.8683315,8385.7671675,320.48796452606746,317.6113090734332,321.2715341199631,0.0,Qwen2.5,True,209.129247,207.3933045,210.9861555,0.0,False,measured,qwen25_7b,Qwen2.5 7B,1.9082504589809577,1.9079948164124154,1.9269951629427777,FP16,iGPU,231.97102930961674,228.48211675690027,232.25588411777665,737.9359947373357,737.7356443602816,748.9497237643218,3,gpu_full,Whole iGPU,7.0,188.47727250000003,188.40073825000002,188.802173,190.72192264999998,190.219103625,191.32966362500002,5528.934798,5448.807011000001,5530.436725
463.49974318821296,462.6830044220927,467.16701920538037,4096,NPU,59.09135056654719,58.426419839359525,62.635880219149875,3330.77203,3319.475541,3333.6006774999996,4.503460418454397,4.49964235404687,4.518838452798773,0.9487988661592268,8837.11385,8768.282552,8852.740913499998,291.17361407593637,290.45306624886246,291.40285178421004,0.09146786679955576,Qwen2.5,False,330.0977,316.156475,332.4441515,0.0,True,overhead_free_oracle,qwen25_7b,Qwen2.5 7B,1.8105458718289569,1.8073554860237997,1.824871168771017,FP16,iGPU,231.97102930961674,228.48211675690027,232.25588411777665,737.9359947373357,737.7356443602816,748.9497237643218,3,gpu_npu_oracle,iGPU prefill + NPU decode · oracle,7.0,214.40785449999998,214.3305785,214.41199475,215.12930295,215.090931,215.477234925,5528.934798,5448.807011000001,5530.436725
351.7051022920916,351.33951940482234,351.86968882500855,4096,NPU,59.09135056654719,58.426419839359525,62.635880219149875,3330.77203,3319.475541,3333.6006774999996,4.503460418454397,4.49964235404687,4.518838452798773,0.7199516443780363,11646.120495,11640.675586,11658.251374,297.0032745093148,293.463646088685,297.54450137030153,0.07327791560435493,Qwen2.5,False,330.0977,316.156475,332.4441515,0.0,False,measured,qwen25_7b,Qwen2.5 7B,1.373848055828483,1.3724199976750873,1.3744909719726897,FP16,NPU,232.16252855588326,231.49269659672274,235.57845311031213,489.9693413393484,489.7664708099305,490.31413684737333,3,npu_full,Whole NPU,7.0,214.40785449999998,214.3305785,214.41199475,215.12930295,215.090931,215.477234925,8327.051625,8321.200045,8330.5022765
366.278078330661,366.1775043386084,366.4911951418228,4096,iGPU,89.51436478792222,89.01565000218648,89.62790710226865,2854.9520820000007,2854.68296,2855.3304425,5.254028638369279,5.253332518057384,5.254524002663129,0.7497829945463266,11182.760428,11176.261365499999,11185.832719000002,320.679463772334,320.62188891325565,324.5941031124986,-0.0005975239867421767,Qwen2.5,False,209.129247,207.3933045,210.9861555,0.0,False,overhead_free_oracle,qwen25_7b,Qwen2.5 7B,1.4307737434791445,1.430380876322689,1.4316062310227453,FP16,NPU,232.16252855588326,231.49269659672274,235.57845311031213,489.9693413393484,489.7664708099305,490.31413684737333,3,npu_gpu_oracle,NPU prefill + iGPU decode · oracle,7.0,188.47727250000003,188.40073825000002,188.802173,190.72192264999998,190.219103625,191.32966362500002,8327.051625,8321.200045,8330.5022765
495.6334444277145,475.5958651940599,497.919334381965,8192,iGPU,90.73110662146432,90.37310044848437,91.60280656391917,3003.313819000001,2998.7200885,3015.9008465000015,4.994483062377571,4.9737249486687,5.002145834896865,1.0,16528.343864,16452.810916000002,17255.337555,616.5810162520157,611.4555356138947,635.3122916265785,0.0,Qwen2.5,True,235.474582,235.0273355,249.6081695,0.0,False,measured,qwen25_7b,Qwen2.5 7B,0.9680340711478799,0.9288981742071483,0.9724986999647753,FP16,iGPU,526.5659219765113,520.2107352229555,544.9391911780941,604.0984634963498,574.9643291451038,608.2942150922063,3,gpu_full,Whole iGPU,7.0,196.93333750000002,196.81365750000003,197.04648200000003,200.4805697,199.683263125,200.726778025,13534.217505999999,13441.503799999999,14256.6174665
479.4822518429388,460.82962272897976,481.77565696697746,8192,NPU,63.42603255009427,62.03692961217753,64.35928274428575,3550.8778619999975,3549.189182,3562.6464129999986,4.22430750449732,4.21039922053839,4.226318357939814,0.9674130291925218,17085.095367999995,17004.150212999997,17805.806648499998,587.2137486507721,583.1809150293245,606.9761207902717,0.047629211453439124,Qwen2.5,False,402.618993,402.290937,415.835902,0.0,True,overhead_free_oracle,qwen25_7b,Qwen2.5 7B,0.9364887731307399,0.9000578568925386,0.9409680800136279,FP16,iGPU,526.5659219765113,520.2107352229555,544.9391911780941,604.0984634963498,574.9643291451038,608.2942150922063,3,gpu_npu_oracle,iGPU prefill + NPU decode · oracle,7.0,224.522828,224.4906115,224.76623325,225.88628919999996,225.71495657499997,226.15309994999998,13534.217505999999,13441.503799999999,14256.6174665
362.49185878054215,362.21315259659804,362.6111245029458,8192,NPU,63.42603255009427,62.03692961217753,64.35928274428575,3550.8778619999975,3549.189182,3562.6464129999986,4.22430750449732,4.21039922053839,4.226318357939814,0.7313708605743808,22599.128233000003,22591.697641500003,22616.530602,593.999688863384,589.3421377157467,598.0619848365291,0.036623455463964616,Qwen2.5,False,402.618993,402.290937,415.835902,0.0,False,measured,qwen25_7b,Qwen2.5 7B,0.7079919116807464,0.7074475636652305,0.708224852544816,FP16,NPU,528.7071559249067,526.3719579093777,533.7027020922433,429.14968292690077,428.7963053040074,429.6212280163815,3,npu_full,Whole NPU,7.0,224.522828,224.4906115,224.76623325,225.88628919999996,225.71495657499997,226.15309994999998,19051.627731,19030.7399085,19067.34142
371.4360331188454,371.2489461358507,371.5759354151222,8192,iGPU,90.73110662146432,90.37310044848437,91.60280656391917,3003.313819000001,2998.7200885,3015.9008465000015,4.994483062377571,4.9737249486687,5.002145834896865,0.7494168065024863,22054.941550000003,22046.640755,22066.061508500003,621.1816624312808,617.6167583003169,625.3055086561624,-0.007461543670661097,Qwen2.5,False,235.474582,235.0273355,249.6081695,0.0,False,overhead_free_oracle,qwen25_7b,Qwen2.5 7B,0.7254610021852449,0.7250955979215834,0.7257342488576606,FP16,NPU,528.7071559249067,526.3719579093777,533.7027020922433,429.14968292690077,428.7963053040074,429.6212280163815,3,npu_gpu_oracle,NPU prefill + iGPU decode · oracle,7.0,196.93333750000002,196.81365750000003,197.04648200000003,200.4805697,199.683263125,200.726778025,19051.627731,19030.7399085,19067.34142
1848.315681271787,1846.9700081255594,1862.9961499470407,1024,iGPU,11.180199123290265,10.942670984279324,11.419077495282808,290.838079,289.34018449999996,296.8528635,51.57508965667457,50.55083681256401,51.84347983357922,1.0,554.017915,549.686369,554.4218579999999,18.44812560932779,18.382492666778283,18.57965713222127,0.0,Llama 3.2,True,26.744857,26.58263,33.825262,0.0,True,measured,llama32_1b,Llama 3.2 1B,28.879932519871673,28.858906376961865,29.10931484292251,INT8,iGPU,7.530989531824492,7.160579636938465,7.57135320539244,3878.9682801990316,3863.02616240152,4050.9360137913927,3,gpu_full,Whole iGPU,1.0,18.413409499999997,18.299155999999996,18.457702749999996,20.2119091,20.00039235,20.694874624999997,263.98772199999996,253.23744849999997,265.08167349999997
154.94101770779295,151.99306748089924,155.0629914069733,1024,NPU,82.65446959669944,82.53672230742083,84.73198599346465,6342.790904,6338.6902795000005,6485.353295,2.3648895615556933,2.3140222412217213,2.3664204458913907,0.08382822224457963,6608.966529,6603.771953,6739.684695,90.18545912852393,90.10807551281327,91.89256563040311,-3.8885974130035263,Llama 3.2,False,426.685509,425.301371,565.0865205,0.0,False,overhead_free_oracle,llama32_1b,Llama 3.2 1B,2.420953401684265,2.3748916793890507,2.422859240733958,INT8,iGPU,7.530989531824492,7.160579636938465,7.57135320539244,3878.9682801990316,3863.02616240152,4050.9360137913927,3,gpu_npu_oracle,iGPU prefill + NPU decode · oracle,1.0,422.61769449999997,422.53853825,422.73424924999995,423.7127591,423.4190721,424.537054475,263.98772199999996,253.23744849999997,265.08167349999997
144.9491934540716,142.21223528462792,145.11419418244856,1024,NPU,82.65446959669944,82.53672230742083,84.73198599346465,6342.790904,6338.6902795000005,6485.353295,2.3648895615556933,2.3140222412217213,2.3664204458913907,0.07842231439292617,7064.544311000001,7056.5207605000005,7203.173627,93.00348856067706,92.81495745626297,95.5342685817652,-4.041351654373623,Llama 3.2,False,426.685509,425.301371,565.0865205,0.0,False,measured,llama32_1b,Llama 3.2 1B,2.264831147719869,2.2220661763223113,2.2674092841007587,INT8,NPU,10.584513542534843,10.278235148842146,10.920029877579168,1434.3593828475452,1426.563249622896,1434.3797744615345,3,npu_full,Whole NPU,1.0,422.61769449999997,422.53853825,422.73424924999995,423.7127591,423.4190721,424.537054475,713.907555,713.897406,717.830481
1014.2673973777843,1010.6965509379304,1016.7154103920554,1024,iGPU,11.180199123290265,10.942670984279324,11.419077495282808,290.838079,289.34018449999996,296.8528635,51.57508965667457,50.55083681256401,51.84347983357922,0.5487522546364418,1009.595697,1007.1706655,1013.175301,21.289656387803227,21.22090613312147,22.101579233851037,-0.154028156499471,Llama 3.2,False,26.744857,26.58263,33.825262,0.0,False,overhead_free_oracle,llama32_1b,Llama 3.2 1B,15.84792808402788,15.792133608405162,15.886178287375866,INT8,NPU,10.584513542534843,10.278235148842146,10.920029877579168,1434.3593828475452,1426.563249622896,1434.3797744615345,3,npu_gpu_oracle,NPU prefill + iGPU decode · oracle,1.0,18.413409499999997,18.299155999999996,18.457702749999996,20.2119091,20.00039235,20.694874624999997,713.907555,713.897406,717.830481
2409.1670840282,2401.0000274120825,2444.514503433125,2048,iGPU,11.145198178789066,11.125857435263782,11.486630063643524,303.82788400000015,301.0069850000001,311.3587990000001,49.370057160388875,48.204131488606215,49.837107607785285,1.0,850.086328,837.96938,852.9877855,27.20807276405998,26.898657584742573,27.443035165380355,0.0,Llama 3.2,True,30.187937,28.8149035,37.3917385,0.0,True,measured,llama32_1b,Llama 3.2 1B,18.821617843970312,18.757812714156895,19.09776955807129,INT8,iGPU,16.062874585270915,15.412027521099045,16.317177730116573,3710.8155498870033,3710.2740562113418,3875.2801711617967,3,gpu_full,Whole iGPU,1.0,19.085719,19.075528000000002,19.100710999999997,21.0000635,20.586709825,21.075576325,551.9002419999999,529.43148,551.9808005
294.95940363838065,291.83988343395856,295.048878464499,2048,NPU,80.02319534915698,79.5054676132751,82.21893291958816,6391.4281439999995,6389.24263,6488.9170845,2.346893317431936,2.3121556862997936,2.3476963740053467,0.12243210759180706,6943.328385999999,6941.2234305,7018.3485645,96.59467622411921,95.82264534339168,97.88526358553285,-2.5502211811089475,Llama 3.2,False,451.58689699999996,450.7800455,527.083588,0.0,False,overhead_free_oracle,llama32_1b,Llama 3.2 1B,2.304370340924849,2.2799990893278013,2.3050693630038985,INT8,iGPU,16.062874585270915,15.412027521099045,16.317177730116573,3710.8155498870033,3710.2740562113418,3875.2801711617967,3,gpu_npu_oracle,iGPU prefill + NPU decode · oracle,1.0,424.3415545,424.2614385,424.34514950000005,425.6856833,425.085469925,432.83270715,551.9002419999999,529.43148,551.9808005
261.66658527085457,258.6728333816848,261.8590111315664,2048,NPU,80.02319534915698,79.5054676132751,82.21893291958816,6391.4281439999995,6389.24263,6488.9170845,2.346893317431936,2.3121556862997936,2.3476963740053467,0.10861288409824202,7826.754027,7821.006797,7918.397659,103.26478887913437,102.66947794310894,105.96206866925979,-2.7953731517338545,Llama 3.2,False,451.58689699999996,450.7800455,527.083588,0.0,False,measured,llama32_1b,Llama 3.2 1B,2.0442701974285513,2.0208815107944127,2.0457735244653623,INT8,NPU,23.241593529977393,23.164010329833836,23.743135749671655,1438.3725256497587,1430.447079025936,1438.4716194437424,3,npu_full,Whole NPU,1.0,424.3415545,424.2614385,424.34514950000005,425.6856833,425.085469925,432.83270715,1423.831423,1423.7333445,1431.764167
1175.3059631891188,1174.9689767192515,1182.3043104272442,2048,iGPU,11.145198178789066,11.125857435263782,11.486630063643524,303.82788400000015,301.0069850000001,311.3587990000001,49.370057160388875,48.204131488606215,49.837107607785285,0.48784742701364314,1742.52498,1732.2712445000002,1743.0248875000002,34.34811022171589,34.28986776509761,35.21042506978989,-0.2624234917177748,Llama 3.2,False,30.187937,28.8149035,37.3917385,0.0,False,overhead_free_oracle,llama32_1b,Llama 3.2 1B,9.18207783741499,9.179445130619152,9.236752425212845,INT8,NPU,23.241593529977393,23.164010329833836,23.743135749671655,1438.3725256497587,1430.447079025936,1438.4716194437424,3,npu_gpu_oracle,NPU prefill + iGPU decode · oracle,1.0,19.085719,19.075528000000002,19.100710999999997,21.0000635,20.586709825,21.075576325,1423.831423,1423.7333445,1431.764167
2438.451770224692,2437.9480516596873,2491.016066951633,4096,iGPU,12.107412032394166,12.082700512133602,12.281021618163276,335.9100589999998,333.923678,343.9007365,44.654810411616765,43.64079820607067,44.9220339739037,1.0,1679.754363,1645.041441,1680.1014985000002,51.09383446723177,50.037858405050414,51.4328455386683,0.0,Llama 3.2,True,35.236171,35.073957,42.826071,0.0,True,measured,llama32_1b,Llama 3.2 1B,9.525202227440204,9.523234576795653,9.730531511529817,INT8,iGPU,38.98642243483761,37.75683678688714,39.350145026534705,3047.972140677392,3042.6978110617183,3151.4015302475964,3,gpu_full,Whole iGPU,1.0,20.984595000000002,20.9800365,21.01058975,23.338537,22.7509555,23.654719524999997,1343.8443040000002,1301.1407045,1346.1778205
521.8794517473498,520.9434663372515,522.6879517344547,4096,NPU,82.10007930326569,81.75270114266162,93.50469504605087,6500.044467,6490.256493,6559.208559999999,2.307676520699716,2.28704734258556,2.31116199057258,0.2140208217853171,7848.555804,7836.4343135,7862.6827809999995,121.81394692149749,121.10284616919633,131.6252544246351,-1.3841222368937869,Llama 3.2,False,505.005158,498.697211,569.4233975,0.0,False,overhead_free_oracle,llama32_1b,Llama 3.2 1B,2.038591608388085,2.0349354153798886,2.0417498114627137,INT8,iGPU,38.98642243483761,37.75683678688714,39.350145026534705,3047.972140677392,3042.6978110617183,3151.4015302475964,3,gpu_npu_oracle,iGPU prefill + NPU decode · oracle,1.0,427.974566,427.62454,428.1109125,429.16810995,428.961319925,429.50299077499994,1343.8443040000002,1301.1407045,1346.1778205
425.9339935568262,422.90996083528705,425.97441010901366,4096,NPU,82.10007930326569,81.75270114266162,93.50469504605087,6500.044467,6490.256493,6559.208559999999,2.307676520699716,2.28704734258556,2.31116199057258,0.17467394629567692,9616.513502,9615.601171499999,9685.771959,135.33533763991653,134.58419358670812,148.46751100445974,-1.648760639147405,Llama 3.2,False,505.005158,498.697211,569.4233975,0.0,False,measured,llama32_1b,Llama 3.2 1B,1.6638046623313523,1.65199203451284,1.6639625394883346,INT8,NPU,53.23525833665085,52.83149244404651,54.96281595840888,1306.103714137955,1305.9761333984509,1310.5908098611526,3,npu_full,Whole NPU,1.0,427.974566,427.62454,428.1109125,429.16810995,428.961319925,429.50299077499994,3136.0449830000002,3125.3446785,3136.3513730000004
1179.7387784262673,1176.9329208102977,1184.0813346987568,4096,iGPU,12.107412032394166,12.082700512133602,12.281021618163276,335.9100589999998,333.923678,343.9007365,44.654810411616765,43.64079820607067,44.9220339739037,0.48380648443891916,3471.955042,3459.2683564999998,3480.2521095,65.29324732852389,64.9141929561801,67.21912605631158,-0.27790853846365127,Llama 3.2,False,35.236171,35.073957,42.826071,0.0,False,overhead_free_oracle,llama32_1b,Llama 3.2 1B,4.608354603227607,4.597394221915225,4.625317713667019,INT8,NPU,53.23525833665085,52.83149244404651,54.96281595840888,1306.103714137955,1305.9761333984509,1310.5908098611526,3,npu_gpu_oracle,NPU prefill + iGPU decode · oracle,1.0,20.984595000000002,20.9800365,21.01058975,23.338537,22.7509555,23.654719524999997,3136.0449830000002,3125.3446785,3136.3513730000004
1988.0691480765815,1987.4422592786489,2033.0290424565997,8192,iGPU,14.206684258269078,14.046843364436,14.344268115721547,408.688713,405.76350000000025,410.52786849999984,36.702750829333525,36.53905668764847,36.96926810767188,1.0,4120.581021,4031.4270875,4121.881165000001,119.48730836315762,117.46483539301722,119.95076412834953,0.0,Llama 3.2,True,49.93038000000001,49.46034950000001,55.581068,0.0,True,measured,llama32_1b,Llama 3.2 1B,3.8829475548370733,3.881723162653611,3.970759848548046,INT8,iGPU,105.6003058925547,103.28040817112876,105.90392076391353,2206.9605797410436,2204.4540376616737,2263.8510898725035,3,gpu_full,Whole iGPU,1.0,24.9616125,24.867685,24.98739525,26.37905115,26.3627312,27.860835,3711.892308,3620.899219,3716.1176649999998
793.3741501187033,793.2262265620109,793.6449059196314,8192,NPU,85.62409995017836,84.30585849855109,85.95877005452535,6609.027948,6607.8060080000005,6702.3204965,2.269622721831468,2.2384645486907893,2.2700425065129566,0.39906768378065594,10325.519175000001,10321.9977755,10327.4450725,188.58792293947852,187.58626666967984,190.5444493668116,-0.5783092407295969,Llama 3.2,False,539.641592,538.22179,632.088639,0.0,False,overhead_free_oracle,llama32_1b,Llama 3.2 1B,1.5495588869505923,1.5492699737539275,1.55008770687428,INT8,iGPU,105.6003058925547,103.28040817112876,105.90392076391353,2206.9605797410436,2204.4540376616737,2263.8510898725035,3,gpu_npu_oracle,iGPU prefill + NPU decode · oracle,1.0,433.4452335,433.31528549999996,433.49800074999996,435.5378425,435.290865875,435.88724965,3711.892308,3620.899219,3716.1176649999998
557.3803503520974,553.8562883483963,557.5506066417292,8192,NPU,85.62409995017836,84.30585849855109,85.95877005452535,6609.027948,6607.8060080000005,6702.3204965,2.269622721831468,2.2384645486907893,2.2700425065129566,0.28036265785390413,14697.324717000001,14692.8380425,14791.439292000003,214.7099383051866,213.84583000285744,216.70079144973067,-0.7969267300977185,Llama 3.2,False,539.641592,538.22179,632.088639,0.0,False,measured,llama32_1b,Llama 3.2 1B,1.0886334967814402,1.0817505631804616,1.0889660285971274,INT8,NPU,129.9941046536045,129.53997150430638,131.19615454450346,1012.6155654590768,1012.5655133498194,1013.2809272703965,3,npu_full,Whole NPU,1.0,433.4452335,433.31528549999996,433.49800074999996,435.5378425,435.290865875,435.88724965,8089.9408220000005,8084.632121000001,8090.3407355
963.8294114926723,963.6662577001985,964.8104747128402,8192,iGPU,14.206684258269078,14.046843364436,14.344268115721547,408.688713,405.76350000000025,410.52786849999984,36.702750829333525,36.53905668764847,36.96926810767188,0.4848067847263556,8499.429362,8490.795534500001,8500.868604,143.8811071242074,143.72439872619483,145.24299790893946,-0.20415388960733583,Llama 3.2,False,49.93038000000001,49.46034950000001,55.581068,0.0,False,overhead_free_oracle,llama32_1b,Llama 3.2 1B,1.8824793193216256,1.8821606595707001,1.884395458423516,INT8,NPU,129.9941046536045,129.53997150430638,131.19615454450346,1012.6155654590768,1012.5655133498194,1013.2809272703965,3,npu_gpu_oracle,NPU prefill + iGPU decode · oracle,1.0,24.9616125,24.867685,24.98739525,26.37905115,26.3627312,27.860835,8089.9408220000005,8084.632121000001,8090.3407355
872.2931780097207,871.5922191384614,876.1360246866387,1024,iGPU,24.253813739334674,23.954024850542957,24.44876124628123,687.9688309999999,687.3611739999999,693.7463849999999,21.803313353886523,21.623233998116255,21.822605480762782,1.0,1173.91724,1168.7907715000001,1174.862097,40.668361802898225,40.511412785813704,40.88407979268366,0.0,Llama 3.2,True,52.738117,52.355517500000005,59.800734500000004,0.0,True,measured,llama32_3b,Llama 3.2 3B,13.629580906401886,13.618628424038459,13.68962538572873,INT8,iGPU,16.700227806977946,16.36244042832419,16.77310592505618,2101.962752263473,2100.509848509858,2154.0959503255035,3,gpu_full,Whole iGPU,3.0,45.1752095,45.16219325,45.20734775,46.2873215,45.944173425,46.336361849999996,487.163723,475.6520435,487.500923
23.829143327573803,23.8066344984072,23.85491374932131,1024,NPU,301.6228907995992,296.722526729547,306.32117689242455,42484.751614,42438.715697,42537.268908,0.3530678521151351,0.35263248556730753,0.35345126270440874,0.027317814615888527,42972.589737,42926.21662,43013.258151500006,318.4688748427336,313.1578452759494,323.0942828174807,-6.830875420706962,Llama 3.2,False,2850.05722,2826.3682120000003,2959.755029,0.0,False,overhead_free_oracle,llama32_3b,Llama 3.2 3B,0.37233036449334067,0.3719786640376125,0.37273302733314545,INT8,iGPU,16.700227806977946,16.36244042832419,16.77310592505618,2101.962752263473,2100.509848509858,2154.0959503255035,3,gpu_npu_oracle,iGPU prefill + NPU decode · oracle,3.0,2830.874669,2829.25475775,2831.20112025,2835.7897153,2835.58684305,2836.6161079,487.163723,475.6520435,487.500923
22.29964058711949,22.27789377783925,22.32600520602792,1024,NPU,301.6228907995992,296.722526729547,306.32117689242455,42484.751614,42438.715697,42537.268908,0.3530678521151351,0.35263248556730753,0.35345126270440874,0.025564387237327433,45920.022612,45865.859948,45964.891743,340.50019084505726,335.07231499000477,348.07864956227036,-7.372606511550991,Llama 3.2,False,2850.05722,2826.3682120000003,2959.755029,0.0,False,measured,llama32_3b,Llama 3.2 3B,0.34843188417374205,0.3480920902787383,0.34884383134418623,INT8,NPU,38.87730004545805,38.3497882604578,41.757472669845825,299.41742211826534,298.75081000797377,299.4593336871237,3,npu_full,Whole NPU,3.0,2830.874669,2829.25475775,2831.20112025,2835.7897153,2835.58684305,2836.6161079,3419.974672,3419.496088,3427.622835
248.57393986386757,248.46116819198846,248.98949167054195,1024,iGPU,24.253813739334674,23.954024850542957,24.44876124628123,687.9688309999999,687.3611739999999,693.7463849999999,21.803313353886523,21.623233998116255,21.822605480762782,0.2849660482626146,4119.498611,4112.634816,4121.3692200000005,63.131113784792724,62.79854950673902,65.71149752038879,-0.5523397301017838,Llama 3.2,False,52.738117,52.355517500000005,59.800734500000004,0.0,False,overhead_free_oracle,llama32_3b,Llama 3.2 3B,3.8839678103729307,3.8822057529998197,3.890460807352218,INT8,NPU,38.87730004545805,38.3497882604578,41.757472669845825,299.41742211826534,298.75081000797377,299.4593336871237,3,npu_gpu_oracle,NPU prefill + iGPU decode · oracle,3.0,45.1752095,45.16219325,45.20734775,46.2873215,45.944173425,46.336361849999996,3419.974672,3419.496088,3427.622835
1141.3472900668337,1140.3130816664893,1154.4029932206479,2048,iGPU,24.8592848479773,24.118939485093613,24.958238673354064,713.6213320000002,712.4621825,718.6654295000001,21.019551024295893,20.8730493398255,21.053804782440682,1.0,1794.370581,1774.3041155,1795.9994649999999,60.94014955563495,60.78808184951639,61.88337100008061,0.0,Llama 3.2,True,57.002985,56.7772165,63.82611849999999,0.0,True,measured,llama32_3b,Llama 3.2 3B,8.916775703647138,8.908695950519448,9.018773384536312,INT8,iGPU,37.257420021187905,36.66914236442278,37.51340998349167,1890.925458695398,1890.1060609323322,1939.1279939297117,3,gpu_full,Whole iGPU,3.0,46.5080115,46.47394425,46.526689250000004,47.9484357,47.744698125,48.56285844999999,1083.067548,1056.7978355,1083.5372825
47.04388615835407,46.96456266456367,47.04549719621433,2048,NPU,274.79211331423846,273.71352470517377,281.14064308683504,42450.750919,42448.7904525,42550.673974,0.35335063986550913,0.35252279974412565,0.35336695986142963,0.0412178541691717,43533.818467,43532.327735,43607.4718095,310.87297802189613,310.38266706959655,318.0657754135616,-4.101283477128431,Llama 3.2,False,2918.461713,2917.308137,3001.4059695,0.0,False,overhead_free_oracle,llama32_3b,Llama 3.2 3B,0.36753036061214117,0.3669106458169037,0.36754294684542443,INT8,iGPU,37.257420021187905,36.66914236442278,37.51340998349167,1890.925458695398,1890.1060609323322,1939.1279939297117,3,gpu_npu_oracle,iGPU prefill + NPU decode · oracle,3.0,2836.9836045,2836.511342,2838.0564165,2843.7776596,2842.9972391,2845.161547975,1083.067548,1056.7978355,1083.5372825
41.40857044639844,41.326518136631435,41.431137512610555,2048,NPU,274.79211331423846,273.71352470517377,281.14064308683504,42450.750919,42448.7904525,42550.673974,0.35335063986550913,0.35252279974412565,0.35336695986142963,0.036280429985489936,49458.360381,49431.435644,49556.753526,353.2761936063624,349.03270741656024,360.9001598007682,-4.797100863427337,Llama 3.2,False,2918.461713,2917.308137,3001.4059695,0.0,False,measured,llama32_3b,Llama 3.2 3B,0.32350445661248783,0.3228634229424331,0.32368076181726996,INT8,NPU,78.48408029212395,75.3191827113865,79.75951671393318,292.38139561749716,292.3175625481181,293.366173606915,3,npu_full,Whole NPU,3.0,2836.9836045,2836.511342,2838.0564165,2843.7776596,2842.9972391,2845.161547975,7004.549642,6981.1152815000005,7006.079551999999
265.3223496608637,265.1619072214369,266.1456819230244,2048,iGPU,24.8592848479773,24.118939485093613,24.958238673354064,713.6213320000002,712.4621825,718.6654295000001,21.019551024295893,20.8730493398255,21.053804782440682,0.23246416929357872,7718.912495,7695.107373999999,7723.585832,103.34336514010124,99.43812219648011,104.71775538728724,-0.695817386298905,Llama 3.2,False,57.002985,56.7772165,63.82611849999999,0.0,False,overhead_free_oracle,llama32_3b,Llama 3.2 3B,2.072830856725498,2.0715774001674756,2.0792631400236283,INT8,NPU,78.48408029212395,75.3191827113865,79.75951671393318,292.38139561749716,292.3175625481181,293.366173606915,3,npu_gpu_oracle,NPU prefill + iGPU decode · oracle,3.0,46.5080115,46.47394425,46.526689250000004,47.9484357,47.744698125,48.56285844999999,7004.549642,6981.1152815000005,7006.079551999999
1214.561620160061,1212.5543450669154,1229.8529554076179,4096,iGPU,26.49672504130743,25.806188019628536,26.572725878678575,772.3741299999997,770.5723764999998,776.3561089999998,19.420640098341977,19.321538718789483,19.466155893590347,1.0,3372.410203,3330.9943965,3378.0021829999996,113.35277626691649,113.05466711862744,114.17480194906693,0.0,Llama 3.2,True,65.727141,65.725774,72.0063855,0.0,True,measured,llama32_3b,Llama 3.2 3B,4.744381328750238,4.736540410417638,4.804113107061007,INT8,iGPU,88.23712526896685,87.17247826162775,88.3686139294384,1573.1824141342943,1570.898915386571,1602.7744299856492,3,gpu_full,Whole iGPU,3.0,49.944578500000006,49.91068725,50.120022250000005,51.33547565,51.27819735,51.438525874999996,2603.63958,2556.440041,2607.4298065000003
90.26814980107622,90.18899267618676,90.40861210413425,4096,NPU,297.7024065757855,288.2023139840384,306.57346925922457,42772.27661,42749.0877355,42808.3469275,0.3506944495092191,0.3503992031048404,0.3508847839385537,0.07432158920778366,45375.91619,45305.52777650001,45415.776734,385.93953184475237,375.3747922456662,394.942083188663,-2.404764704977005,Llama 3.2,False,2998.536246,2988.9530585,3071.8704855,0.0,False,overhead_free_oracle,llama32_3b,Llama 3.2 3B,0.352609960160454,0.3523007526413545,0.3531586410317744,INT8,iGPU,88.23712526896685,87.17247826162775,88.3686139294384,1573.1824141342943,1570.898915386571,1602.7744299856492,3,gpu_npu_oracle,iGPU prefill + NPU decode · oracle,3.0,2845.4285315,2840.03604,2846.2793485,2852.19302925,2851.039438975,2852.9348050500003,2603.63958,2556.440041,2607.4298065000003
71.32314134437026,71.25147864062563,71.33880457862318,4096,NPU,297.7024065757855,288.2023139840384,306.57346925922457,42772.27661,42749.0877355,42808.3469275,0.3506944495092191,0.3503992031048404,0.3508847839385537,0.0587233617138099,57428.766075,57416.159713500005,57486.584441,464.82883934810866,454.4506929341916,475.4216207968001,-3.100727433914427,Llama 3.2,False,2998.536246,2988.9530585,3071.8704855,0.0,False,measured,llama32_3b,Llama 3.2 3B,0.2786060208764463,0.2783260884399439,0.2786672053852468,INT8,NPU,167.1264327723231,166.24837895015315,168.84815153757546,278.6397294558105,278.6124238044032,279.29397882015576,3,npu_full,Whole NPU,3.0,2845.4285315,2840.03604,2846.2793485,2852.19302925,2851.039438975,2852.9348050500003,14699.985562,14665.631152,14701.426388
264.73014340002976,264.63742487584307,265.35167566686573,4096,iGPU,26.49672504130743,25.806188019628536,26.572725878678575,772.3741299999997,770.5723764999998,776.3561089999998,19.420640098341977,19.321538718789483,19.466155893590347,0.21796353433689292,15472.359692,15436.2035285,15477.782497,192.24208377027276,192.13056780715283,194.65433955720397,-0.6959627289374222,Llama 3.2,False,65.727141,65.725774,72.0063855,0.0,False,overhead_free_oracle,llama32_3b,Llama 3.2 3B,1.0341021226563663,1.033739940921262,1.0365299830736943,INT8,NPU,167.1264327723231,166.24837895015315,168.84815153757546,278.6397294558105,278.6124238044032,279.29397882015576,3,npu_gpu_oracle,NPU prefill + iGPU decode · oracle,3.0,49.944578500000006,49.91068725,50.120022250000005,51.33547565,51.27819735,51.438525874999996,14699.985562,14665.631152,14701.426388
1006.1666319324237,1005.4658552238302,1014.1966140637978,8192,iGPU,29.520584977424733,29.440697110141627,29.84937134320998,882.3320090000007,882.198566,902.7428590000004,17.000403302834275,16.6245258315413,17.00297520456668,1.0,8141.7925620000005,8077.8356575,8147.471082,269.40745113748727,265.76261624140443,269.8869183300425,0.0,Llama 3.2,True,83.814453,83.1311555,97.09890999999999,0.0,True,measured,llama32_3b,Llama 3.2 3B,1.965169202993015,1.9638004984840434,1.9808527618433551,INT8,iGPU,239.88686616006254,236.3219191312628,240.0375469868325,1128.4585046218929,1127.5564990001951,1141.8852712064945,3,gpu_full,Whole iGPU,3.0,56.826949,56.778890499999996,57.103161,58.28485109999999,58.271497675,59.770130374999994,7259.460553,7175.0927985,7265.272516
163.04753590353593,163.0418814317582,163.24578664962772,8192,NPU,302.37448968413696,299.1548825732391,306.2346860350367,42971.93179599999,42916.80109249999,43063.85405699999,0.34906506114757124,0.3483215488673066,0.34951404510488515,0.16204824402732382,50243.01627499999,50182.07360849999,50244.75881849999,542.2613558441994,535.4768017045019,546.2722330218692,-1.0127927180732135,Llama 3.2,False,3135.699234,3130.3888644999997,3211.2036725,0.0,False,overhead_free_oracle,llama32_3b,Llama 3.2 3B,0.3184522185615936,0.31844117467140276,0.31883942705005414,INT8,iGPU,239.88686616006254,236.3219191312628,240.0375469868325,1128.4585046218929,1127.5564990001951,1141.8852712064945,3,gpu_npu_oracle,iGPU prefill + NPU decode · oracle,3.0,2852.4327359999997,2851.8127354999997,2853.1290265,2859.5084878,2859.41932465,2860.4554501499997,7259.460553,7175.0927985,7265.272516
110.05658251509857,109.92643775892628,110.35356617473656,8192,NPU,302.37448968413696,299.1548825732391,306.2346860350367,42971.93179599999,42916.80109249999,43063.85405699999,0.34906506114757124,0.3483215488673066,0.34951404510488515,0.10938206358893662,74434.439202,74234.65879249999,74522.668519,673.931472757231,666.5306452112704,686.5924446637507,-1.5015324183194254,Llama 3.2,False,3135.699234,3130.3888644999997,3211.2036725,0.0,False,measured,llama32_3b,Llama 3.2 3B,0.2149542627248019,0.2147000737479029,0.21553430893503234,INT8,NPU,377.9961972948897,367.3757626380314,383.5773657396119,260.43453671963016,260.4039679493996,261.6121508110652,3,npu_full,Whole NPU,3.0,2852.4327359999997,2851.8127354999997,2853.1290265,2859.5084878,2859.41932465,2860.4554501499997,31455.121518,31314.164756,31458.814462000002
253.27278611133562,253.1409696979831,254.4146179620854,8192,iGPU,29.520584977424733,29.440697110141627,29.84937134320998,882.3320090000007,882.198566,902.7428590000004,17.000403302834275,16.6245258315413,17.00297520456668,0.25172051832498654,32344.572529,32200.056266,32361.423878,407.35700653774825,396.81645974817303,413.3468492155388,-0.5120480328877797,Llama 3.2,False,83.814453,83.1311555,97.09890999999999,0.0,False,overhead_free_oracle,llama32_3b,Llama 3.2 3B,0.4946734103737024,0.49441595644137326,0.49690355070719805,INT8,NPU,377.9961972948897,367.3757626380314,383.5773657396119,260.43453671963016,260.4039679493996,261.6121508110652,3,npu_gpu_oracle,NPU prefill + iGPU decode · oracle,3.0,56.826949,56.778890499999996,57.103161,58.28485109999999,58.271497675,59.770130374999994,31455.121518,31314.164756,31458.814462000002
591.9505999003403,586.7218173009342,592.095359399164,1024,iGPU,38.34903646387363,38.348801672629,39.090005092064246,1538.3147370000002,1538.0785345000002,1554.7361805,9.75093044304626,9.649015555006411,9.752428122034573,1.0,1729.8740810000002,1729.4512530000002,1745.4291005,43.47283453117255,43.46314460176121,44.08384408151424,0.0,Qwen2.5,True,112.47704399999999,108.7933165,122.70257649999999,0.0,False,measured,qwen25_0_5b,Qwen2.5 0.5B,9.249228123442817,9.167528395327096,9.251489990611937,INT8,iGPU,5.10488779096549,4.984383851283274,5.114342929132206,5356.038108901572,5350.820022071556,5375.218922692572,3,gpu_full,Whole iGPU,0.5,102.03363500000002,101.88605075000001,102.17951025000002,103.50863495000002,102.87046355000001,104.667836875,191.186093,190.50629450000002,191.3727185
503.44857430657373,484.3369534173528,504.5180261744134,1024,NPU,33.08889040242724,32.379766931392375,33.88204248883399,1842.4120529999998,1838.2962885,1926.8347399999998,8.141501232352175,7.799761084610767,8.159770154800302,0.8504908591888131,2033.9713969999998,2029.669007,2117.5276599999997,38.21268846972616,37.373605920842365,38.996385417966195,0.12099846072090281,Qwen2.5,False,125.125971,123.973172,187.21273150000002,0.0,False,overhead_free_oracle,qwen25_0_5b,Qwen2.5 0.5B,7.866383973540215,7.567764897146137,7.88309415897521,INT8,iGPU,5.10488779096549,4.984383851283274,5.114342929132206,5356.038108901572,5350.820022071556,5375.218922692572,3,gpu_npu_oracle,iGPU prefill + NPU decode · oracle,0.5,122.66817250000001,122.42342925,122.78753225,124.22495264999999,123.41881755,131.438159275,191.186093,190.50629450000002,191.3727185
477.51122551948475,460.17311641754765,478.63679470025926,1024,NPU,33.08889040242724,32.379766931392375,33.88204248883399,1842.4120529999998,1838.2962885,1926.8347399999998,8.141501232352175,7.799761084610767,8.159770154800302,0.8066741136842798,2144.4522039999997,2139.4211105,2228.4129245,36.60096677474742,35.96650650335095,37.74793042993846,0.15807268678322783,Qwen2.5,False,125.125971,123.973172,187.21273150000002,0.0,True,measured,qwen25_0_5b,Qwen2.5 0.5B,7.461112898741949,7.190204944024182,7.478699917191551,INT8,NPU,3.6614027715969732,3.586739571958576,3.940551140742862,3400.680331339709,3395.4790348064944,3405.8158815893376,3,npu_full,Whole NPU,0.5,122.66817250000001,122.42342925,122.78753225,124.22495264999999,123.41881755,131.438159275,301.116218,300.6628555,301.5781845
556.4144213037241,551.6714809495613,556.7630125264909,1024,iGPU,38.34903646387363,38.348801672629,39.090005092064246,1538.3147370000002,1538.0785345000002,1554.7361805,9.75093044304626,9.649015555006411,9.752428122034573,0.939967661824147,1840.354888,1839.2033565000002,1856.3143650000002,42.56826639127312,42.21468961373347,43.03032144156248,0.0208076641345023,Qwen2.5,False,112.47704399999999,108.7933165,122.70257649999999,0.0,False,overhead_free_oracle,qwen25_0_5b,Qwen2.5 0.5B,8.69397533287069,8.619866889836896,8.69942207072642,INT8,NPU,3.6614027715969732,3.586739571958576,3.940551140742862,3400.680331339709,3395.4790348064944,3405.8158815893376,3,npu_gpu_oracle,NPU prefill + iGPU decode · oracle,0.5,102.03363500000002,101.88605075000001,102.17951025000002,103.50863495000002,102.87046355000001,104.667836875,301.116218,300.6628555,301.5781845
946.8601969079463,941.1267905666725,948.6945804578837,2048,iGPU,43.70626922509768,43.19768118459939,44.65181024046901,1747.0002389999997,1741.7258315,1758.5197285,8.58614650710417,8.53026750536894,8.612226612143242,1.0,2162.9381049999997,2158.763947,2176.195632,56.24120070572501,55.62630436091542,57.304429153382465,0.0,Qwen2.5,True,128.845546,125.5761925,137.0937925,0.0,False,measured,qwen25_0_5b,Qwen2.5 0.5B,7.39734528834333,7.352553051302129,7.4116764098272165,INT8,iGPU,12.53493148062733,12.428623176316034,12.652618912913454,4897.900244097429,4890.452179797434,4910.856295313546,3,gpu_full,Whole iGPU,0.5,115.39471800000001,115.26168825000002,115.52230600000001,116.75825475,116.54122175,117.446120925,418.138365,417.0381155,418.776153
891.627531365282,873.6392196958175,896.6839438055094,2048,NPU,33.146950630650444,31.944955711264306,33.24617538020925,1878.7848769999998,1867.0053755,1926.4352059999999,7.983883723798997,7.79116933559658,8.034576295317281,0.9416675600864506,2296.923242,2284.043491,2345.211359,45.469265502655176,44.37357888758034,45.79248598881141,0.19153103183967612,Qwen2.5,False,157.406397,146.956151,205.170974,0.0,False,overhead_free_oracle,qwen25_0_5b,Qwen2.5 0.5B,6.965840088791266,6.825306403873574,7.0053433109805425,INT8,iGPU,12.53493148062733,12.428623176316034,12.652618912913454,4897.900244097429,4890.452179797434,4910.856295313546,3,gpu_npu_oracle,iGPU prefill + NPU decode · oracle,0.5,122.98645350000001,122.953483,122.99710275000001,123.68673765,123.604651225,124.172926725,418.138365,417.0381155,418.776153
833.1825430914985,817.0301735428118,837.3458777237236,2048,NPU,33.146950630650444,31.944955711264306,33.24617538020925,1878.7848769999998,1867.0053755,1926.4352059999999,7.983883723798997,7.79116933559658,8.034576295317281,0.8799425150749054,2458.044779,2445.8836965,2507.6194425,41.849449395371344,40.802764494193724,42.36593133504783,0.2558933865167048,Qwen2.5,False,157.406397,146.956151,205.170974,0.0,True,measured,qwen25_0_5b,Qwen2.5 0.5B,6.509238617902332,6.383048230803217,6.54176466971659,INT8,NPU,9.013118801137932,8.857808782929418,9.275065973047097,3535.5459491135293,3523.878185364925,3537.878023031195,3,npu_full,Whole NPU,0.5,122.98645350000001,122.953483,122.99710275000001,123.68673765,123.604651225,124.172926725,579.259902,578.8783209999999,581.1842365
880.6719675381701,875.4977720710266,882.5327241412051,2048,iGPU,43.70626922509768,43.19768118459939,44.65181024046901,1747.0002389999997,1741.7258315,1758.5197285,8.58614650710417,8.53026750536894,8.612226612143242,0.9300971467742337,2325.4969789999996,2320.6041525,2339.322384,52.719388026235606,52.0554899675288,53.92687621351611,0.06261979892493474,Qwen2.5,False,128.845546,125.5761925,137.0937925,0.0,False,overhead_free_oracle,qwen25_0_5b,Qwen2.5 0.5B,6.880249746391954,6.839826344304895,6.894786907353165,INT8,NPU,9.013118801137932,8.857808782929418,9.275065973047097,3535.5459491135293,3523.878185364925,3537.878023031195,3,npu_gpu_oracle,NPU prefill + iGPU decode · oracle,0.5,115.39471800000001,115.26168825000002,115.52230600000001,116.75825475,116.54122175,117.446120925,579.259902,578.8783209999999,581.1842365
1317.086196611922,1317.0177493582594,1318.2730050174496,4096,iGPU,53.91603257668179,53.3350368532716,54.34335373793914,2094.5683639999997,2086.7203689999997,2094.9938935,7.161380004496238,7.159925699730723,7.188415081382775,1.0,3109.8951689999994,3107.0979259999995,3110.056803,85.55769092996853,85.14753747029616,86.2821514646483,0.0,Qwen2.5,False,155.106085,153.09507100000002,158.802334,0.0,False,measured,qwen25_0_5b,Qwen2.5 0.5B,5.144867955515321,5.144600583430701,5.149503925849412,INT8,iGPU,30.821351433941977,30.80418373235701,32.53696115170432,4036.2672248319705,4004.510644943186,4046.3939359324795,3,gpu_full,Whole iGPU,0.5,138.08573299999998,137.41573275,138.3203495,140.1311981,138.945521075,140.75229977499998,1014.799014,1012.2656665000001,1022.9109045
1400.4016849147583,1363.2329003345044,1400.5340257641615,4096,NPU,31.50176481575031,30.966361608967247,34.38295111592522,1914.590059,1912.333066,1986.2036759999999,7.834575307381766,7.561926089528928,7.843832834805248,1.0632574303163735,2924.875087,2924.5987325,3006.8575874999997,62.28878084652236,61.77054534132426,66.90274456604457,0.2719674856874347,Qwen2.5,True,153.323608,152.62819000000002,218.3167595,0.0,False,overhead_free_oracle,qwen25_0_5b,Qwen2.5 0.5B,5.470319081698275,5.325128516931658,5.470836038141256,INT8,iGPU,30.821351433941977,30.80418373235701,32.53696115170432,4036.2672248319705,4004.510644943186,4046.3939359324795,3,gpu_npu_oracle,iGPU prefill + NPU decode · oracle,0.5,125.669853,125.64463825,125.81273800000001,126.34852935000002,126.26797892500002,129.3148892,1014.799014,1012.2656665000001,1022.9109045
1273.7216251006848,1246.4286644399651,1274.4482653124437,4096,NPU,31.50176481575031,30.966361608967247,34.38295111592522,1914.590059,1912.333066,1986.2036759999999,7.834575307381766,7.561926089528928,7.843832834805248,0.9670753731815059,3215.7733049999997,3213.9408425,3287.7652694999997,54.825660988189355,53.887957645863395,59.07707001251475,0.35919657961473317,Qwen2.5,False,153.323608,152.62819000000002,218.3167595,0.0,True,measured,qwen25_0_5b,Qwen2.5 0.5B,4.97547509804955,4.868861970468614,4.978313536376733,INT8,NPU,23.323896172439046,22.921596036896155,24.69411889658953,3146.0744624317504,3141.547870441922,3151.4349824103265,3,npu_full,Whole NPU,0.5,125.669853,125.64463825,125.81273800000001,126.34852935000002,126.26797892500002,129.3148892,1301.939941,1299.729131,1303.8185865
1207.5163108633824,1205.913332023245,1209.5297301841335,4096,iGPU,53.91603257668179,53.3350368532716,54.34335373793914,2094.5683639999997,2086.7203689999997,2094.9938935,7.161380004496238,7.159925699730723,7.188415081382775,0.9168088724713708,3392.0866849999998,3386.4494999999997,3396.60167,78.09457107163553,77.26494977483529,78.45647691111847,0.0872290939272985,Qwen2.5,False,155.106085,153.09507100000002,158.802334,0.0,False,overhead_free_oracle,qwen25_0_5b,Qwen2.5 0.5B,4.7168605893100874,4.710598953215801,4.724725508531772,INT8,NPU,23.323896172439046,22.921596036896155,24.69411889658953,3146.0744624317504,3141.547870441922,3151.4349824103265,3,npu_gpu_oracle,NPU prefill + iGPU decode · oracle,0.5,138.08573299999998,137.41573275,138.3203495,140.1311981,138.945521075,140.75229977499998,1301.939941,1299.729131,1303.8185865
1482.0536033275728,1478.8172655612611,1485.651475535745,8192,iGPU,71.23705548602992,71.21516101320617,71.50273955181882,2809.01415,2801.2955195,2818.0058585,5.339951740720139,5.32296718791503,5.354705984477219,1.0,5527.465391,5514.111607,5539.588579,155.88492834283576,155.62323133226414,156.8230222351189,0.0,Qwen2.5,False,209.07430699999998,209.06435749999997,222.267091,0.0,False,measured,qwen25_0_5b,Qwen2.5 0.5B,2.8946359439991656,2.888314971799338,2.901663038155752,INT8,iGPU,84.64787285680585,84.12049178044532,85.60786122191274,3013.4805717488316,3010.017216717291,3019.7533056388347,3,gpu_full,Whole iGPU,0.5,184.917841,184.6042835,184.92530675,186.52203065,186.258611825,187.85268235,2718.4512409999998,2712.8160875,2721.5827205
1744.48435407407,1721.8893189005407,1745.9694345820556,8192,NPU,29.595136196256604,29.55486309755032,31.679049345808153,1980.780858,1979.1365690000002,2038.4457215,7.572771081373202,7.36444103721948,7.579067856493165,1.177072374546559,4695.943521,4691.9526565,4758.384153000001,114.16246285564989,113.67535487799563,117.24663746901462,0.2676491302316679,Qwen2.5,True,192.054117,191.318438,236.890466,0.0,False,overhead_free_oracle,qwen25_0_5b,Qwen2.5 0.5B,3.407196004050918,3.3630650759776186,3.4100965519180773,INT8,iGPU,84.64787285680585,84.12049178044532,85.60786122191274,3013.4805717488316,3010.017216717291,3019.7533056388347,3,gpu_npu_oracle,iGPU prefill + NPU decode · oracle,0.5,127.69753750000001,127.65766675,127.734871,128.4223455,128.230271025,133.1644411,2718.4512409999998,2712.8160875,2721.5827205
1408.4299782456487,1397.5618512513856,1411.3069733143584,8192,NPU,29.595136196256604,29.55486309755032,31.679049345808153,1980.780858,1979.1365690000002,2038.4457215,7.572771081373202,7.36444103721948,7.579067856493165,0.9503232373534797,5816.405591000001,5804.572781000001,5861.991313,93.56693188233535,92.95200264588127,97.16393654665501,0.39976922158533,Qwen2.5,False,192.054117,191.318438,236.890466,0.0,True,measured,qwen25_0_5b,Qwen2.5 0.5B,2.7508398012610327,2.7296129907253626,2.7564589322546063,INT8,NPU,63.97179568607875,63.397139548330955,65.48488720084686,2149.0261981201897,2141.481709229891,2149.1650876667372,3,npu_full,Whole NPU,0.5,127.69753750000001,127.65766675,127.734871,128.4223455,128.230271025,133.1644411,3811.959113,3811.7127815000003,3825.436212
1234.020396739615,1233.1420716534953,1237.096138217812,8192,iGPU,71.23705548602992,71.21516101320617,71.50273955181882,2809.01415,2801.2955195,2818.0058585,5.339951740720139,5.32296718791503,5.354705984477219,0.832642216157997,6638.464017,6622.0000095,6643.195739000001,135.74021930368644,134.89987910014975,136.96573227984192,0.1292280738959274,Qwen2.5,False,209.07430699999998,209.06435749999997,222.267091,0.0,False,overhead_free_oracle,qwen25_0_5b,Qwen2.5 0.5B,2.4101960873820607,2.408480608698233,2.416203394956664,INT8,NPU,63.97179568607875,63.397139548330955,65.48488720084686,2149.0261981201897,2141.481709229891,2149.1650876667372,3,npu_gpu_oracle,NPU prefill + iGPU decode · oracle,0.5,184.917841,184.6042835,184.92530675,186.52203065,186.258611825,187.85268235,3811.959113,3811.7127815000003,3825.436212
146.7630810618161,146.14643236617417,147.06678383377513,1024,iGPU,149.61342329329645,148.73792518370112,150.73564354573753,6368.270941999999,6354.567583999999,6399.236374,2.3554274208203125,2.344084568786914,2.360517778229034,1.0,6977.231553,6962.852795,7006.795953,167.1181401541972,166.08028217521687,167.97122552168378,0.0,Qwen2.5,True,438.64304,434.27428599999996,455.87643849999995,0.0,False,measured,qwen25_1_5b,Qwen2.5 1.5B,2.2931731415908767,2.2835380057214714,2.2979184974027365,INT8,iGPU,17.179997122130786,17.073222106561275,17.342356991515764,1685.2920763651066,1683.4229139795332,1687.309538407025,3,gpu_full,Whole iGPU,1.5,422.512804,421.63250374999996,422.933721,429.64616515,429.5348516,431.68774095,607.609811,606.884179,608.285211
125.60090668978773,124.38766146948299,125.61510866152108,1024,NPU,100.36531405955073,98.7829778223983,103.56399228794186,7545.197577,7543.6005295,7626.226854,1.9880195113411543,1.9671187159182615,1.9884404819225276,0.8558072355873004,8152.807388,8151.8857405,8233.111033,117.33176115054249,115.85619992895957,120.79957426388812,0.29791127975525344,Qwen2.5,False,511.06365200000005,508.85709900000006,591.032102,0.0,False,overhead_free_oracle,qwen25_1_5b,Qwen2.5 1.5B,1.9625141670279334,1.9435572104606718,1.9627360728362668,INT8,iGPU,17.179997122130786,17.073222106561275,17.342356991515764,1685.2920763651066,1683.4229139795332,1687.309538407025,3,gpu_npu_oracle,iGPU prefill + NPU decode · oracle,1.5,502.24143499999997,502.2147017499999,502.2600885,504.23282695000006,504.15090180000004,504.6571910250001,607.609811,606.884179,608.285211
121.12122548164102,119.96909343803314,121.16512798913291,1024,NPU,100.36531405955073,98.7829778223983,103.56399228794186,7545.197577,7543.6005295,7626.226854,1.9880195113411543,1.9671187159182615,1.9884404819225276,0.8252840196958332,8454.339823,8451.2776195,8536.3189925,115.48832367838992,113.55334819554047,118.75441094788539,0.30894202405657034,Qwen2.5,False,511.06365200000005,508.85709900000006,591.032102,0.0,True,measured,qwen25_1_5b,Qwen2.5 1.5B,1.892519148150641,1.8745170849692678,1.8932051248302018,INT8,NPU,15.123009618839195,14.770370373142178,15.190418659943523,1126.3363951079664,1125.162027232737,1128.1574465258468,3,npu_full,Whole NPU,1.5,502.24143499999997,502.2147017499999,502.2600885,504.23282695000006,504.15090180000004,504.6571910250001,909.142246,907.67709,910.0921385
140.76601972332418,140.12595960806757,141.00363647453167,1024,iGPU,149.61342329329645,148.73792518370112,150.73564354573753,6368.270941999999,6354.567583999999,6399.236374,2.3554274208203125,2.344084568786914,2.360517778229034,0.9591378070349589,7274.482875999999,7262.244674,7307.8633565,164.8712509943443,163.5757045979476,165.92606220568106,0.013444914823607546,Qwen2.5,False,438.64304,434.27428599999996,455.87643849999995,0.0,False,overhead_free_oracle,qwen25_1_5b,Qwen2.5 1.5B,2.1994690581769403,2.189468118876056,2.2031818199145574,INT8,NPU,15.123009618839195,14.770370373142178,15.190418659943523,1126.3363951079664,1125.162027232737,1128.1574465258468,3,npu_gpu_oracle,NPU prefill + iGPU decode · oracle,1.5,422.512804,421.63250374999996,422.933721,429.64616515,429.5348516,431.68774095,909.142246,907.67709,910.0921385
254.29713837463356,254.0086941591511,254.39258872035583,2048,iGPU,158.58858531467138,157.5552551721106,159.88739974113724,6721.862087,6718.200639500001,6740.7958265,2.231524510002938,2.2252740966768227,2.2327413634019133,1.0,8053.5707680000005,8050.550130500001,8062.7265445,199.82998003099766,197.98850434276454,200.2705004328911,0.0,Qwen2.5,True,462.761139,461.956663,473.56849850000003,0.0,False,measured,qwen25_1_5b,Qwen2.5 1.5B,1.9866963935518247,1.984442923118368,1.98744209937778,INT8,iGPU,39.62510362498162,39.57495514608152,40.43324917065396,1537.8738827940401,1537.1345788680524,1549.3338853488694,3,gpu_full,Whole iGPU,1.5,445.20481950000004,445.17874950000004,447.29986725000003,453.31827695,450.143797925,453.40752454999995,1331.708681,1321.930718,1332.349491
229.3855592669901,228.14786201163935,229.67939231430643,2048,NPU,104.60672551531002,102.29514351378006,105.08512975359919,7595.209044000001,7594.220402,7644.549337500001,1.9749291840557799,1.9622641225256001,1.975186320674297,0.9020375169501773,8928.199345,8916.79193,8976.898828500001,144.13153218249144,142.67824420553393,144.66008489968073,0.27872918688109893,Qwen2.5,False,536.8491680000001,535.9179455000001,601.223917,0.0,False,overhead_free_oracle,qwen25_1_5b,Qwen2.5 1.5B,1.7920746817733602,1.7824051719659324,1.794370252455519,INT8,iGPU,39.62510362498162,39.57495514608152,40.43324917065396,1537.8738827940401,1537.1345788680524,1549.3338853488694,3,gpu_npu_oracle,iGPU prefill + NPU decode · oracle,1.5,503.5183095,503.45800775,503.77462375,506.97234054999996,506.37619837499994,507.07857894999995,1331.708681,1321.930718,1332.349491
217.1753672821774,216.20236484769322,217.2797228615284,2048,NPU,104.60672551531002,102.29514351378006,105.08512975359919,7595.209044000001,7594.220402,7644.549337500001,1.9749291840557799,1.9622641225256001,1.975186320674297,0.8540220651725623,9430.167084,9425.640116999999,9472.7987,135.7671068224658,134.20546106259263,138.49336192416428,0.32058689691403874,Qwen2.5,False,536.8491680000001,535.9179455000001,601.223917,0.0,True,measured,qwen25_1_5b,Qwen2.5 1.5B,1.696682556892011,1.6890809753726033,1.6974978348556906,INT8,NPU,32.66025379046936,31.91031754881257,34.15816841222189,1120.422808177942,1118.2623118906556,1122.3728800485376,3,npu_full,Whole NPU,1.5,503.5183095,503.45800775,503.77462375,506.97234054999996,506.37619837499994,507.07857894999995,1827.88139,1824.7110375,1831.419715
239.54624984665995,239.01467012683628,239.6316903366381,2048,iGPU,158.58858531467138,157.5552551721106,159.88739974113724,6721.862087,6718.200639500001,6740.7958265,2.231524510002938,2.2252740966768227,2.2327413634019133,0.9419934938227955,8549.497232000002,8546.450002000001,8568.554094000001,192.17800806352426,191.7134235843325,192.26230176914157,0.03829241221105273,Qwen2.5,False,462.761139,461.956663,473.56849850000003,0.0,False,overhead_free_oracle,qwen25_1_5b,Qwen2.5 1.5B,1.8714550769270308,1.8673021103659084,1.872122580754985,INT8,NPU,32.66025379046936,31.91031754881257,34.15816841222189,1120.422808177942,1118.2623118906556,1122.3728800485376,3,npu_gpu_oracle,NPU prefill + iGPU decode · oracle,1.5,445.20481950000004,445.17874950000004,447.29986725000003,453.31827695,450.143797925,453.40752454999995,1827.88139,1824.7110375,1831.419715
384.8438888544421,369.7028152043216,390.3090659280491,4096,iGPU,190.22589019983673,186.3609175464849,194.34880216701836,7529.895310999999,7500.937448999999,8090.017744000001,1.9920595679580493,1.8630677563741855,1.99977984949697,1.0,10643.276711999999,10496.3055715,11097.7832695,286.8658518618579,278.9970661834487,290.51655806858463,0.0,Qwen2.5,True,598.998936,555.5879225,1144.1001769999998,0.0,False,measured,qwen25_1_5b,Qwen2.5 1.5B,1.5032964408376646,1.4441516218918813,1.5246447887814418,INT8,iGPU,95.69555014111137,92.16394287650888,96.16775590156627,1411.3676046995026,1363.489492119143,1417.448638817728,3,gpu_full,Whole iGPU,1.5,494.669083,493.57090225,496.2600115,502.43001115,501.83370072499997,504.9380070499999,2902.1496500000003,2889.7522470000004,3007.7655255
384.1069826171161,382.23007183011475,386.1677251883856,4096,NPU,100.03935783042138,99.46050770631652,104.05472647330794,7673.133696000001,7664.345661,7717.339900500001,1.9548727539857007,1.9437386959558838,1.9571168087001773,0.9980851813977881,10663.695755,10607.0921475,10716.317391,195.52161924423285,192.0966563432803,199.64363225076934,0.31842142250382743,Qwen2.5,False,577.245074,572.533302,620.817889,0.0,False,overhead_free_oracle,qwen25_1_5b,Qwen2.5 1.5B,1.5004179008481098,1.4930862180863858,1.5084676765171312,INT8,iGPU,95.69555014111137,92.16394287650888,96.16775590156627,1411.3676046995026,1363.489492119143,1417.448638817728,3,gpu_npu_oracle,iGPU prefill + NPU decode · oracle,1.5,506.45444799999996,506.2568275,506.49006325000005,508.85198165,508.5216654000001,509.36139545,2902.1496500000003,2889.7522470000004,3007.7655255
351.06088260603207,349.8869015838121,351.6021669596188,4096,NPU,100.03935783042138,99.46050770631652,104.05472647330794,7673.133696000001,7664.345661,7717.339900500001,1.9548727539857007,1.9437386959558838,1.9571168087001773,0.9122163369958367,11667.491888,11649.557632,11706.7718035,170.75051959328144,170.19273121623135,176.62668880126583,0.40477223592472955,Qwen2.5,False,577.245074,572.533302,620.817889,0.0,True,measured,qwen25_1_5b,Qwen2.5 1.5B,1.3713315726798128,1.366745709311766,1.3734459646860109,INT8,NPU,70.7532852569696,70.73222350991483,72.59302407501266,1027.9819874285663,1026.7141651368624,1029.073019206442,3,npu_full,Whole NPU,1.5,506.45444799999996,506.2568275,506.49006325000005,508.85198165,508.5216654000001,509.36139545,3984.505614,3980.285682,3989.431903
355.9893848314493,340.0886706623365,356.60446647547764,4096,iGPU,190.22589019983673,186.3609175464849,194.34880216701836,7529.895310999999,7500.937448999999,8090.017744000001,1.9920595679580493,1.8630677563741855,1.99977984949697,0.9250228343007252,11505.961061,11486.14942,12070.303426,260.97917545680633,257.09314105639976,266.941826242031,0.09023965814347767,Qwen2.5,False,598.998936,555.5879225,1144.1001769999998,0.0,False,overhead_free_oracle,qwen25_1_5b,Qwen2.5 1.5B,1.3905835344978488,1.3284713697747519,1.3929861971698345,INT8,NPU,70.7532852569696,70.73222350991483,72.59302407501266,1027.9819874285663,1026.7141651368624,1029.073019206442,3,npu_gpu_oracle,NPU prefill + iGPU decode · oracle,1.5,494.669083,493.57090225,496.2600115,502.43001115,501.83370072499997,504.9380070499999,3984.505614,3980.285682,3989.431903
484.20900108854534,469.96650857524105,485.0130553706588,8192,iGPU,260.4154716599402,259.7294393558199,260.97553634042714,10272.317116999999,10268.232351999999,10712.197022,1.4602352934739524,1.4026381152644078,1.4608164150885814,1.0,16918.314161,16890.313412,17447.0529465,469.6819921384464,468.93404704844204,471.34372731391267,0.0,Qwen2.5,False,710.2010399999999,709.6488879999999,1171.6334084999999,0.0,False,measured,qwen25_1_5b,Qwen2.5 1.5B,0.9457207052510651,0.9179033370610177,0.9472911237708179,INT8,iGPU,210.63858508674676,209.20460769262212,211.0542232776058,1232.6216737330226,1216.5703900645292,1237.0894856000339,3,gpu_full,Whole iGPU,1.5,680.6496159999999,680.2440537499999,680.67657175,688.6094386,687.0608009,689.2056808499999,6645.997044,6622.08106,6734.8559245
567.5114860961422,562.1217565057376,567.6997612224864,8192,NPU,104.15351468366612,102.64222995764999,104.43799289498386,7827.213652999999,7808.083369499999,7858.9694185,1.9163907700731828,1.9086783666524925,1.9210975770501282,1.1720382826843891,14434.95013,14430.1644295,14574.6950595,311.92414498216357,311.84683765027205,314.058238778465,0.33588225607291566,Qwen2.5,True,650.654853,626.6083605,676.683175,0.0,False,overhead_free_oracle,qwen25_1_5b,Qwen2.5 1.5B,1.1084208712815278,1.0978940556752688,1.1087885961376687,INT8,iGPU,210.63858508674676,209.20460769262212,211.0542232776058,1232.6216737330226,1216.5703900645292,1237.0894856000339,3,gpu_npu_oracle,iGPU prefill + NPU decode · oracle,1.5,512.8343135,512.59431525,512.85517575,516.32811595,515.3615359,516.597944275,6645.997044,6622.08106,6734.8559245
486.9887138931697,485.3784468300654,487.0974208808454,8192,NPU,104.15351468366612,102.64222995764999,104.43799289498386,7827.213652999999,7808.083369499999,7858.9694185,1.9163907700731828,1.9086783666524925,1.9210975770501282,1.0057407293098133,16821.745076,16817.9917545,16877.737807999998,268.2425176889994,268.01881010265583,268.92263133776623,0.42888481530300926,Qwen2.5,False,650.654853,626.6083605,676.683175,0.0,True,measured,qwen25_1_5b,Qwen2.5 1.5B,0.951149831822597,0.9480047789649715,0.9513621501579012,INT8,NPU,164.08900300533327,163.58081720767197,166.28040138011622,906.9178177765168,906.405671468944,909.2270969448178,3,npu_full,Whole NPU,1.5,512.8343135,512.59431525,512.85517575,516.32811595,515.3615359,516.597944275,9032.79199,9009.908384999999,9037.898673
424.3436260626777,414.99346746193095,424.9380758809348,8192,iGPU,260.4154716599402,259.7294393558199,260.97553634042714,10272.317116999999,10268.232351999999,10712.197022,1.4602352934739524,1.4026381152644078,1.4608164150885814,0.8763645969172714,19305.109106999997,19278.140736999998,19750.095695,424.6082324309248,424.5563535480991,426.0617196187618,0.09596654856257592,Qwen2.5,False,710.2010399999999,709.6488879999999,1171.6334084999999,0.0,False,overhead_free_oracle,qwen25_1_5b,Qwen2.5 1.5B,0.8287961446536674,0.8105341161365839,0.8299571794549507,INT8,NPU,164.08900300533327,163.58081720767197,166.28040138011622,906.9178177765168,906.405671468944,909.2270969448178,3,npu_gpu_oracle,NPU prefill + iGPU decode · oracle,1.5,680.6496159999999,680.2440537499999,680.67657175,688.6094386,687.0608009,689.2056808499999,9032.79199,9009.908384999999,9037.898673
14.381416561823796,14.341687569793617,14.417101876013689,1024,iGPU,1758.438294767713,1746.4785236185292,1765.2464012516252,66522.042268,66359.646541,66728.888301,0.22548916853106976,0.22479235776983444,0.22604234070973198,1.0,71202.99976,71027.192742,71400.79248850001,1885.5294642123145,1872.774817297265,1892.3706355162476,0.0,Qwen2.5,False,4435.064069,4425.6151515,4562.9991095000005,0.0,False,measured,qwen25_3b,Qwen2.5 3B,0.22470963377849681,0.22408886827802527,0.2252672168127139,INT8,iGPU,127.09116944460152,126.29629367873575,127.12423426462257,219.60813795983447,219.18340021183604,219.8137721580316,3,gpu_full,Whole iGPU,3.0,4415.7963055,4413.67450875,4415.894373,4438.891429149999,4434.513404625,4582.617528199999,4662.850883,4658.4928965,4671.9041875
41.51776606888702,41.34673871253423,41.63161089408283,1024,NPU,243.59673169809113,238.61832645787126,246.00715119462183,20010.005215,19938.385183500002,20099.0388495,0.7496249920392637,0.7463189885757737,0.7523274030826457,2.8869037963268545,24664.140125,24596.878080000002,24766.585050499998,370.6879011426927,365.74256072249386,372.3034448733576,0.8034038140594378,Qwen2.5,False,1342.142001,1339.0166330000002,1428.276886,0.0,False,overhead_free_oracle,qwen25_3b,Qwen2.5 3B,0.6487150948263597,0.6460427923833474,0.6504939202200443,INT8,iGPU,127.09116944460152,126.29629367873575,127.12423426462257,219.60813795983447,219.18340021183604,219.8137721580316,3,gpu_npu_oracle,iGPU prefill + NPU decode · oracle,3.0,1332.6221094999999,1332.12415025,1332.8847422499998,1337.6614287500001,1337.0843217249999,1339.1810550250002,4662.850883,4658.4928965,4671.9041875
46.664949147719064,46.478491183839594,46.81577548075534,1024,NPU,243.59673169809113,238.61832645787126,246.00715119462183,20010.005215,19938.385183500002,20099.0388495,0.7496249920392637,0.7463189885757737,0.7523274030826457,3.24480894820845,21943.664757000002,21873.1959055,22032.0508305,277.30178220462255,273.86812572911,279.55274415466346,0.8529316102093021,Qwen2.5,True,1342.142001,1339.0166330000002,1428.276886,0.0,True,measured,qwen25_3b,Qwen2.5 3B,0.7291398304331104,0.7262264247474937,0.7314964918868022,INT8,NPU,33.70505050653142,33.545592960041624,35.24979927123872,529.5658195035039,529.2509240608476,529.7432840480246,3,npu_full,Whole NPU,3.0,1332.6221094999999,1332.12415025,1332.8847422499998,1337.6614287500001,1337.0843217249999,1339.1810550250002,1933.659542,1933.011981,1934.8107220000002
14.958861664920489,14.913544234365567,14.994375184806042,1024,iGPU,1758.438294767713,1746.4785236185292,1765.2464012516252,66522.042268,66359.646541,66728.888301,0.22548916853106976,0.22479235776983444,0.22604234070973198,1.0401521714230535,68454.406688,68292.658522,68663.051462,1792.1433452742444,1780.0241165785708,1800.496200522864,0.049527796149864134,Qwen2.5,False,4435.064069,4425.6151515,4562.9991095000005,0.0,False,overhead_free_oracle,qwen25_3b,Qwen2.5 3B,0.23373221351438264,0.23302412866196198,0.2342871122625944,INT8,NPU,33.70505050653142,33.545592960041624,35.24979927123872,529.5658195035039,529.2509240608476,529.7432840480246,3,npu_gpu_oracle,NPU prefill + iGPU decode · oracle,3.0,4415.7963055,4413.67450875,4415.894373,4438.891429149999,4434.513404625,4582.617528199999,1933.659542,1933.011981,1934.8107220000002
27.055187535154342,27.018440176769047,27.304655271317074,2048,iGPU,1728.2234828417836,1720.7641549816533,1735.8663314652229,65145.737004999995,64761.869764,65469.4084475,0.23025297877662718,0.2291202408974284,0.2316259100921559,1.0,75697.128225,75011.786463,75800.222924,2007.7165989397677,1993.7705748491717,2014.9453202756617,0.0,Qwen2.5,False,4736.318024,4674.5463605,5353.259653,0.0,False,measured,qwen25_3b,Qwen2.5 3B,0.2113686526183933,0.21108156388100818,0.21331761930716464,INT8,iGPU,278.66486152289383,272.5922925799734,279.078988810439,202.5669478884053,198.33228756974842,204.2141621543101,3,gpu_full,Whole iGPU,3.0,4264.8826145,4264.762220500001,4266.7806705,4302.4542347999995,4300.376711375,4452.937159674999,10110.237733,10029.3399555,10330.8144765
67.49966857835763,67.1997504924136,67.87419845653287,2048,NPU,247.9663312497164,246.9212816391514,249.1880841606027,20061.540477,20060.4917135,20146.0962285,0.7476993113862359,0.7445742377488269,0.747738403186976,2.494888216562959,30340.889712999997,30174.387420499996,30476.910705,527.4594473477006,519.92770150667,528.2670729710417,0.7372839136627944,Qwen2.5,False,1372.830835,1368.6956945000002,1451.4193525,0.0,False,overhead_free_oracle,qwen25_3b,Qwen2.5 3B,0.527341160768419,0.5249980507219812,0.530267175441663,INT8,iGPU,278.66486152289383,272.5922925799734,279.078988810439,202.5669478884053,198.33228756974842,204.2141621543101,3,gpu_npu_oracle,iGPU prefill + NPU decode · oracle,3.0,1334.1352239999999,1333.9524487499998,1334.45897875,1339.8494879,1339.80215085,1340.9144498750002,10110.237733,10029.3399555,10330.8144765
85.42794190648021,85.13700430822666,85.46575189119076,2048,NPU,247.9663312497164,246.9212816391514,249.1880841606027,20061.540477,20060.4917135,20146.0962285,0.7476993113862359,0.7445742377488269,0.747738403186976,3.157543883053068,23973.420807,23962.8196735,24055.62579,321.35391364088,318.26516462467254,322.5106553178972,0.8399406002766625,Qwen2.5,True,1372.830835,1368.6956945000002,1451.4193525,0.0,True,measured,qwen25_3b,Qwen2.5 3B,0.6674057961443767,0.6651328461580208,0.6677011866499278,INT8,NPU,73.25755992342545,71.27887175165205,73.32257115729453,524.1633691473612,523.8483833520147,525.1330668908411,3,npu_full,Whole NPU,3.0,1334.1352239999999,1333.9524487499998,1334.45897875,1339.8494879,1339.80215085,1340.9144498750002,3907.178793,3899.9771915,3909.5295615
29.656395326602535,29.519678288318737,29.827294323736304,2048,iGPU,1728.2234828417836,1720.7641549816533,1735.8663314652229,65145.737004999995,64761.869764,65469.4084475,0.23025297877662718,0.2291202408974284,0.2316259100921559,1.0961445115864858,69057.61733499999,68664.197724,69378.938009,1801.611065232947,1792.1080379671744,1809.1889026225174,0.10265668661386795,Qwen2.5,False,4736.318024,4674.5463605,5353.259653,0.0,False,overhead_free_oracle,qwen25_3b,Qwen2.5 3B,0.2316905884890823,0.23062248662749013,0.23302573690418987,INT8,NPU,73.25755992342545,71.27887175165205,73.32257115729453,524.1633691473612,523.8483833520147,525.1330668908411,3,npu_gpu_oracle,NPU prefill + iGPU decode · oracle,3.0,4264.8826145,4264.762220500001,4266.7806705,4302.4542347999995,4300.376711375,4452.937159674999,3907.178793,3899.9771915,3909.5295615
37.13989329496806,35.50183091078887,38.05587513030661,4096,iGPU,1702.9577787827445,1693.489430010527,1708.941202932258,63717.137155,63233.35808250001,64147.2699515,0.2354154732895579,0.23384743382751025,0.2372304508737425,1.0,110285.72342600001,107693.603696,115620.47803,2707.949459653129,2688.16503575551,2726.5452493308294,0.0,Qwen2.5,False,4817.730847,4764.8590355,5238.7721595,0.0,False,measured,qwen25_3b,Qwen2.5 3B,0.145077708183469,0.13867902699526902,0.1486557622277602,INT8,iGPU,1023.9283784148195,988.6921815954697,1033.0558193203026,86.16601220652097,79.40934225598582,92.5703161084927,3,gpu_full,Whole iGPU,3.0,4194.5234199999995,4170.59127875,4199.1973055,4239.34943725,4199.9548201,4259.168363875,47536.144415999996,44460.245613499996,51956.987150999994
60.51936514870715,56.96748398992309,63.53789580784985,4096,NPU,249.67676892122608,248.6478095835144,252.2304224385395,20157.418836999997,20151.045069499996,20230.651668,0.7441428945489148,0.7414588913553862,0.7443783411206423,1.6294975504656788,67680.815718,64611.290683,72181.2650515,1271.5472286606223,1239.8936446962975,1281.703628903817,0.5304390840353795,Qwen2.5,False,1418.9475830000001,1415.2729800000002,1492.26842,0.0,False,overhead_free_oracle,qwen25_3b,Qwen2.5 3B,0.2364037701121373,0.22252923433563707,0.24819490549941348,INT8,iGPU,1023.9283784148195,988.6921815954697,1033.0558193203026,86.16601220652097,79.40934225598582,92.5703161084927,3,gpu_npu_oracle,iGPU prefill + NPU decode · oracle,3.0,1337.392758,1337.392667,1337.501692,1343.10278665,1342.82306045,1343.60447655,47536.144415999996,44460.245613499996,51956.987150999994
143.7476649054287,143.3785541204739,143.7541770894384,4096,NPU,249.67676892122608,248.6478095835144,252.2304224385395,20157.418836999997,20151.045069499996,20230.651668,0.7441428945489148,0.7414588913553862,0.7443783411206423,3.8704382848860934,28494.37591,28493.085149499995,28567.920573999996,400.49165197061086,400.18549360421673,405.8271809341471,0.8521051969626083,Qwen2.5,True,1418.9475830000001,1415.2729800000002,1492.26842,0.0,True,measured,qwen25_3b,Qwen2.5 3B,0.5615143160368309,0.5600724770331011,0.5615397542556188,INT8,NPU,152.26048499201985,151.53768402070233,154.31955946692517,491.2696054432775,490.9129408293959,491.36407028608653,3,npu_full,Whole NPU,3.0,1337.392758,1337.392667,1337.501692,1343.10278665,1342.82306045,1343.60447655,8337.580738999999,8335.9781455,8343.642673499999
56.84821658993514,56.511613798759356,57.228899226525044,4096,iGPU,1702.9577787827445,1693.489430010527,1708.941202932258,63717.137155,63233.35808250001,64147.2699515,0.2354154732895579,0.23384743382751025,0.2372304508737425,1.5306510478757158,72051.512707,71575.3981625,72483.248097,1853.7726618321294,1845.0271140312293,1862.5379614278654,0.3154330649621556,Qwen2.5,False,4817.730847,4764.8590355,5238.7721595,0.0,False,overhead_free_oracle,qwen25_3b,Qwen2.5 3B,0.22206334605443415,0.22074849140140373,0.22355038760361345,INT8,NPU,152.26048499201985,151.53768402070233,154.31955946692517,491.2696054432775,490.9129408293959,491.36407028608653,3,npu_gpu_oracle,NPU prefill + iGPU decode · oracle,3.0,4194.5234199999995,4170.59127875,4199.1973055,4239.34943725,4199.9548201,4259.168363875,8337.580738999999,8335.9781455,8343.642673499999
39.074904502415876,38.37444924928978,42.0442812004412,8192,iGPU,1925.3774990270567,1917.706129605192,2064.733010947249,76174.52765900001,75768.14249350001,91095.09736849999,0.19691621938436468,0.16920237048603226,0.19797808196880334,1.0,209648.62497600002,195818.91704200002,213546.525493,4421.620386737018,4326.917244443004,4450.553361419188,0.0,Qwen2.5,False,5697.184582,5668.875382,21091.3269165,0.0,False,measured,qwen25_3b,Qwen2.5 3B,0.07631817285628101,0.0749500961900191,0.08211773671961171,INT8,iGPU,2306.836603121933,2262.1842334957546,2438.144089519982,73.51782500780801,67.44651468541215,75.17303505511256,3,gpu_full,Whole iGPU,3.0,4977.581048999999,4955.8585795,5003.891044999999,5062.727258049999,5032.960781674999,5084.424589249999,111428.758932,109028.105356,122451.4281245
62.07704854060188,57.66861446110646,63.302027279383346,8192,NPU,279.23406677221857,266.74879762500836,279.49880570439404,20336.872554,20332.008540999996,20436.5752505,0.737576535436846,0.7339956348643095,0.737753027607299,1.588667952771679,131965.036879,129459.8165935,142888.003375,2586.0706698941517,2528.933031120763,2717.642895224376,0.4151305531222751,Qwen2.5,False,1467.8962040000001,1464.486023,1555.225285,0.0,False,overhead_free_oracle,qwen25_3b,Qwen2.5 3B,0.12124423543086305,0.11263401261934855,0.1236367720300456,INT8,iGPU,2306.836603121933,2262.1842334957546,2438.144089519982,73.51782500780801,67.44651468541215,75.17303505511256,3,gpu_npu_oracle,iGPU prefill + NPU decode · oracle,3.0,1347.4268335,1347.237114,1348.026824,1353.2085739499998,1351.7840227749998,1354.4692218999999,111428.758932,109028.105356,122451.4281245
210.04388067581553,209.52721960115963,210.21362169625004,8192,NPU,279.23406677221857,266.74879762500836,279.49880570439404,20336.872554,20332.008540999996,20436.5752505,0.737576535436846,0.7339956348643095,0.737753027607299,5.3754163535531925,39001.374253999995,38969.907255,39097.7832205,625.4116920101279,613.0911287846188,656.4775477096707,0.8585559959226492,Qwen2.5,True,1467.8962040000001,1464.486023,1555.225285,0.0,True,measured,qwen25_3b,Qwen2.5 3B,0.4102419544449522,0.4092328507835149,0.41057347987548837,INT8,NPU,346.50703708131147,346.3423311596104,377.1434479269777,439.06301072161,438.87120826149106,439.7279998508692,3,npu_full,Whole NPU,3.0,1347.4268335,1347.237114,1348.026824,1353.2085739499998,1351.7840227749998,1354.4692218999999,18657.914240000002,18629.740971,18666.071983
86.43529751670879,76.0714414921373,86.77544113466962,8192,iGPU,1925.3774990270567,1917.706129605192,2064.733010947249,76174.52765900001,75768.14249350001,91095.09736849999,0.19691621938436468,0.16920237048603226,0.19797808196880334,2.212041171114437,94776.09536100001,94406.0412075,109724.83833949998,2317.814618955971,2294.6848716104687,2434.205089452362,0.47579972584068275,Qwen2.5,False,5697.184582,5668.875382,21091.3269165,0.0,False,overhead_free_oracle,qwen25_3b,Qwen2.5 3B,0.16881894046232185,0.14857703416433066,0.1694832834661516,INT8,NPU,346.50703708131147,346.3423311596104,377.1434479269777,439.06301072161,438.87120826149106,439.7279998508692,3,npu_gpu_oracle,NPU prefill + iGPU decode · oracle,3.0,4977.581048999999,4955.8585795,5003.891044999999,5062.727258049999,5032.960781674999,5084.424589249999,18657.914240000002,18629.740971,18666.071983
444.2374030138592,443.45491467570514,445.4524936225422,1024,iGPU,45.28709978616834,45.072204502558286,45.79431057682704,1445.741296,1443.092972,1452.759121,10.375300229371051,10.32542134785309,10.394375697937509,1.0,2305.0738029999998,2298.8032034999997,2309.1483584999996,77.11430275505994,76.02782046251968,77.8373654062627,0.0,Qwen2.5,True,102.832275,101.95037049999999,112.097596,0.0,True,measured,qwen25_7b,Qwen2.5 7B,6.94120942209155,6.928983041807893,6.960195212852222,INT8,iGPU,32.25699353611171,30.955615959961406,32.257950113045716,1165.8177314180436,1163.9010038041024,1188.1284101915403,3,gpu_full,Whole iGPU,7.0,95.48776600000001,95.46276800000001,95.618565,96.673335,96.452091725,96.7246505,864.6291550000001,848.6924065000001,866.0553865
21.55093284727288,21.513287850541992,21.563345445022748,1024,NPU,488.52789603227075,480.136347876134,492.5438072061393,46647.862949999995,46621.9534625,46748.51633499999,0.3215581390315331,0.32086728548255317,0.321736939759514,0.0485121979848251,47515.34456799999,47488.008849000005,47598.63497299999,518.1821344160819,511.09196383609543,523.5003797430347,-5.719663096248132,Qwen2.5,False,3119.032159,3118.7696305,3187.3982865,0.0,False,overhead_free_oracle,qwen25_7b,Qwen2.5 7B,0.33673332573863873,0.33614512266471863,0.33692727257848043,INT8,iGPU,32.25699353611171,30.955615959961406,32.257950113045716,1165.8177314180436,1163.9010038041024,1188.1284101915403,3,gpu_npu_oracle,iGPU prefill + NPU decode · oracle,7.0,3110.0214685,3109.9118182499997,3110.5256205,3114.6750877500003,3114.2800271,3121.7203395,864.6291550000001,848.6924065000001,866.0553865
19.930026287671783,19.889394640786932,19.939559807721878,1024,NPU,488.52789603227075,480.136347876134,492.5438072061393,46647.862949999995,46621.9534625,46748.51633499999,0.3215581390315331,0.32086728548255317,0.321736939759514,0.0448634584851695,51379.761632999995,51355.2076355,51484.93918649999,566.2410127577314,557.7732998557415,570.0651880891605,-6.342879239358445,Qwen2.5,False,3119.032159,3118.7696305,3187.3982865,0.0,False,measured,qwen25_7b,Qwen2.5 7B,0.3114066607448716,0.3107717912622958,0.31155562199565434,INT8,NPU,77.56078723375418,77.44521613716798,77.63695197960742,216.27970896995993,216.13515539007213,216.34166401218533,3,npu_full,Whole NPU,7.0,3110.0214685,3109.9118182499997,3110.5256205,3114.6750877500003,3114.2800271,3121.7203395,4734.609662999999,4733.254172999999,4737.778341499999
165.759093032443,165.45054996798197,165.79379701729698,1024,iGPU,45.28709978616834,45.072204502558286,45.79431057682704,1445.741296,1443.092972,1452.759121,10.375300229371051,10.32542134785309,10.394375697937509,0.37313178023254306,6177.639979,6176.347145,6189.1819725000005,123.00021651162899,122.7091564821657,123.31569145984824,-0.5950376534210211,Qwen2.5,False,102.832275,101.95037049999999,112.097596,0.0,False,overhead_free_oracle,qwen25_7b,Qwen2.5 7B,2.5899858286319217,2.5851648432497183,2.5905280783952653,INT8,NPU,77.56078723375418,77.44521613716798,77.63695197960742,216.27970896995993,216.13515539007213,216.34166401218533,3,npu_gpu_oracle,NPU prefill + iGPU decode · oracle,7.0,95.48776600000001,95.46276800000001,95.618565,96.673335,96.452091725,96.7246505,4734.609662999999,4733.254172999999,4737.778341499999
632.3812786454631,630.0632054528988,637.7551678234738,2048,iGPU,45.74940267269258,45.688514795459874,45.87908477529814,1438.098139,1434.1801275000003,1440.4730534999999,10.430442536022223,10.413274123431567,10.459015336314604,1.0,3238.5525460000003,3211.4916905,3250.5115425000004,113.43614974360705,112.91866195320742,113.68712841684933,0.0,Qwen2.5,True,104.11464,104.099706,110.57487749999999,0.0,True,measured,qwen25_7b,Qwen2.5 7B,4.940478739417681,4.922368792600772,4.982462248620889,INT8,iGPU,67.42738286570335,67.10046505514198,67.8080436415512,1123.7132964310385,1118.760490873959,1145.2339995040813,3,gpu_full,Whole iGPU,7.0,94.58910900000001,94.55512975,94.863163,95.58340414999999,95.530495175,95.846246675,1808.29043,1774.9366485,1816.331415
42.12915151278722,42.10859617453633,42.13949828263011,2048,NPU,502.16639376754244,499.4054346198533,502.1670487909753,46788.047419999995,46784.155228999996,46853.183959999995,0.3205946994400135,0.32014961894179184,0.32062137342008057,0.06661985883425625,48612.419819999996,48600.486644000004,48636.1615935,568.9412510589888,566.5065546984281,569.6481746219652,-4.015519764598258,Qwen2.5,False,3174.131132,3167.4057300000004,3216.227688,0.0,False,overhead_free_oracle,qwen25_7b,Qwen2.5 7B,0.32913399619365014,0.3289734076135651,0.3292148303330477,INT8,iGPU,67.42738286570335,67.10046505514198,67.8080436415512,1123.7132964310385,1118.760490873959,1145.2339995040813,3,gpu_npu_oracle,iGPU prefill + NPU decode · oracle,7.0,3115.3417240000003,3115.09987125,3115.8765265,3122.8005086000003,3121.301551175,3127.166880375,1808.29043,1774.9366485,1816.331415
36.33562964418074,36.29525662431566,36.33912937204286,2048,NPU,502.16639376754244,499.4054346198533,502.1670487909753,46788.047419999995,46784.155228999996,46853.183959999995,0.3205946994400135,0.32014961894179184,0.32062137342008057,0.0574584208470091,56363.410241,56357.982549,56426.175884,658.2127728575108,655.2470649472829,660.9864231594512,-4.802495715389052,Qwen2.5,False,3174.131132,3167.4057300000004,3216.227688,0.0,False,measured,qwen25_7b,Qwen2.5 7B,0.28387210659516204,0.2835566923774661,0.28389944821908486,INT8,NPU,156.04637908996838,155.84163032742958,158.8193743684759,213.95085301671787,213.9165439513697,213.96952826112496,3,npu_full,Whole NPU,7.0,3115.3417240000003,3115.09987125,3115.8765265,3122.8005086000003,3121.301551175,3127.166880375,9572.291819,9571.456423,9573.82732
185.95426155666874,185.95419372415876,186.0464314197586,2048,iGPU,45.74940267269258,45.688514795459874,45.87908477529814,1438.098139,1434.1801275000003,1440.4730534999999,10.430442536022223,10.413274123431567,10.459015336314604,0.2940540269550291,11013.46096,11008.0074475,11013.4649775,201.79578176266097,201.72071510272772,204.5078891639358,-0.7789371573239035,Qwen2.5,False,104.11464,104.099706,110.57487749999999,0.0,False,overhead_free_oracle,qwen25_7b,Qwen2.5 7B,1.4527676684114745,1.4527671384699903,1.453487745466864,INT8,NPU,156.04637908996838,155.84163032742958,158.8193743684759,213.95085301671787,213.9165439513697,213.96952826112496,3,npu_gpu_oracle,NPU prefill + iGPU decode · oracle,7.0,94.58910900000001,94.55512975,94.863163,95.58340414999999,95.530495175,95.846246675,9572.291819,9571.456423,9573.82732
702.6988326753095,702.2749094332605,706.2268939424027,4096,iGPU,46.966388941409946,46.612456287108415,47.065370825613954,1506.2560920000005,1503.2084535000004,1529.9576135000007,9.958465947236814,9.806546655908184,9.978696981082166,1.0,5828.9551790000005,5799.9805155,5832.4759115,207.2071698215775,206.05144084208462,207.2768447742447,0.0,Qwen2.5,True,113.802896,113.3251655,133.93095649999998,0.0,True,measured,qwen25_7b,Qwen2.5 7B,2.744917315137928,2.743261364973674,2.7586988044625107,INT8,iGPU,160.24078088016756,158.98607001647068,160.66438848713628,943.8547347119561,942.4248862785287,955.6438215371863,3,gpu_full,Whole iGPU,7.0,99.3480165,99.17984925,99.43417450000001,100.09036125,99.8471591,101.282757,4322.699087,4270.022902,4329.267458
80.058261671276,80.04841301371923,80.12021422214059,4096,NPU,504.59296162704214,504.3965454906604,537.5663879193712,46840.040579,46793.941445000004,46899.012283000004,0.32023883443698414,0.31983666577150327,0.3205546293958723,0.11392969213635777,51162.739666,51123.208903000006,51169.035185,664.8337425072098,663.382615507131,698.2307764065075,-2.208546031875666,Qwen2.5,False,3215.3981919999997,3215.3239375,3256.2724465,0.0,False,overhead_free_oracle,qwen25_7b,Qwen2.5 7B,0.3127275846534219,0.31268911333484073,0.3129695868052367,INT8,iGPU,160.24078088016756,158.98607001647068,160.66438848713628,943.8547347119561,942.4248862785287,955.6438215371863,3,gpu_npu_oracle,iGPU prefill + NPU decode · oracle,7.0,3117.003475,3115.7076475,3117.0272704999998,3119.5484458000005,3119.4105987000003,3124.8597529250005,4322.699087,4270.022902,4329.267458
61.45834433091281,61.40471175082078,61.485825041233284,4096,NPU,504.59296162704214,504.3965454906604,537.5663879193712,46840.040579,46793.941445000004,46899.012283000004,0.32023883443698414,0.31983666577150327,0.3205546293958723,0.08746043322276356,66646.767735,66616.9936805,66705.02976,850.4708896143052,839.9746982084573,876.5080063012374,-3.104447207819261,Qwen2.5,False,3215.3981919999997,3215.3239375,3256.2724465,0.0,False,measured,qwen25_7b,Qwen2.5 7B,0.24007165754262816,0.23986215527664367,0.24017900406731751,INT8,NPU,332.0053087764693,328.64184311240007,338.9416183818662,206.7984259963519,206.62825932774822,206.8058361563787,3,npu_full,Whole NPU,7.0,3117.003475,3115.7076475,3117.0272704999998,3119.5484458000005,3119.4105987000003,3124.8597529250005,19806.727156,19806.017477,19823.0522355
191.94417306725467,191.8568737718997,192.06374935573288,4096,iGPU,46.966388941409946,46.612456287108415,47.065370825613954,1506.2560920000005,1503.2084535000004,1529.9576135000007,9.958465947236814,9.806546655908184,9.978696981082166,0.2731528275584098,21339.53813,21326.260689000002,21349.252531500002,378.2638324092762,375.3532812837125,385.5540746689746,-0.8255344770887638,Qwen2.5,False,113.802896,113.3251655,133.93095649999998,0.0,False,overhead_free_oracle,qwen25_7b,Qwen2.5 7B,0.7497819260439635,0.7494409131714832,0.7502490209208316,INT8,NPU,332.0053087764693,328.64184311240007,338.9416183818662,206.7984259963519,206.62825932774822,206.8058361563787,3,npu_gpu_oracle,NPU prefill + iGPU decode · oracle,7.0,99.3480165,99.17984925,99.43417450000001,100.09036125,99.8471591,101.282757,19806.727156,19806.017477,19823.0522355
662.6648304658872,662.4293514544268,668.6032661913345,8192,iGPU,51.81809699261129,51.75489113905772,52.05702531088912,1646.8716600000007,1639.0610375000006,1651.275192,9.10817786493454,9.083953266219499,9.151788912209497,1.0,12362.207293000001,12253.3746245,12366.6033475,438.59234938638997,433.13014513851294,440.6564221291068,0.0,Qwen2.5,True,142.039109,140.7104475,147.3182345,0.0,True,measured,qwen25_7b,Qwen2.5 7B,1.294267247003686,1.2938073270594272,1.30586575427995,INT8,iGPU,386.9006641008858,381.13632568117737,388.9015309900491,762.3930073100018,762.1504154520919,770.9432197269681,3,gpu_full,Whole iGPU,7.0,107.0473245,106.7195435,107.16039325,108.53572775,108.03423785,108.66359685,10724.127742,10606.495487,10727.54231
141.51237969695947,141.4798221169936,141.74154517854515,8192,NPU,483.1123977465777,477.8168075599102,486.85457374287637,47184.62054099999,47174.710542999994,47198.89997399999,0.3179001934955923,0.31780404588234695,0.3179669888651335,0.21355046049066623,57888.92828699999,57795.48546299999,57902.25285299999,870.0130618474635,858.9531332410877,875.7561047329255,-0.9836485133966659,Qwen2.5,False,3320.092051,3310.8972350000004,3361.8391675000003,0.0,False,overhead_free_oracle,qwen25_7b,Qwen2.5 7B,0.27639136659562397,0.27632777757225313,0.276838955426846,INT8,iGPU,386.9006641008858,381.13632568117737,388.9015309900491,762.3930073100018,762.1504154520919,770.9432197269681,3,gpu_npu_oracle,iGPU prefill + NPU decode · oracle,7.0,3132.7344065,3132.41577425,3132.7589925,3137.2341665,3136.796128825,3142.38819795,10724.127742,10606.495487,10727.54231
91.862531955979,91.84558837730509,91.86915004913237,8192,NPU,483.1123977465777,477.8168075599102,486.85457374287637,47184.62054099999,47174.710542999994,47198.89997399999,0.3179001934955923,0.31780404588234695,0.3179669888651335,0.13862593536372672,89176.72772099999,89170.30404799999,89193.18198649999,1193.870036239513,1179.778029279686,1201.200909531036,-1.7220493880246424,Qwen2.5,False,3320.092051,3310.8972350000004,3361.8391675000003,0.0,False,measured,qwen25_7b,Qwen2.5 7B,0.17941900772652147,0.179385914799424,0.17943193368971166,INT8,NPU,703.2732865003379,698.2190457234772,714.3463357881594,195.0640748155239,195.05798360895042,195.07417746856945,3,npu_full,Whole NPU,7.0,3132.7344065,3132.41577425,3132.7589925,3137.2341665,3136.796128825,3142.38819795,41996.456845,41994.2820125,41997.768337500005
187.69209331767962,187.67879840418203,187.74069910690065,8192,iGPU,51.81809699261129,51.75489113905772,52.05702531088912,1646.8716600000007,1639.0610375000006,1651.275192,9.10817786493454,9.083953266219499,9.151788912209497,0.2832383502014473,43645.95149000001,43634.65454250001,43649.043529500006,755.0913834929493,750.2760710343663,766.1012269272171,-0.7216246123521202,Qwen2.5,False,142.039109,140.7104475,147.3182345,0.0,False,overhead_free_oracle,qwen25_7b,Qwen2.5 7B,0.366586119761093,0.36656015313316803,0.36668105294316533,INT8,NPU,703.2732865003379,698.2190457234772,714.3463357881594,195.0640748155239,195.05798360895042,195.07417746856945,3,npu_gpu_oracle,NPU prefill + iGPU decode · oracle,7.0,107.0473245,106.7195435,107.16039325,108.53572775,108.03423785,108.66359685,41996.456845,41994.2820125,41997.768337500005
