model,family,size_b,context_length,output_tokens,placement,placement_label,prefill_device,decode_device,execution_devices,repeat,compile_s,prefill_top1,first_decode_top1,final_top1,all_tokens_per_s_e2e,decode_tokens_per_s,end_to_end_ms,handoff_estimate_ms,handoff_plus_first_decode_ms,output_tokens_per_s_e2e,prefill_tokens_per_s,steady_tpot_ms,steady_tpot_p95_ms,ttft_ms,energy_net_core_j,energy_net_dram_j,energy_net_package-0_j,energy_net_psys_j,energy_net_uncore_j,prefill_energy_net_core_j,prefill_energy_net_dram_j,prefill_energy_net_package-0_j,prefill_energy_net_psys_j,prefill_energy_net_uncore_j,prefill_npu_utilization,first_decode_energy_net_core_j,first_decode_energy_net_dram_j,first_decode_energy_net_package-0_j,first_decode_energy_net_psys_j,first_decode_energy_net_uncore_j,first_decode_npu_utilization,steady_decode_energy_net_core_j,steady_decode_energy_net_dram_j,steady_decode_energy_net_package-0_j,steady_decode_energy_net_psys_j,steady_decode_energy_net_uncore_j,steady_decode_npu_utilization
llama32_1b_int8,Llama 3.2,1.0,1024,16,gpu_gpu,iGPU -> iGPU,GPU,GPU,GPU.0,0,0.9162126909941435,301,3862,42,1907.0153157882678,49.526583968453444,545.354823,22.403671,40.905667,29.33869716597335,4222.903747383753,18.501996,19.788875599999997,242.487175,4.869706007932407,1.0136573719555706,12.307904683242443,18.44812560932779,5.718044599519604,0.6917026424049043,0.29024254681472683,4.289281738717922,6.790169742052438,3.072187713166598,0.0,1.318040546862745,0.056330445959664154,1.5919852744704595,2.042851073408814,0.21848311164751041,0.0,2.8599628186647577,0.6670843791811797,6.4266376700540615,9.61510479386654,2.4273737747054946,0.0
llama32_1b_int8,Llama 3.2,1.0,1024,16,gpu_gpu,iGPU -> iGPU,GPU,GPU,GPU.0,1,0.9162126909941435,301,3862,42,1877.1956137916588,52.11187001048386,554.017915,8.331447500000001,26.744857,28.879932519871673,3847.084044604009,18.413409499999997,20.2119091,266.175625,4.700967129467138,1.034905828496558,12.135498375730915,18.316859724228774,5.647774833460066,1.1409228359195773,0.3226971371411773,4.849946278871778,7.611716878960388,3.136165133466296,0.0,0.8046229830903359,0.05041746201049467,1.002894154787824,1.275902863389692,0.1127371522941479,0.0,2.755421310457225,0.661791229344886,6.282657942071312,9.429239981878695,2.3988725476996224,0.0
llama32_1b_int8,Llama 3.2,1.0,1024,16,gpu_gpu,iGPU -> iGPU,GPU,GPU,GPU.0,2,0.9162126909941435,301,3862,42,1874.4622152133836,51.57508965667457,554.825801,8.235500499999999,26.420403,28.837880234052058,3878.9682801990316,18.1849025,21.177840149999998,263.98772199999996,5.016422372636692,1.0351010680282484,12.502466241335913,18.711188655114757,5.654793176666997,1.063876332435925,0.3220503843232001,4.772014392248202,7.530989531824492,3.134887620364849,0.0,0.8000503724406476,0.050706033399261,0.9976164502960959,1.2764119737101085,0.11115181767656346,0.0,3.1524956677601192,0.6623446503057873,6.7328353987916145,9.903787149580156,2.408753738625585,0.0
llama32_1b_int8,Llama 3.2,1.0,1024,16,gpu_npu,iGPU -> NPU,GPU,NPU,NPU,0,1.7086131712421775,301,3862,42,148.82096154622457,2.317364380536753,6988.262871000001,140.55098500000003,562.2811810000001,2.289553254557301,1986.8365443215084,421.730196,424.88146194999996,515.392171,10.080567498983621,8.080966807909084,56.685699284139446,104.05995965137166,6.054287046201612,1.2266840499226248,0.627001893221335,8.57041003200532,14.489235499544108,6.054287046201612,0.010644321564597457,3.848120450587567,0.5475095516457081,6.2569583621898435,10.463014295530266,0.0,0.8551628904684967,5.005762998473429,6.906455363042041,41.858330889944284,79.10770985629728,0.0,0.9975805257742854
llama32_1b_int8,Llama 3.2,1.0,1024,16,gpu_npu,iGPU -> NPU,GPU,NPU,NPU,1,1.7086131712421775,301,3862,42,150.89149588095285,2.353895594178355,6892.369871000001,43.915077000000025,466.545037,2.321407628937736,1969.4023420478834,422.62996,423.2597446500001,519.954698,2.32002070339317,7.992747300314696,45.117234500801,93.35507639640083,6.0119389102041385,0.7712993792780667,0.6311905381920431,8.023657017123492,13.62583379559878,5.992692689481595,0.007875686123716877,1.5487213241151034,0.49723351577379277,3.7155492270657917,6.816872880171758,0.019246220722543544,0.9898165522656711,0.0,6.86432324634886,33.378028256611714,72.9123697206303,0.0,0.9957714722090192
llama32_1b_int8,Llama 3.2,1.0,1024,16,gpu_npu,iGPU -> NPU,GPU,NPU,NPU,2,1.7086131712421775,301,3862,42,150.70276985745483,2.3498338641688186,6901.001229,43.98870450000003,466.693319,2.3185041516531513,1978.471670126976,422.7046145,423.438781,517.571222,2.448369351847128,8.018347048769025,47.3041686061112,97.37994485140828,6.059550494085931,0.9107496641662893,0.6291801905662201,8.204049433228311,13.797105319315746,6.040487577456527,0.007890701465623604,1.5376196876808388,0.5008813893007981,3.714288054694492,6.88731635109666,0.019062916629404472,0.9881778487598191,0.0,6.888285468902006,35.38583111818839,76.69552318099588,0.0,0.9962091116805163
llama32_1b_int8,Llama 3.2,1.0,1024,16,npu_gpu,NPU -> iGPU,NPU,GPU,NPU,0,2.2934929709881544,301,3862,42,179.8428590059773,2.9613857800809376,5782.826217,37.35544299999999,372.436059,2.7668132154765734,1426.91913066953,335.080616,335.84379624999997,717.630017,12.480687076334162,6.08270774485121,70.43160156286734,125.23488279425051,40.33087841814601,0.0,0.7770200368123166,6.576578220252771,10.994760008585816,0.0,0.9921365928593816,2.513008362246593,0.3621391094013646,5.861443099773321,9.390899873217428,2.5998762171383922,0.01082333437536455,9.967678714087569,4.943548598637529,57.99358024284125,104.84922291244726,37.73100220100761,0.016383321902239113
llama32_1b_int8,Llama 3.2,1.0,1024,16,npu_gpu,NPU -> iGPU,NPU,GPU,NPU,1,2.2934929709881544,301,3862,42,179.22922401211247,2.9518512264478702,5802.625134,15.447189000000028,353.156061,2.7573726771094225,1420.1152780518523,337.708872,338.54539554999997,721.068223,12.40076810846837,6.087617181921614,70.3413928460639,125.78838324140554,40.19845986599561,0.0,0.7748878967669335,6.6272031214273195,11.193504525188112,0.0,0.9927174394426199,2.661877567715565,0.358120264585989,6.0291755398692635,9.532411769299486,2.6071177560919616,0.011598271847300957,9.738890540752804,4.954609020568691,57.68501418476731,105.06246694691794,37.59134210990365,0.016283306437524223
llama32_1b_int8,Llama 3.2,1.0,1024,16,npu_gpu,NPU -> iGPU,NPU,GPU,NPU,2,2.2934929709881544,301,3862,42,179.28908692240466,2.954004738927048,5800.687693000001,13.632889500000022,351.25140700000003,2.7582936449600717,1416.6435762294961,337.6185175,339.14468779999993,722.8353109999999,13.63515086792124,6.065175844456282,71.92180003449688,129.82081002561932,40.13194046315408,0.0,0.7745916917325302,7.023012108497531,11.60635184862415,0.0,0.990291964306099,2.38694656246252,0.35745009460780824,5.8110902581067085,9.351805451128719,2.6764586621103166,0.015646912412225582,11.248204305458719,4.933134058115943,59.08769766789264,108.86265272586644,37.45548180104377,0.01627512041039174
llama32_1b_int8,Llama 3.2,1.0,1024,16,npu_npu,NPU -> NPU,NPU,NPU,NPU,0,39.75868088193238,301,3862,42,141.65457832010898,2.263154920887749,7341.802943,280.63672800000006,703.487532,2.1793012049247533,1434.4001660755237,422.850804,425.36134984999995,713.887257,3.499069742934803,8.24528792514731,47.51049548670227,98.06504860285335,0.0,0.0,0.7746685317885509,6.396435038385817,11.255546212623495,0.0,0.9922743305109871,3.499069742934803,0.5573526449942379,5.8302950888175005,10.350793506310714,0.0,0.65873662136204,0.0,6.913266748364521,35.28376535949895,76.45870888391914,0.0,0.9970076176908262
llama32_1b_int8,Llama 3.2,1.0,1024,16,npu_npu,NPU -> NPU,NPU,NPU,NPU,1,39.75868088193238,301,3862,42,147.21402460179146,2.3648895615556933,7064.544311000001,4.067814500000044,426.685509,2.264831147719869,1418.7671163982466,422.61769449999997,423.12538509999996,721.753407,5.324640091602352,8.155514691251883,50.580150941556205,93.00348856067706,0.0,0.0,0.7794191302593843,6.376598303161741,10.584513542534843,0.0,0.9899877064245018,1.8611931602880256,0.49511499267508075,4.461612530937014,7.435745652144755,0.0,0.9877649723510998,3.4634469313143263,6.880980568317417,39.74194010745745,74.98322936599746,0.0,0.9973965313374882
llama32_1b_int8,Llama 3.2,1.0,1024,16,npu_npu,NPU -> NPU,NPU,NPU,NPU,2,39.75868088193238,301,3862,42,147.54918233130718,2.367951330227088,7048.49721,1.45785100000001,423.917233,2.2699874204816486,1434.3593828475452,422.459382,423.7127591,713.907555,4.191964844814994,8.114254109946808,49.72296134585107,92.62642635184889,0.0,0.0,0.7557371110014772,6.4762925506611255,9.97195675514945,0.0,0.9918006820925154,1.6588420200127427,0.4840851974616099,4.218501073776544,6.880545057722622,0.0,0.9864331229016112,2.533122824802252,6.874431801483722,39.028167721413396,75.77392453897681,0.0,0.9965185988106176
llama32_1b_int8,Llama 3.2,1.0,1024,16,openvino_auto,OpenVINO AUTO,GPU.0,GPU.0,GPU.0,0,3.64777375664562,301,3862,42,1861.354957161596,47.46916200700933,558.732764,27.371976500000002,46.260265000000004,28.6362301101784,4218.537721348611,18.888288499999998,20.8210744,242.73814,5.001188361987226,1.0159442728992976,12.427549785068202,18.822563200037038,5.704100164361776,0.6712147217218462,0.292310703932279,4.271107397953951,6.8023137324468745,3.0735301984936467,0.0,1.4726499823192343,0.05699944972246127,1.7368610818576358,2.3299809389321826,0.21151313056744478,0.0,2.8573236579461456,0.6666341192445573,6.419581305256615,9.690268528657983,2.4190568353006845,0.0
llama32_1b_int8,Llama 3.2,1.0,1024,16,openvino_auto,OpenVINO AUTO,GPU.0,GPU.0,GPU.0,1,3.64777375664562,301,3862,42,1800.7164177971536,47.41824445026825,577.547908,11.079561999999997,29.930676,27.70332950457159,3920.1578690450588,18.851114000000003,27.2820857,261.21397,4.913939823173772,1.035155769037676,12.466150956991843,18.736767384684104,5.750876578719547,1.080839726110238,0.31920240043252035,4.903317235352802,7.691846905336532,3.248907308708361,0.0,0.9646516653823695,0.050246894887919,1.1726512263422912,1.4554999232722063,0.11682061889359877,0.0,2.8684484316811645,0.6657064737172367,6.39018249529675,9.589420556075366,2.3851486511175866,0.0
llama32_1b_int8,Llama 3.2,1.0,1024,16,openvino_auto,OpenVINO AUTO,GPU.0,GPU.0,GPU.0,2,3.64777375664562,301,3862,42,1862.152639642012,51.070785323943674,558.493422,8.3932655,27.199674,28.648502148338643,3867.3115000712523,18.8064085,20.16334925,264.783429,4.5439223113232865,1.036025148651577,11.999075302607023,18.231017415760405,5.66912765519856,0.9681751241759914,0.3217638764298128,4.667668751448581,7.438629939239017,3.128232988548179,0.0,0.8043087887233664,0.049572963581365925,1.0019917487142802,1.2860253666918524,0.11926721956644505,0.0,2.771438398423929,0.6646883086403983,6.3294148024441625,9.506362109829537,2.421627447083936,0.0
llama32_1b_int8,Llama 3.2,1.0,2048,16,gpu_gpu,iGPU -> iGPU,GPU,GPU,GPU.0,0,0.9263889649882913,78,62,42,2499.2358441102224,47.038205816823556,825.852432,25.479837000000003,44.59554,19.373921272172264,4039.7447924365906,19.115702999999996,21.151089150000004,506.96271800000005,5.832855200029027,1.326009747951041,17.909863991416557,26.58924240542516,9.77934736180752,1.5290381569398066,0.5850644887903542,9.644828212484182,14.761180456927177,7.08426933311994,0.0,1.409623362567891,0.05730510263216197,1.6574544632984802,2.0640374055535067,0.14755154454520972,0.0,2.8941936805213286,0.6836401565285248,6.607581315633894,9.764024542944478,2.547526484142372,0.0
llama32_1b_int8,Llama 3.2,1.0,2048,16,gpu_gpu,iGPU -> iGPU,GPU,GPU,GPU.0,1,0.9263889649882913,78,62,42,2411.5269783803087,49.370057160388875,855.8892430000001,11.1226,30.187937,18.69400758434348,3709.7325625356802,19.065337000000003,21.0000635,552.0613589999999,6.406459788760483,1.3773021542077621,18.65823747001719,27.67799756670073,9.86101276304203,2.6291293563273044,0.6415013044781119,10.982545370147633,16.57148087496223,7.2059418459177875,0.0,0.9155828846287015,0.052433819703007076,1.1345496469974425,1.4197285648511648,0.11798009130896239,0.0,2.8617475478044767,0.6833670300266431,6.5411424528721165,9.686788126887333,2.5370908258152793,0.0
llama32_1b_int8,Llama 3.2,1.0,2048,16,gpu_gpu,iGPU -> iGPU,GPU,GPU,GPU.0,2,0.9263889649882913,78,62,42,2427.9887018721706,50.304158055181695,850.086328,8.356150999999999,27.44187,18.821617843970312,3710.8155498870033,19.085719,20.173356150000004,551.9002419999999,5.8707971089068325,1.3758263118401013,18.146497850346556,27.20807276405998,9.878846663519754,2.0891814022288937,0.6421340203097672,10.445966186766958,16.062874585270915,7.217783176332634,0.0,0.842806743351486,0.05225662261446877,1.0486795239153213,1.341227981413312,0.1159097228767463,0.0,2.9388089633264527,0.6814356689158654,6.651852139664276,9.803970197375753,2.5451537643103745,0.0
llama32_1b_int8,Llama 3.2,1.0,2048,16,gpu_npu,iGPU -> NPU,GPU,NPU,NPU,0,2.5453991973772645,90,77,42,261.09566931502417,2.2486219237341385,7905.148351999999,271.09923549999996,695.67733,2.023997436550575,1659.1110226820779,424.5780945,436.9745024,1234.395994,6.710169419263683,9.054643112945065,62.38701554894765,120.91534786356799,13.463254530552101,3.0848182190234286,1.5223966319842657,19.57232410361749,33.142237404445424,13.463254530552101,0.00450665752889668,3.6253512002402544,0.5790623233883572,5.9074791156357715,10.129837355000317,0.0,0.711259342028581,0.0,6.953184157572442,36.90721232969439,77.64327310412224,0.0,0.9906262218068335
llama32_1b_int8,Llama 3.2,1.0,2048,16,gpu_npu,iGPU -> NPU,GPU,NPU,NPU,1,2.5453991973772645,90,2629,677,270.53318837165455,2.352734888675549,7629.378164000001,61.25908599999996,484.62726499999997,2.097156499005074,1633.4093412083357,423.368179,424.71060780000005,1253.8192040000001,2.5353926316195667,8.841422727015201,54.734830269005556,108.70242705005967,13.491334836029546,1.2955327593562118,1.5295759532131608,17.759743841468712,31.106872797664142,13.468280697902827,0.0033346115505820564,1.239859872263355,0.4913682835438019,3.3730894656575603,6.128644896528708,0.023054138126719807,0.9406548762789895,0.0,6.820478490258239,33.60199696187929,71.46690935586682,0.0,0.9964800652810829
llama32_1b_int8,Llama 3.2,1.0,2048,16,gpu_npu,iGPU -> NPU,GPU,NPU,NPU,2,2.5453991973772645,90,62,62,269.65035283756504,2.3348161437797113,7654.356756,67.01078250000003,490.969545,2.090312812694303,1665.219320316553,423.9587625,424.29067069999996,1229.868027,8.61748903222495,8.936508971540258,64.43215848399889,115.23947117847025,13.391150947929603,3.333502852177473,1.5217302442605147,19.722123132896535,33.04728088490554,13.367987816397305,0.0033621493601117903,2.1399565176531645,0.5105732213977197,4.367161610078027,7.141884072285609,0.02316313153229787,0.9451889729738735,3.1440296623943134,6.9042055058820235,40.342873741024334,75.0503062212791,0.0,0.9972810092122895
llama32_1b_int8,Llama 3.2,1.0,2048,16,npu_gpu,NPU -> iGPU,NPU,GPU,NPU,0,3.0532968305051327,78,220,42,311.95307854256913,2.890167544868063,6616.379648000001,33.672650999999995,377.214502,2.4182409189346443,1435.8134780561343,343.541851,344.83567825,1426.369115,13.214389146145434,7.144694878119375,81.18742901027177,141.19484546974348,41.84545045193081,0.0,1.5938825811518609,14.558402961035748,23.458926427935207,0.0,0.9856775397159381,2.478579195571898,0.3815349052903018,5.980033078311317,9.588581381018777,2.7102184176230653,0.014636234743700283,10.735809950573536,5.169277391677213,60.6489929709247,108.1473376607895,39.13523203430774,0.016071530873484466
llama32_1b_int8,Llama 3.2,1.0,2048,16,npu_gpu,NPU -> iGPU,NPU,GPU,NPU,1,3.0532968305051327,78,220,42,311.0753483310109,2.8814564782341243,6635.048424999999,19.078226000000033,364.97884600000003,2.4114368087675264,1432.8213921034207,345.90062,347.17273819999997,1429.3477269999998,14.09138555392094,7.135598517589196,83.11985715715846,141.44813161104162,42.01057927491993,0.2420032157132468,1.5910103919988958,15.687710211374828,23.449846264979236,0.0,0.9857923116842793,2.677900484027201,0.37622056682749083,6.225321782496067,9.729322967137811,2.7701185102104433,0.015083065937470799,11.171481854180492,5.168367558762809,61.20682516328757,108.26896237892458,39.24046076470948,0.01601682607893828
llama32_1b_int8,Llama 3.2,1.0,2048,16,npu_gpu,NPU -> iGPU,NPU,GPU,NPU,2,3.0532968305051327,78,220,42,310.02767904437223,2.869178537551115,6657.4700889999995,28.149330999999943,374.843328,2.403315341429242,1432.6759001187359,346.693997,347.44109030000004,1429.4928810000001,13.255062828434006,7.16278246298382,81.73232584771189,143.547332044418,41.66556359079202,0.0,1.594536871409336,15.098025062237484,24.34533270590014,0.0,0.9857404809279354,2.426589582971455,0.3803722419426058,5.944790410073388,9.586144171075004,2.7292042803693524,0.01480618590602205,10.82847324546255,5.187873349631879,60.689510375401014,109.61585516744286,38.93635931042267,0.015955463400486286
llama32_1b_int8,Llama 3.2,1.0,2048,16,npu_npu,NPU -> NPU,NPU,NPU,NPU,0,37.31754811760038,78,220,42,257.6765743166754,2.2774180551676513,8010.0412910000005,178.23153449999995,602.580279,1.9974928241602743,1438.570713237726,424.34874450000007,439.97973099999996,1423.635266,5.240652994449009,9.108883143251326,59.69616620786657,108.65934845938523,0.0,0.23251194201796288,1.597361111466196,15.629941157048105,24.244677969365917,0.0,0.9873519106824374,3.4551166717148583,0.552028403970258,6.143487880904962,10.003648860148756,0.0,0.7253506548958932,1.553024380716188,6.959493627814872,37.9227371699135,74.41102162987056,0.0,0.9906105644808328
llama32_1b_int8,Llama 3.2,1.0,2048,16,npu_npu,NPU -> NPU,NPU,NPU,NPU,1,37.31754811760038,78,220,42,263.71085546828317,2.3484994305787574,7826.754027,27.405574499999975,451.58689699999996,2.0442701974285513,1422.5216324021133,424.1813225,424.48525655000003,1439.696911,1.8675195726201945,9.044534963304898,53.27209770664489,103.26478887913437,0.0,0.0,1.6056562260293643,14.269477900478744,23.241593529977393,0.0,0.9785254029762935,1.8675195726201945,0.5049138729497291,4.480748543166381,7.547144850750741,0.0,0.9363734926967999,0.0,6.933964864325803,34.52187126299977,72.47605049840624,0.0,0.9972800438037207
llama32_1b_int8,Llama 3.2,1.0,2048,16,npu_npu,NPU -> NPU,NPU,NPU,NPU,2,37.31754811760038,78,220,42,264.0987138437804,2.346893317431936,7815.259567,25.631639500000027,449.97319400000003,2.0472768515021733,1438.3725256497587,424.3415545,425.6856833,1423.831423,1.9527242170806296,9.017172102342537,52.08640157677752,102.07416700708352,0.0,0.0,1.5857864064543725,14.137181049470403,23.086427129690275,0.0,0.9865739562344242,1.9527242170806296,0.5041543316827586,4.579074874913207,7.6478048425843665,0.0,0.93784475525891,0.0,6.927231364205406,33.37014565239391,71.33993503480887,0.0,0.9962155818416161
llama32_1b_int8,Llama 3.2,1.0,2048,16,openvino_auto,OpenVINO AUTO,GPU.0,GPU.0,GPU.0,0,1.2498553758487105,78,62,42,2484.246847910207,46.39220932535986,830.83531,24.441441499999996,44.094469999999994,19.257727503179904,4035.4269501417484,19.653028499999998,21.3766691,507.50516,5.7644601058551155,1.3247955889870178,17.849859104598497,26.718306467532035,9.779582143041841,1.3346283938487002,0.5820400045760581,9.454723958944086,14.618856381297263,7.080667220693006,0.0,1.3929177643436763,0.05780634688179104,1.631051014397649,2.0393126350598503,0.14303757212744625,0.0,3.0369139476627387,0.6849492375291686,6.764084131256762,10.06013745117492,2.555877350221388,0.0
llama32_1b_int8,Llama 3.2,1.0,2048,16,openvino_auto,OpenVINO AUTO,GPU.0,GPU.0,GPU.0,1,1.2498553758487105,78,62,42,2330.6852551944694,48.92013657902046,885.576461,9.528947000000002,28.978269,18.06732755964705,3537.412443493226,19.449322,21.25168785,578.954259,5.427533079471707,1.3826900379605624,17.659150982322526,27.039432773632214,9.822682881213405,1.7104353809625494,0.6477147627157847,10.051749500439131,15.867298651997107,7.1889196946089315,0.0,0.8496793896944823,0.05342085097001623,1.047220469686946,1.38765808183378,0.10955857206683829,0.0,2.867418308814675,0.6815544242747616,6.560181012196448,9.784476039801326,2.5242046145376356,0.0
llama32_1b_int8,Llama 3.2,1.0,2048,16,openvino_auto,OpenVINO AUTO,GPU.0,GPU.0,GPU.0,2,1.2498553758487105,78,62,42,2339.0249724765945,45.61475664381363,882.418967,15.7972205,35.206989,18.131976530826314,3699.5688855165245,19.409768500000002,27.8311324,553.578015,5.8169220467190605,1.3760100633157788,18.05206187077388,27.392932215624153,9.84569935652573,2.389232008288796,0.6445676686893689,10.722697138076544,16.536569760430982,7.190374735596346,0.0,0.9961331744773075,0.05199308937473115,1.196809022818414,1.5098489074454722,0.11064579835851766,0.0,2.431556863952957,0.6794493052516788,6.13255570987892,9.3465135477477,2.5446788225708663,0.0
llama32_1b_int8,Llama 3.2,1.0,4096,16,gpu_gpu,iGPU -> iGPU,GPU,GPU,GPU.0,0,0.9298171475529671,3862,3862,42,2553.5162244741937,42.62678600052458,1610.3285190000001,29.431375999999997,50.415971,9.93586079561943,3254.8309198178003,20.984595000000002,23.338537,1258.437105,7.448804040983488,2.090928691247878,32.20217429203011,48.98188234286906,21.14233357722259,3.2957330074616644,1.3074171697345922,23.659911875002145,36.52725113893668,18.08178422762315,0.0,1.55204735420731,0.06475395246329793,1.849285956701225,2.3148511843931217,0.1894716081460949,0.0,2.6010236793145127,0.7187575690499879,6.69297646032674,10.139780019539266,2.8710777414533455,0.0
llama32_1b_int8,Llama 3.2,1.0,4096,16,gpu_gpu,iGPU -> iGPU,GPU,GPU,GPU.0,1,0.9298171475529671,3862,3862,42,2447.976972452132,44.654810411616765,1679.754363,14.1995865,35.236171,9.525202227440204,3047.972140677392,21.036584499999996,23.97090205,1343.8443040000002,8.333706462208072,2.2063481679584296,33.58088817151017,51.09383446723177,21.44394920038093,4.358139592482813,1.4272659810789663,25.295915116664215,38.98642243483761,18.461736076605202,0.0,1.0719773929365626,0.05753210763227465,1.2937758668039332,1.6434006502769045,0.1226687385127779,0.0,2.903589476788697,0.7215500792471887,6.991197188042018,10.464011382117263,2.8595443852629523,0.0
llama32_1b_int8,Llama 3.2,1.0,4096,16,gpu_gpu,iGPU -> iGPU,GPU,GPU,GPU.0,2,0.9298171475529671,3862,3862,42,2446.9656000208333,45.18925753619064,1680.448634,13.936265000000002,34.911743,9.521266926151103,3037.4234814460447,20.975478,22.163374,1348.511337,8.026379000790952,2.2043447362773585,33.1708157099815,51.771856610104834,21.338174776586758,4.503408466225306,1.4280439737305337,25.34198117784128,39.713867618231795,18.356501505566808,0.0,1.0295017085318179,0.057637665672905014,1.255234037438777,1.6468384948620602,0.1264544038418733,0.0,2.4934688260338285,0.7186630968739198,6.573600494701437,10.41115049701098,2.8552188671780763,0.0
llama32_1b_int8,Llama 3.2,1.0,4096,16,gpu_npu,iGPU -> NPU,GPU,NPU,NPU,0,2.312231745570898,90,285,677,435.8369779587631,2.232437144515146,9434.720338,302.92107999999996,730.422842,1.6958637274660042,1508.3188473994755,427.501762,430.09658745,2715.606191,10.305477919304495,11.134663388151727,87.75300626831572,177.020811374277,30.235347967008952,6.781620457578564,3.5129883585490713,44.04479899135667,76.03822478500564,30.218840900506436,0.0020477932398409384,3.523857461725932,0.5914373303685847,5.832398531336601,11.204950828252759,0.016507066502517636,0.6808152366078387,0.0,7.030237699234071,37.875808745622436,89.77763576101862,0.0,0.9975887377951935
llama32_1b_int8,Llama 3.2,1.0,4096,16,gpu_npu,iGPU -> NPU,GPU,NPU,NPU,1,2.312231745570898,36802,16,16,444.97756305930875,2.3030126144046084,9240.915366,99.77610299999995,527.138339,1.7314302064564544,1501.627311978236,427.362236,429.32055635,2727.7074460000003,8.632425737069703,11.043487892685068,88.27891246912796,180.60823494322426,30.061485040989762,6.883522428867542,3.5196546971204388,45.86619079154113,82.92099385599417,30.037237083545378,0.00150309374490009,1.7489033082021608,0.5380255298525904,4.402006252610381,8.82946276809329,0.024247957444384915,0.8853539298343467,0.0,6.985807665712038,38.01071542497645,88.85777831913681,0.0,0.9974805536761769
llama32_1b_int8,Llama 3.2,1.0,4096,16,gpu_npu,iGPU -> NPU,GPU,NPU,NPU,2,2.312231745570898,36802,7952,7952,444.8465919179226,2.301778857560245,9243.636064,107.44261099999997,534.662507,1.7309205911203212,1502.0515389197349,427.219896,427.9292751,2726.937055,8.921799075363637,11.039832113960582,89.37338643505606,180.72593581273262,29.973093190507246,6.8651998223962885,3.51248120803651,45.77803384404446,82.86368270420024,29.949836663444607,0.0020462518523369434,2.0565992529673487,0.5358106984093931,4.72219099679636,9.305844354773228,0.02325652706263915,0.8734350994991313,0.0,6.99154020751468,38.87316159421525,88.55640875375914,0.0,0.99713500544601
llama32_1b_int8,Llama 3.2,1.0,4096,16,npu_gpu,NPU -> iGPU,NPU,GPU,NPU,0,3.8855112409219146,3862,3862,42,456.11792881929273,2.7009034022213303,9015.212383,41.31009500000005,408.80269000000004,1.7747779331489988,1183.2968891854523,367.492595,367.91660495,3461.515058,13.851037842318664,9.77008251214118,105.31362820765622,182.80781490733958,45.19229061185434,0.0,3.705545320943397,33.542181867763816,54.843893348133854,0.0,0.8894596581009587,2.412470942060329,0.42354585034947206,6.260082565983391,10.198469558763378,2.9726036373311446,0.010007272701654678,11.438566900258335,5.640991340848311,65.51136377390901,117.76545200044235,42.21968697452319,0.015074944289894093
llama32_1b_int8,Llama 3.2,1.0,4096,16,npu_gpu,NPU -> iGPU,NPU,GPU,NPU,1,3.8855112409219146,3862,3862,42,459.2419111081723,2.729936523390381,8953.886613,27.898746500000016,392.27911900000004,1.7869335062574798,1184.0705417425684,364.3803725,365.1548985499999,3459.25336,12.773288841113075,9.732596539695365,104.87299709711453,182.73489427230496,45.3998107390246,0.0,3.700176453729031,33.894596405548725,55.3649932292124,0.0,0.8913478369794804,2.7362589002532274,0.41921088390384065,6.626916371903214,10.607827153002416,3.0096255234708926,0.014084359152443188,10.037029940859847,5.613209202062492,64.3514843196626,116.76207389009014,42.39018521555371,0.015209449983661211
llama32_1b_int8,Llama 3.2,1.0,4096,16,npu_gpu,NPU -> iGPU,NPU,GPU,NPU,2,3.8855112409219146,3862,3862,42,458.9511835333618,2.7262184197972954,8959.558549000001,26.736093500000003,391.636702,1.785802270557828,1184.6944625257859,364.9006085,366.145509,3457.43154,17.738554108664502,9.721078625351533,111.38791578589012,186.4048787572047,45.63367937101105,2.0058800520639792,3.701049757616431,37.33509928665014,56.85614329894168,0.0,0.891103689069719,2.927411265720317,0.4195416942678895,6.74645778778817,10.662305031813315,2.945538840924138,0.010466332647239993,12.805262790880207,5.6004871734672115,67.30635871145181,118.88643042644969,42.68814053008691,0.015207934137658858
llama32_1b_int8,Llama 3.2,1.0,4096,16,npu_npu,NPU -> NPU,NPU,NPU,NPU,0,33.35357870347798,3862,3862,42,421.52610752044217,2.2664181644714048,9755.030416,206.56712299999995,633.841637,1.6401794066943276,1305.8485526589468,427.274514,429.83787159999997,3136.657763,3.5404502657045027,11.275943446858626,80.13687128872049,161.59968436900294,0.0,0.0,3.6667577572672645,32.408329331003046,56.690373580166906,0.0,0.9796867341564671,3.1234565476310747,0.5780931402324663,6.2824060755955,11.632803432328382,0.0,0.6948991266725509,0.416993718073428,7.031092549358895,41.446135882121936,93.27650735650766,0.0,0.9969795434342853
llama32_1b_int8,Llama 3.2,1.0,4096,16,npu_npu,NPU -> NPU,NPU,NPU,NPU,1,33.35357870347798,3862,3862,42,427.59779821915754,2.3146474604454443,9616.513502,64.41469799999999,492.38926399999997,1.6638046623313523,1306.103714137955,427.974566,428.75452989999997,3136.0449830000002,3.7782674656081943,11.183788623865556,75.83859366910684,133.83304953349972,0.0,0.0,3.655537352296478,32.45411840558853,52.42772655144217,0.0,0.9808679456687499,2.2471351539959583,0.5315733520803806,4.930837949372015,8.113516710792172,0.0,0.8653174046459307,1.531132311612236,6.9966779194886985,38.45363731414629,73.29180627126539,0.0,0.996256519988228
llama32_1b_int8,Llama 3.2,1.0,4096,16,npu_npu,NPU -> NPU,NPU,NPU,NPU,2,33.35357870347798,3862,3862,42,427.6789470778465,2.307676520699716,9614.688841,76.75789900000002,505.005158,1.6641204166453172,1315.0779055843502,428.247259,429.16810995,3114.644374,4.70126142734337,11.196992386293505,79.57757319503168,135.33533763991653,0.0,0.9681496983186548,3.6511432076336754,35.86353476741788,53.23525833665085,0.0,0.9855195750832771,2.2111642318798475,0.5351664802153124,4.897467028936351,7.676469869129934,0.0,0.8466111548112148,1.5219474971448683,7.010682698444517,38.81657139867744,74.42360943413576,0.0,0.9955255824662016
llama32_1b_int8,Llama 3.2,1.0,4096,16,openvino_auto,OpenVINO AUTO,GPU.0,GPU.0,GPU.0,0,1.268602297641337,3862,3862,42,2555.0832689738077,41.96387640413054,1609.340897,29.7564375,51.207821,9.941958245034272,3271.85138498228,21.451383500000002,23.49077585,1251.890602,6.752999660846191,2.0899707263533664,31.62531666682737,47.71268141940032,21.2817406026139,3.2250706881836875,1.3038200778949878,23.726022577739013,36.013778242109815,18.20960465303316,0.0,1.4097870872263383,0.06477442471454274,1.6581058403943678,2.138179012611539,0.17738498423926757,0.0,2.118141885436165,0.7213762237438361,6.241188248693991,9.560724164678962,2.8947509653414722,0.0
llama32_1b_int8,Llama 3.2,1.0,4096,16,openvino_auto,OpenVINO AUTO,GPU.0,GPU.0,GPU.0,1,1.268602297641337,3862,3862,42,2426.0120313913217,42.59560837744187,1694.9627399999997,15.639905000000002,36.929293,9.439735530705532,3050.311308211266,21.289388,28.785515299999997,1342.8137609999999,6.984477358161506,2.2018373416478525,32.28940301110159,49.405196927634535,21.52558301140923,3.3459299677601657,1.4262090513899914,24.28176363347702,37.600108189181626,18.47394419001786,0.0,1.0943344579825218,0.057150875991145766,1.3193960995655691,1.6650979496477736,0.1274872662991322,0.0,2.5442129324188185,0.7184774142667152,6.688243278059004,10.139990788805138,2.9241515550922363,0.0
llama32_1b_int8,Llama 3.2,1.0,4096,16,openvino_auto,OpenVINO AUTO,GPU.0,GPU.0,GPU.0,2,1.268602297641337,3862,3862,42,2437.672801368064,44.24691924851398,1686.854773,17.287563000000002,38.552819,9.485108176529431,3038.918064447795,21.265256,22.34375735,1347.84812,8.028837495251752,2.2013598895691655,33.326693150854275,51.01741910939927,21.488917639031843,4.231670835737612,1.4267964626033585,25.199964492468656,39.036871085251384,18.48632386567619,0.0,1.1341629482943871,0.05637937422966881,1.3670795896770718,1.7272385609884744,0.13645693681127996,0.0,2.663003711219752,0.7181840527361382,6.759649068708545,10.253309463159411,2.866136836544373,0.0
llama32_1b_int8,Llama 3.2,1.0,8192,16,gpu_gpu,iGPU -> iGPU,GPU,GPU,GPU.0,0,0.9187737042084336,220,220,42,2082.047508978877,36.37536254596342,3942.273154,36.457998499999995,61.231756,4.0585721422590195,2320.741600003964,24.7737575,26.37905115,3529.9061300000003,13.22014287345772,4.211840996560349,76.267860271753,115.44236242287683,55.94282128156837,8.538186995075304,3.341639039090629,66.38476957520002,100.96051044970281,52.21131595388718,0.0,1.9345118605926206,0.07116423827870455,2.277319643251758,2.8429165132967418,0.2193564273958206,0.0,2.747444017789795,0.7990377191910156,7.605771053301204,11.638935459877272,3.5121489002853683,0.0
llama32_1b_int8,Llama 3.2,1.0,8192,16,gpu_gpu,iGPU -> iGPU,GPU,GPU,GPU.0,1,0.9187737042084336,220,220,42,1991.9520956314186,36.702750829333525,4120.581021,24.968767500000002,49.93038000000001,3.8829475548370733,2206.9605797410436,24.9616125,29.34261885,3711.892308,15.161101073129824,4.447019548360751,79.12905894116182,119.48730836315762,56.420787612107496,10.864645808758842,3.586587183376916,69.67965596368975,105.6003058925547,52.720157741035074,0.0,1.5002628461938698,0.0661632499515164,1.769953164885304,2.2296042094339636,0.16151860398437262,0.0,2.796192418177112,0.7942691150323181,7.679449812586761,11.657398261168964,3.539111267088047,0.0
llama32_1b_int8,Llama 3.2,1.0,8192,16,gpu_gpu,iGPU -> iGPU,GPU,GPU,GPU.0,2,0.9187737042084336,220,220,42,1990.6958692511862,37.23578538601024,4123.1813090000005,23.977140999999996,48.990319,3.880498770470149,2201.947495582304,25.013178,26.34641125,3720.343022,15.006386750498745,4.426945586907501,79.19640421514639,120.41421989354143,56.648991279499754,10.512000389962555,3.563876672626402,69.52798567036655,106.20753563527235,52.9423684105152,0.0,1.4878545482010674,0.06695086772258739,1.7644581125629455,2.259781184628971,0.16506053183873398,0.0,3.006531812335122,0.7961180465585116,7.903960432216894,11.946903073640106,3.541562337145821,0.0
llama32_1b_int8,Llama 3.2,1.0,8192,16,gpu_npu,iGPU -> NPU,GPU,NPU,NPU,0,3.27463395986706,36802,16,16,610.0653383336877,2.178454620000682,13454.296588,335.5984894999999,770.3588689999999,1.1892111858356484,1247.1300366747878,434.7603795,445.4834194,6568.681500000001,21.20786964295194,16.818348760239402,153.20479536337086,276.0405017824715,73.09969127352217,15.292831796398858,8.994922622927398,106.55396282761808,184.70817953904623,73.08662310685789,0.0008394378689239232,4.442793618319598,0.6407585796575448,6.871851816220371,11.70803419159817,0.013068166664287137,0.6538199536195644,1.4722442282334853,7.18266755765446,39.77898071953243,79.62428805182711,0.0,0.9935645837900092
llama32_1b_int8,Llama 3.2,1.0,8192,16,gpu_npu,iGPU -> NPU,GPU,NPU,NPU,1,3.27463395986706,70047,7952,7952,618.8831874705861,2.2537306196768343,13262.599738,134.56575950000004,569.5752640000001,1.2063999755761912,1239.9029974361636,435.0095045,435.84573915000004,6606.968462,21.364333412430174,16.72688297634594,153.15935962492063,271.9685811072026,72.66655451770728,17.561229910003295,8.994919485441086,108.51020928171647,186.31362331462122,72.64239258888226,0.0006207082754499154,2.0431930850519615,0.5634188435049952,4.368843164171444,7.427657485960114,0.024161928825025762,0.8243862219409865,1.7599104173749183,7.168544647399861,40.28030717903272,78.22730030662129,0.0,0.9969564834823278
llama32_1b_int8,Llama 3.2,1.0,8192,16,gpu_npu,iGPU -> NPU,GPU,NPU,NPU,2,3.27463395986706,128009,7952,7952,617.1094153340514,2.2533140520654906,13300.720741,143.612658,578.06371,1.2029423300858701,1233.0183321592401,434.451052,435.03461204999996,6643.8590460000005,18.255727805729578,16.794593040524912,149.70943415091284,275.99905608116836,72.64863745549016,16.142070175081308,9.04867323423974,107.11922729380223,186.6529478929695,72.62559293456488,0.0006225297634046164,2.1136576306482695,0.5763339615288506,4.508493650687228,8.33430558549072,0.023044520925280795,0.8208403187946186,0.0,7.169585844756323,38.0817132064234,81.01180260270814,0.0,0.997453117369881
llama32_1b_int8,Llama 3.2,1.0,8192,16,npu_gpu,NPU -> iGPU,NPU,GPU,NPU,0,4.679058878682554,220,546,42,496.61629266811104,2.4233336970175614,16527.85082,47.02256699999996,456.678359,0.9680629486707818,792.4139852074026,409.655792,410.81729975,10338.030566000001,14.431273100717526,17.290338229505068,169.12663085730426,287.10666148849236,52.61784706633758,0.349107126936957,10.254471090221074,87.67889908613776,141.21631264021764,0.0,0.7766679493487579,2.828599454636393,0.5021159680627774,7.300953146490315,11.894205120643523,3.4440004550671386,0.008971303148612742,11.253566519144176,6.533751171221216,74.14677862467619,133.9961437276312,49.17384661127044,0.013523998083427866
llama32_1b_int8,Llama 3.2,1.0,8192,16,npu_gpu,NPU -> iGPU,NPU,GPU,NPU,1,4.679058878682554,220,546,42,498.13977647770184,2.425915661098075,16477.302932999995,37.75413150000001,447.274133,0.9710327026855787,795.797917867858,409.52000150000003,410.9637322499999,10294.070662999999,22.304257956973135,17.23810300137656,176.6964744699542,297.87338556304815,52.238589576815826,6.984107631951332,10.232972658008013,94.42718477010209,149.7647706514328,0.0,0.7801062633914038,2.6808997323346917,0.5005970021911668,7.133413990278873,11.793604830236031,3.421497741026357,0.00909956489703821,12.639250592687112,6.504533341177382,75.13587570957326,136.31501008137934,48.81709183578947,0.013486151424469505
llama32_1b_int8,Llama 3.2,1.0,8192,16,npu_gpu,NPU -> iGPU,NPU,GPU,NPU,2,4.679058878682554,220,546,42,497.98676712177,2.4228681338878437,16482.365680999996,37.92101399999998,448.022276,0.9707344388338597,796.0078318269979,410.101262,411.3818676,10291.356029999999,21.383648292939057,17.29025283796562,175.80124998157092,297.45268530687486,52.24180862715098,6.86717532081078,10.247671323023088,94.23325267504548,148.98026179406457,0.0,0.7801608433908199,2.698247450440463,0.5019829131723665,7.162657791007343,11.88874136964856,3.4268682067527885,0.012354296418957526,11.818225521687815,6.540598601770165,74.4053395155181,136.58368214316172,48.814940420398194,0.013490365717546087
llama32_1b_int8,Llama 3.2,1.0,8192,16,npu_npu,NPU -> NPU,NPU,NPU,NPU,0,53.42489528097212,220,546,42,551.4070939742749,2.2073063755501106,14885.553867000002,291.09045249999997,724.5356859999999,1.074867629579483,1012.6155654590768,433.4452335,436.2366568,8089.9408220000005,4.127896751092139,17.603142807633017,124.97158133227556,214.7099383051866,0.0,0.0,9.777334535416475,82.5518638104348,129.08583835500824,0.0,0.9870033879958583,4.127896751092139,0.6343757364748557,6.473770506375574,10.727708018077823,0.0,0.8026878609813568,0.0,7.191432535741686,35.945947015465194,74.89639193210053,0.0,0.9963455647674938
llama32_1b_int8,Llama 3.2,1.0,8192,16,npu_npu,NPU -> NPU,NPU,NPU,NPU,1,53.42489528097212,220,546,42,558.4689838488788,2.270462291194445,14697.324717000001,103.25122000000003,536.801988,1.0886334967814402,1012.515461240562,433.55076799999995,435.5378425,8090.740649,2.0158631167335703,17.507700741774087,120.93891984050421,212.9817217005283,0.0,0.0,9.782538912356925,80.10167838199966,129.9941046536045,0.0,0.9862088461562797,2.0158631167335703,0.5701123105904443,4.763551445771151,8.154585603170737,0.0,0.8068356855638172,0.0,7.155049518826717,36.073690012733394,74.83303144375307,0.0,0.9970268982045563
llama32_1b_int8,Llama 3.2,1.0,8192,16,npu_npu,NPU -> NPU,NPU,NPU,NPU,2,53.42489528097212,220,546,42,558.810161491774,2.269622721831468,14688.351368,106.45625449999996,539.641592,1.089298560412815,1013.9462890817163,433.1853375,435.04388925000006,8079.32342,7.942192698221295,17.474954568026238,130.8872032578295,218.69164459427475,0.0,0.0,9.76484140178345,82.13575632522,132.39820443540242,0.0,0.9872190510724721,2.7167899185214894,0.5723774867330518,5.496737327090319,8.620068183566431,0.0,0.8052233305249015,5.225402779699806,7.137735679509737,43.254709605519174,77.6733719753059,0.0,0.996557089172723
llama32_1b_int8,Llama 3.2,1.0,8192,16,openvino_auto,OpenVINO AUTO,GPU.0,GPU.0,GPU.0,0,1.2622501756995916,220,220,42,2075.476982558595,35.73533322996928,3954.753567,35.596438500000005,60.869099000000006,4.045764098554766,2317.396837806781,25.272660499999997,27.1837007,3535.0009400000004,14.536360274757469,4.189258679264869,78.20364104273662,117.41862227655605,56.40733368703925,10.630235379709609,3.3256564153744756,69.04419209866869,103.51207050107045,52.624390505574056,0.0,1.6245676216515563,0.07067842269971902,1.9702844210512094,2.5813650807006607,0.22491117112402453,0.0,2.281557273396304,0.7929238411906746,7.189164523016721,11.325186694784936,3.558032010341169,0.0
llama32_1b_int8,Llama 3.2,1.0,8192,16,openvino_auto,OpenVINO AUTO,GPU.0,GPU.0,GPU.0,1,1.2622501756995916,220,220,42,1992.2299817125863,36.494099451530175,4120.006262,26.5526555,51.795921,3.8834892431044565,2208.692952151812,25.2432655,27.533039849999994,3708.980912,14.32960451091945,4.452929623794667,78.48722940757013,119.67482173749622,56.55848279080935,10.69132566170237,3.5866778645180597,69.6972398867223,106.3893370685378,52.83881571165557,0.0,1.4729988045825173,0.06746350014670421,1.72101629950902,2.2476462854223627,0.16950977817801205,0.0,2.165280044634563,0.7987882591299027,7.068973221338803,11.03783838353606,3.5501573009757648,0.0
llama32_1b_int8,Llama 3.2,1.0,8192,16,openvino_auto,OpenVINO AUTO,GPU.0,GPU.0,GPU.0,2,1.2622501756995916,220,220,42,1976.662021118378,33.83165717883779,4152.454953,46.10371549999999,71.09170099999999,3.8531423413613606,2208.632021224682,24.9879855,32.49572025,3709.083234,15.958194240200168,4.448294795352054,79.80397505064866,120.65317106950292,56.30652524581869,11.11931840151417,3.585404333442341,69.84170745214915,106.03843827763923,52.64344250181609,0.0,1.944383829794237,0.06689624264354624,2.2130560612422685,2.794877088036957,0.16184120685909914,0.0,2.8944920088917625,0.7959942192661666,7.749211537257237,11.819855703826725,3.501241537143501,0.0
llama32_3b_int8,Llama 3.2,3.0,1024,16,gpu_gpu,iGPU -> iGPU,GPU,GPU,GPU.0,0,2.0611321507021785,198,391,42,893.7285412286124,21.443154642345984,1163.664303,21.714175,66.863352,13.749669865055575,2206.2291483875338,45.149177,45.60102535,464.14036400000003,7.390312137002354,2.5726225638626246,26.23129497765131,40.668361802898225,14.417925585393201,1.2031877392315202,0.708612050472514,10.31008944863422,16.02465304967044,7.846501152167769,0.0,2.0871145266973445,0.13168803408121915,2.787746077953745,3.588335296674306,0.4759358782549564,0.0,4.10000987107349,1.7323224793088914,13.133459451063345,21.055373456553475,6.095488554970475,0.0
llama32_3b_int8,Llama 3.2,3.0,1024,16,gpu_gpu,iGPU -> iGPU,GPU,GPU,GPU.0,1,2.0611321507021785,198,391,42,884.498936208877,21.803313353886523,1175.806954,7.498630999999999,52.738117,13.607675941675032,2099.0569447562425,45.239486,46.2873215,487.838123,7.675752678894423,2.5920836501479694,26.543213960127062,41.09979778246909,14.382622683538228,1.692969525599227,0.7357518616528975,10.916547279298019,16.845984043134415,7.893754553376795,0.0,1.575062046150486,0.12630578628831415,2.1987280978018084,2.8838284892742028,0.41145084594524434,0.0,4.4077211071447095,1.7300260022067575,13.427938583027236,21.36998525006047,6.077417284216188,0.0
llama32_3b_int8,Llama 3.2,3.0,1024,16,gpu_gpu,iGPU -> iGPU,GPU,GPU,GPU.0,2,2.0611321507021785,198,391,42,885.9227589161226,21.841897607639044,1173.91724,6.797708499999999,51.972918,13.629580906401886,2101.962752263473,45.1752095,46.385402199999994,487.163723,7.390098292851208,2.590246810125504,26.231245924171635,40.35446376872919,14.37524055891799,1.698056618296035,0.7345120917643586,10.900743303907912,16.700227806977946,7.886858936420003,0.0,1.5430537113617924,0.12602763168431055,2.17487721404212,2.833665272192806,0.41340541519684554,0.0,4.148987963193381,1.729707086676835,13.155625406221603,20.82057068955844,6.074976207301143,0.0
llama32_3b_int8,Llama 3.2,3.0,1024,16,gpu_npu,iGPU -> NPU,GPU,NPU,NPU,0,3.387384426780045,198,75,42,23.653069207818387,0.3505380932710575,43968.9239,326.19255749999974,3156.4227969999997,0.3638933724279752,869.5882035849195,2830.2302395,2843.08371785,1177.5688719999998,7.957280057545766,28.81540097460911,189.57054623925083,362.4794018919618,15.86924907023941,1.7012255880608311,1.6466620993390642,20.739051777798156,35.667801946339694,15.86924907023941,0.006760538758534711,6.256054469484935,1.9927965895257858,17.91316934829043,34.02467633146976,0.0,0.9256190275830148,0.0,25.17594228574426,150.91832511316224,292.78692361415233,0.0,0.9995167336003411
llama32_3b_int8,Llama 3.2,3.0,1024,16,gpu_npu,iGPU -> NPU,GPU,NPU,NPU,1,3.387384426780045,198,75,42,23.91852011856138,0.35461598073805084,43480.950947000005,39.918366499999806,2863.89178,0.367977232593252,866.5681301411138,2823.9734135,2834.420744,1181.6728130000001,1.9787956457090536,28.48236733330901,164.63154952473354,338.13353289056676,15.824975453983598,1.7218708034297037,1.6467531777052267,20.765971270834108,34.85651126048444,15.816749653976467,0.005108859181310453,0.25692484227935,1.8127190429981348,11.491138382721436,24.07655902822064,0.008225800007130121,0.9948584719217288,0.0,25.02289511260565,132.374439871178,279.20046260186166,0.0,0.9994842359646887
llama32_3b_int8,Llama 3.2,3.0,1024,16,gpu_npu,iGPU -> NPU,GPU,NPU,NPU,2,3.387384426780045,198,75,42,23.854587823763186,0.35362107816781063,43597.48354000001,0.0,2781.668422,0.3669936588271259,868.3870964689012,2833.2960519999997,2838.0516805,1179.197623,0.23188825644306776,28.598442683452475,171.18701897226953,352.54414639053226,15.972671151717215,0.23188825644306776,1.639600915115647,19.33065817315345,33.255348155113545,15.969953730036252,0.006825827870584166,0.0,1.7600826800162985,9.95245471260001,18.739823008523217,0.0027174216809628315,0.9968707909500797,0.0,25.19875908832053,141.90390608651606,300.5489752268955,0.0,0.9995832768776981
llama32_3b_int8,Llama 3.2,3.0,1024,16,npu_gpu,NPU -> iGPU,NPU,GPU,NPU,0,3.839197274297476,198,391,42,69.65827708934658,1.3007896129247927,14930.027607,95.19777800000007,855.447448,1.0716658013745628,301.30317628367914,760.24967,769.93028165,3398.570213,24.74283792880279,15.842094441148298,176.90537077955608,311.4419105782314,102.10652256609018,0.0,2.776924565160856,22.881143889740308,38.972253609925986,0.0,0.9970778261511232,3.5207570431910673,0.8990759672743294,12.038062333714596,20.275610970915217,6.688047669064529,0.006989324725883103,21.22208088561172,12.166093908713112,141.9861645561012,252.19404599739016,95.41847489702565,0.010248023423862778
llama32_3b_int8,Llama 3.2,3.0,1024,16,npu_gpu,NPU -> iGPU,NPU,GPU,NPU,1,3.839197274297476,198,391,42,69.77341427749987,1.3021682525629998,14905.390696,23.294821999999993,788.450739,1.0734371427307672,302.40905806702153,765.1559169999999,772.20370315,3386.141958,25.939760625468637,15.738897781067617,178.01191453080276,316.93900126944885,102.8006366033066,0.0,2.7394821050688005,22.177347613054422,38.23245867087228,0.0,0.9964641299306094,3.3702948146888123,0.8745103973226684,11.95730974598164,20.132599661055686,6.729139064294883,0.007618738499273574,22.569465810779825,12.124905278676149,143.8772571717667,258.5739429375209,96.07149753901172,0.01021797260653103
llama32_3b_int8,Llama 3.2,3.0,1024,16,npu_gpu,NPU -> iGPU,NPU,GPU,NPU,2,3.839197274297476,198,391,42,69.49635678904664,1.2979739010911988,14964.813237,13.079964999999971,783.580886,1.069174719831487,300.439465980456,770.5009210000001,775.03915855,3408.340501,29.0179983036741,15.802202851954725,184.60070751555747,325.21763102197633,102.35189226523185,1.5006082196049384,2.768857598519031,27.595497914536054,43.86566953183097,0.0,0.996355850890967,3.3468782871218328,0.8754235303994617,11.99272279359962,20.45245241710804,6.811852051271627,0.0076597070031133975,24.17051179694733,12.157921723036232,145.0124868074218,260.89950907303734,95.54004021396022,0.010163937550343085
llama32_3b_int8,Llama 3.2,3.0,1024,16,npu_npu,NPU -> NPU,NPU,NPU,NPU,0,82.76745011471212,198,391,42,22.603899264942743,0.35219711901948,46009.760874,241.81799150000006,3069.452838,0.3477522963837345,299.41742211826534,2827.6348465,2837.4425005,3419.974672,5.598166017237903,29.886975996877723,179.5221221248272,329.64443913495234,0.0,0.0,2.7762517332727557,22.72438703703796,37.82227647545754,0.0,0.9964585492111504,5.598166017237903,1.9638990832955678,17.273622768104275,30.46081236004113,0.0,0.9632853658460413,0.0,25.1468251803094,139.52411231968497,261.36135029945365,0.0,0.9994533607851679
llama32_3b_int8,Llama 3.2,3.0,1024,16,npu_npu,NPU -> NPU,NPU,NPU,NPU,1,82.76745011471212,198,391,42,22.648072471293233,0.3530678521151351,45920.022612,18.52964849999994,2850.05722,0.34843188417374205,298.08419789768215,2831.5275715000002,2835.7897153,3435.270998,0.0,29.733644709295564,179.42449521715685,340.50019084505726,0.0,0.0,2.789150754838701,23.339457473047805,38.87730004545805,0.0,0.9970799980537663,0.0,1.8137785656120373,11.142728341658348,21.366402351706924,0.0,0.9964778882579767,0.0,25.130715388844827,144.9423094024507,280.2564884478923,0.0,0.9996243847914656
llama32_3b_int8,Llama 3.2,3.0,1024,16,npu_npu,NPU -> NPU,NPU,NPU,NPU,2,82.76745011471212,198,391,42,22.701625603450974,0.35383467329368246,45811.697284,0.0,2802.679204,0.3492557785146304,299.50124525598216,2830.874669,2835.3839708,3419.0175040000004,0.0,29.651441832645954,184.57139871903527,355.65710827948345,0.0,0.0,2.7808331336039043,23.835548146628412,44.6376452942336,0.0,0.9980258936983787,0.0,1.7896399579022035,12.782260621302393,28.312408484066065,0.0,0.9969396411877041,0.0,25.080968741139845,147.95358995110448,282.7070545011838,0.0,0.9995664163740778
llama32_3b_int8,Llama 3.2,3.0,1024,16,openvino_auto,OpenVINO AUTO,GPU.0,GPU.0,GPU.0,0,6.118285909295082,198,391,42,873.0479414045815,20.61800294823422,1191.2289700000001,42.4299695,87.554513,13.431506790839714,2208.279434368459,45.1245435,48.3428533,463.709431,7.377487538058631,2.5681751437442983,26.265226729168912,40.856420726895024,14.44039105644083,1.0462071810688776,0.7033392870985851,10.141383144055654,15.964055437869412,7.828008035914743,0.0,2.465247228658227,0.13223540214276944,3.2414690701152584,4.063624486440815,0.5394304453224391,0.0,3.8660331283315257,1.7326004545029436,12.882374514998,20.828740802584797,6.072952575203648,0.0
llama32_3b_int8,Llama 3.2,3.0,1024,16,openvino_auto,OpenVINO AUTO,GPU.0,GPU.0,GPU.0,1,6.118285909295082,198,391,42,882.7828616728768,21.749894489086845,1178.092649,5.1198805,50.554757,13.581274794967337,2096.495586628036,45.4348765,47.1721893,488.434131,6.971028772590107,2.5904841975462247,25.746044168970904,40.37300863796533,14.392993996090206,1.7669008100712922,0.7353248771981649,11.007556757679255,17.074449491543586,7.9088903310980045,0.0,1.597796655389073,0.12846370114027117,2.122910391948098,2.9319617100117634,0.413164323527123,0.0,3.606331307129742,1.726695619207789,12.61557701934355,20.366597436409975,6.0709393414650785,0.0
llama32_3b_int8,Llama 3.2,3.0,1024,16,openvino_auto,OpenVINO AUTO,GPU.0,GPU.0,GPU.0,2,6.118285909295082,198,391,42,889.6260840064963,21.845992036139723,1169.030471,6.429951999999996,51.736864,13.68655513856148,2122.6947982764887,45.306912000000004,45.741483599999995,482.405667,7.0193177514586935,2.5875066277049155,25.986406216363015,40.321036416230505,14.486396580585662,1.6720629524962192,0.7320108293966516,11.048656410193875,17.002824932070315,8.057583694126166,0.0,1.5049663335199361,0.1270638194107798,2.062789939895121,2.717791882626259,0.3431548992906792,0.0,3.8422884654425387,1.728431978897484,12.87495986627402,20.600419601533932,6.085657987168817,0.0
llama32_3b_int8,Llama 3.2,3.0,2048,16,gpu_gpu,iGPU -> iGPU,GPU,GPU,GPU.0,0,2.0173842906951904,277,319,42,1176.5794674398876,20.726547655355102,1754.23765,24.20937499999999,70.64925199999999,9.120771065425485,1987.3305291640254,46.439877,47.540960549999994,1030.528123,8.021161268266845,3.434099204791166,38.53564504158907,60.94014955563495,24.534120451857497,2.44518392472319,1.5059053266753635,22.87885263881272,36.08086470765765,17.742043617850953,0.0,2.0584319394481665,0.13536039146707216,2.715669065986668,3.5398141765153177,0.41293911422280677,0.0,3.5175454040954888,1.7928334866487305,12.941123336789683,21.319470671461982,6.379137719783737,0.0
llama32_3b_int8,Llama 3.2,3.0,2048,16,gpu_gpu,iGPU -> iGPU,GPU,GPU,GPU.0,1,2.0173842906951904,277,319,42,1148.1794894635366,21.019551024295893,1797.628349,10.043436499999995,56.551448,8.900616197391756,1889.2866631692661,46.5080115,49.177281199999996,1084.007017,7.955263442990602,3.493423860557556,38.458411144344865,60.63601414339783,24.41421946726149,3.2898135843543064,1.5737858055744758,23.82176791494572,37.257420021187905,17.713917944628644,0.0,1.6114246444799465,0.13136706087732922,2.1695493395653447,2.8508350081944083,0.3259940256582634,0.0,3.054025214156349,1.7882709941057506,12.467093889833796,20.52775911401552,6.3743074969745805,0.0
llama32_3b_int8,Llama 3.2,3.0,2048,16,gpu_gpu,iGPU -> iGPU,GPU,GPU,GPU.0,2,2.0173842906951904,277,319,42,1150.264065770481,21.08805854058547,1794.370581,10.457617999999995,57.002985,8.916775703647138,1890.925458695398,46.545367000000006,47.9484357,1083.067548,10.270344860797088,3.4982703655660883,40.7864916311855,62.82659244452626,24.412701148213305,4.043757607015602,1.5721931194187584,24.56956501935146,37.769399945795435,17.704398871268946,0.0,1.6951047545970304,0.13211124636689206,2.2472146867550276,2.948027035021786,0.3332560996571052,0.0,4.531482499184457,1.7939659997804378,13.969711925079007,22.10916546370904,6.375046177287255,0.0
llama32_3b_int8,Llama 3.2,3.0,2048,16,gpu_npu,iGPU -> NPU,GPU,NPU,NPU,0,4.600884560495615,90,482,482,45.300955440330995,0.35056519416643034,45561.952942,321.6098180000002,3152.5721080000003,0.3511701972118682,738.3090967119683,2830.96229,2841.2571242,2773.905955,15.725068442291173,31.218251041672428,206.25532387727927,416.2282920438131,34.21956534076053,7.591578596466409,3.8481078517461675,49.27589047660726,83.41738197749444,34.21956534076053,0.00286671578957694,8.133489845824764,2.0230934941546,19.84450153043166,35.01636163323709,0.0,0.923389822745967,0.0,25.34704969577166,137.13493187024034,297.79454843308156,0.0,0.9995025698806387
llama32_3b_int8,Llama 3.2,3.0,2048,16,gpu_npu,iGPU -> NPU,GPU,NPU,NPU,1,4.600884560495615,264,482,482,45.654317265958525,0.35346368333711886,45209.306011,80.1981650000001,2909.728755,0.35390943617022114,738.7816821334334,2829.53059,2833.088879,2772.1315369999998,8.882320731747846,30.913155394914657,216.5989640755482,456.20507766707647,34.092508778341525,7.3868961464617895,3.848225819928135,48.9633066942381,81.3751595709608,34.086817979694054,0.0028573680196186156,1.495424585286056,1.820009805508082,12.684257452015492,21.66301523940568,0.005690798647468697,0.9731810895204903,0.0,25.24491976947844,154.9513999292946,353.16690285670995,0.0,0.9996101767083676
llama32_3b_int8,Llama 3.2,3.0,2048,16,gpu_npu,iGPU -> NPU,GPU,NPU,NPU,2,4.600884560495615,264,51,356,45.623767078164434,0.3531292789237527,45239.578671,84.35156649999965,2914.522679,0.35367261300902664,741.4333469689009,2830.1711125000006,2836.0547847,2762.217276,6.586426760395378,30.891141718689827,210.84378081287474,403.28667631313886,33.91740927900479,6.313034257246709,3.8419017008461136,47.69690014644438,80.66899613762173,33.90129231162071,0.0021953378007907296,0.2733925031486688,1.8365296536088287,11.645854078032752,23.997313522300352,0.016116967384081145,0.9729675532917683,0.0,25.212710364234884,151.50102658839762,298.62036665321676,0.0,0.9996117135044259
llama32_3b_int8,Llama 3.2,3.0,2048,16,npu_gpu,NPU -> iGPU,NPU,GPU,NPU,0,6.611713856458664,277,319,42,103.42685195283394,1.157019334552085,19956.132871,1022.4596350000002,1818.841815,0.8017585422700305,292.9151439469452,796.38218,802.9757393,6991.785991000001,35.15909512008432,19.84931303876074,219.82270601381924,382.82062867449895,106.46429103098988,0.0,5.709537073878404,48.42056935830374,80.53542529705314,0.0,0.9872554750510526,10.515562505151653,1.381771082536118,20.40216559743628,33.33107406949398,7.1116699631985085,0.004383558775835599,24.643532614932663,12.75800488234622,150.9999710580792,268.95412930795186,99.35262106779138,0.009996855176163343
llama32_3b_int8,Llama 3.2,3.0,2048,16,npu_gpu,NPU -> iGPU,NPU,GPU,NPU,1,6.611713856458664,277,319,42,108.46135922210885,1.2484132829467474,19029.818681999997,37.27663000000003,836.720949,0.8407857304039447,291.9638585386874,799.4443190000001,802.97972795,7014.566838000001,26.080092274812127,19.519575336663337,212.89659917554053,372.3054283923051,106.74596041213375,0.0,5.760340618368337,51.45671895606882,85.08413566934466,0.0,0.9881709248886908,3.396573119812782,0.9419529616931417,12.354931415443765,20.982934782337384,7.015478072915736,0.007238972571726538,22.683519154999345,12.817281756601858,149.08494880402793,266.238357940623,99.73048233921801,0.009942809215629045
llama32_3b_int8,Llama 3.2,3.0,2048,16,npu_gpu,NPU -> iGPU,NPU,GPU,NPU,2,6.611713856458664,277,319,42,108.34020493987056,1.2489087832272265,19051.099277,36.08940000000005,831.8340450000001,0.8398465499214771,290.8837029183136,795.744645,804.5312756000001,7040.614443,26.864060009119086,19.479844095294993,213.83839521984925,384.5552422206193,107.63366318820256,0.0,5.76949004247503,50.74885388960412,88.13742385743099,0.0,0.987899430697458,3.663486961379215,0.9392748485801818,12.681379356016407,21.406355809617935,7.062729094860259,0.0072923199482656425,23.20057304773987,12.771079204239783,150.4081619742287,275.01146255357037,100.5709340933423,0.009942970945060085
llama32_3b_int8,Llama 3.2,3.0,2048,16,npu_npu,NPU -> NPU,NPU,NPU,NPU,0,76.00955897755921,277,319,42,41.5666882161368,0.35169495962274216,49655.146670999995,247.3666214999999,3084.350226,0.3222223892723783,292.38139561749716,2836.9836045,2846.5454363499994,7004.549642,6.75084910593257,32.93666394762775,190.97697516598907,353.2761936063624,0.0,0.0,5.736980345070011,50.92853678697945,78.48408029212395,0.0,0.9918283622894482,6.75084910593257,1.9749889155794949,18.43906923317673,29.60396431056093,0.0,0.9617228209025053,0.0,25.224694686978243,121.60936914583289,245.18814900367755,0.0,0.9994452897412971
llama32_3b_int8,Llama 3.2,3.0,2048,16,npu_npu,NPU -> NPU,NPU,NPU,NPU,1,76.00955897755921,277,319,42,41.77756164584472,0.3533832798573502,49404.510906999996,82.42263350000023,2918.461713,0.3238570670220521,294.35095159633295,2836.0390795,2842.2168186,6957.680921,1.097605515636987,32.66128480365662,186.55056166734664,344.7892212267581,0.0,0.0,5.658320270479072,43.32828101229566,72.15428513064904,0.0,0.9909885317087825,1.097605515636987,1.8497053935541592,12.559245590391576,22.165615282778354,0.0,0.9726034737259547,0.0,25.153259139623387,130.6630350646594,250.46932081333074,0.0,0.9992685943219228
llama32_3b_int8,Llama 3.2,3.0,2048,16,npu_npu,NPU -> NPU,NPU,NPU,NPU,2,76.00955897755921,277,319,42,41.732074903010925,0.35335063986550913,49458.360381,77.02533249999988,2916.154561,0.32350445661248783,292.25372947873905,2839.1292285,2843.7776596,7007.609461999999,0.0,32.73965603054697,201.38875611290442,368.524125995174,0.0,0.0,5.746578464554512,48.28640700957458,81.03495313574241,0.0,0.9909604748461653,0.0,1.8376448619618073,11.21644743574562,21.977526730416447,0.0,0.9722029270724927,0.0,25.15543270403065,141.88590166758422,265.51164612901516,0.0,0.9995304022372737
llama32_3b_int8,Llama 3.2,3.0,2048,16,openvino_auto,OpenVINO AUTO,GPU.0,GPU.0,GPU.0,0,2.638357453979552,277,319,42,1165.7881920767334,20.467909566738868,1770.475987,25.5294935,72.403367,9.037117768036692,1973.7448204244893,46.873873499999995,48.84929755,1037.6214690000002,8.929563442758232,3.4388836074758435,39.47840416441417,61.519909220295894,24.538420150668735,2.7631959964483785,1.5109306748719642,23.191279545306653,36.08612454805141,17.701623070988543,0.0,2.108508983641729,0.1362898466391278,2.7660823600946394,3.623509091625943,0.4261805169261919,0.0,4.057858462668125,1.7916630859647515,13.521042259012884,21.81027558061854,6.410616562754001,0.0
llama32_3b_int8,Llama 3.2,3.0,2048,16,openvino_auto,OpenVINO AUTO,GPU.0,GPU.0,GPU.0,1,2.638357453979552,277,319,42,1150.2528681854812,20.938781151539047,1794.3880490000001,10.557741000000002,57.29728,8.916688900662646,1899.7898462304997,46.73953899999999,48.9945858,1078.013973,8.77603630874604,3.480257397672276,39.691622735453166,63.10644291131331,24.815226112390352,3.48607424969839,1.558491573504653,24.35195445142878,38.32050044852463,18.044007235018324,0.0,1.6219429182755487,0.1327541583024608,2.1811652396204364,2.940014167383394,0.3340494961240374,0.0,3.668019140772101,1.789011665865162,13.158503044403945,21.84592829540528,6.437169381247992,0.0
llama32_3b_int8,Llama 3.2,3.0,2048,16,openvino_auto,OpenVINO AUTO,GPU.0,GPU.0,GPU.0,2,2.638357453979552,277,319,42,1144.517717656622,20.85749567022376,1803.379684,10.038121499999997,57.211912,8.872230369431177,1888.9263928706412,47.1737905,47.83467325,1084.213767,9.139872441529455,3.4896181835734206,40.03680249368539,62.8227101239138,24.804160672562777,3.380779089818326,1.565379662224024,24.263949931051748,37.986749914834625,18.065052520630744,0.0,1.7195980844934329,0.1331639853667479,2.27959724711287,3.0320116784507047,0.33349967119466695,0.0,4.039495267217696,1.791074535982649,13.493255315520777,21.80394853062847,6.405608480737366,0.0
llama32_3b_int8,Llama 3.2,3.0,4096,16,gpu_gpu,iGPU -> iGPU,GPU,GPU,GPU.0,0,2.066939522512257,198,437,42,1250.0081355405466,19.22243733923699,3289.57859,28.408833999999995,78.28563,4.863844885371776,1632.3664458370042,49.876796,51.22091904999999,2509.240502,12.305556044920888,5.201099757598017,73.12268548933886,112.75655797033836,51.78663981179336,6.275352805884725,3.1412134076360023,56.019796107176205,86.10783125428864,44.21837411027003,0.0,2.0992075744098124,0.14688095254936834,2.833594885274254,3.735385911132857,0.48531145372350704,0.0,3.93099566462635,1.9130053974126469,14.269294496888406,22.913340804916867,7.082954247799824,0.0
llama32_3b_int8,Llama 3.2,3.0,4096,16,gpu_gpu,iGPU -> iGPU,GPU,GPU,GPU.0,1,2.066939522512257,198,437,42,1219.3060014888113,19.511671688838714,3372.410203,15.7825625,65.727141,4.744381328750238,1573.1824141342943,49.944578500000006,51.5415761,2603.63958,13.027064879595953,5.301213848639689,74.06952081765412,113.35277626691649,51.802826942724884,8.074639831526452,3.2480228796143984,58.137634935181424,88.23712526896685,44.306315518924116,0.0,1.4964676538713262,0.14246435327038492,2.1481230995893204,2.865635040000851,0.4084942083689934,0.0,3.4559573941981747,1.9107266157549057,13.783762782883374,22.25001595794879,7.088017215431775,0.0
llama32_3b_int8,Llama 3.2,3.0,4096,16,gpu_gpu,iGPU -> iGPU,GPU,GPU,GPU.0,2,2.066939522512257,198,437,42,1215.2757694658549,19.420640098341977,3383.5941629999998,15.428941000000002,65.724407,4.728699492085038,1568.6154166388476,50.295466,51.33547565,2611.220033,13.151770971829947,5.330932117148916,74.1324442244215,114.99682763121737,51.70374400693023,7.470557110777938,3.2745261520237756,57.45938335240985,88.50010258990994,44.189599973114454,0.0,1.9799944094991928,0.14142775687822112,2.640384230510559,3.43884298308559,0.41844321397581447,0.0,3.701219451552816,1.9149782082469196,14.032676641501093,23.057882058221836,7.095700819839958,0.0
llama32_3b_int8,Llama 3.2,3.0,4096,16,gpu_npu,iGPU -> NPU,GPU,NPU,NPU,0,4.4918860103935,264,482,482,83.77164439253022,0.34790355619232305,49085.82169800001,383.56230800000014,3235.5486020000003,0.32595970580751055,686.0483666905687,2851.986294,2857.6360343,5970.424534,27.611110732067992,36.137632607265054,268.73373389815714,515.5996329994724,73.38197699777359,17.739864040273687,8.384400673966226,107.69114583460865,181.36631988244037,73.38197699777359,0.0013310611255102414,9.871246691794303,2.08608520476214,21.79906102078055,36.64960916095637,0.0,0.9319319135358177,0.0,25.66714672853669,139.24352704276794,297.5837039560757,0.0,0.9995107914722979
llama32_3b_int8,Llama 3.2,3.0,4096,16,gpu_npu,iGPU -> NPU,GPU,NPU,NPU,1,4.4918860103935,7998,4194,4194,84.33804620679349,0.35072200275412563,48756.168596999996,137.94935100000006,2981.1145030000002,0.32816360391748445,684.1201665016004,2843.165152,2850.5488406500003,5987.252241,16.768790329470416,35.73265616168786,271.44822177429415,502.10100418375544,73.09470189040118,16.768790329470416,8.427213500077963,106.50730031696173,179.11492883976672,73.07212948791909,0.0010059706452243992,0.0,1.8960310874078785,11.408850257223559,25.050465994509803,0.02257240248209243,0.9551994722558967,0.0,25.409411574202025,153.53207120010887,297.9356093494789,0.0,0.9994382234765676
llama32_3b_int8,Llama 3.2,3.0,4096,16,gpu_npu,iGPU -> NPU,GPU,NPU,NPU,2,4.4918860103935,7998,4194,4194,84.35435017707198,0.3509486141449779,48746.745027,150.98215700000006,2997.3252380000004,0.3282270434905525,682.04770473703,2846.343081,2850.6773291,6005.445032,17.617928996176946,35.81104012682942,250.48523552391316,502.95500760038215,73.0122343364822,16.708027239914284,8.44070050592654,106.19586454090647,179.77420083736797,72.99347917858334,0.001012914108377772,0.9099017562626628,1.923230660679057,12.63396794760098,26.656262767811924,0.018755157898846894,0.9540769762804098,0.0,25.447108960223822,131.65540303540573,296.52454399520224,0.0,0.9993531156066502
llama32_3b_int8,Llama 3.2,3.0,4096,16,npu_gpu,NPU -> iGPU,NPU,GPU,NPU,0,20.787048494443297,3862,437,42,98.29209797354292,0.5700604470298919,41834.492139,13171.842805999999,14027.311861,0.382459525188883,263.892138210275,855.4690549999999,974.8628823999999,15521.493091,191.13462776950206,33.60369256553028,464.459657657427,759.1050503081892,117.46349893799041,0.0,12.510130068000702,106.489460066361,180.38703516718243,0.0,0.9194896983380683,160.58885334114916,6.968527538057124,188.61648676922493,277.75149535731566,8.90688012811701,0.0004378600875821791,30.5457744283529,14.125034959472458,169.35371082184108,300.9665197836912,108.5566188098734,0.009047601351727302
llama32_3b_int8,Llama 3.2,3.0,4096,16,npu_gpu,NPU -> iGPU,NPU,GPU,NPU,1,20.787048494443297,3862,437,42,143.10730998668336,1.1576177595060515,28733.68244,80.75042799999999,940.1884809999999,0.5568377820493515,259.6342726460713,859.438053,862.823647,15776.037417,30.856645498615975,27.934346226141233,294.138159925216,512.8445640386756,117.12101377499611,0.0,12.693536595932521,114.13269042901989,190.01020374899053,0.0,0.9132247610211155,3.72995336324997,1.0751137814781808,13.704425053532471,23.521190874346683,7.7048998842037015,0.006440198026633768,27.126692135366007,14.165695848730532,166.3010444426636,299.31316941533834,109.41611389079242,0.00924721463411305
llama32_3b_int8,Llama 3.2,3.0,4096,16,npu_gpu,NPU -> iGPU,NPU,GPU,NPU,2,20.787048494443297,3862,437,42,143.78189548434875,1.161811144707377,28598.871827,36.89588600000005,897.55233,0.5594626283437695,261.09135478497774,860.656444,862.7599219,15687.995504,32.10625581061065,27.877580625852286,292.5107335936351,518.6196736315144,117.12422368711488,0.0,12.696988420000197,111.41095525539762,192.37024477663235,0.0,0.9177923334009646,3.9851777373574855,1.062090748431034,13.89485598941644,23.585010363136874,7.704438321390923,0.00673275506955678,28.121078073253166,14.118501457421054,167.20492234882104,302.6644184917452,109.41978536572395,0.009246566567648218
llama32_3b_int8,Llama 3.2,3.0,4096,16,npu_npu,NPU -> NPU,NPU,NPU,NPU,0,66.77790557779372,3862,437,42,71.6017473652467,0.35107511836788835,57428.766075,310.5611765000003,3145.204725,0.2786060208764463,278.58511815299596,2834.6435484999997,2849.8858487,14702.867214,7.993684143885096,39.869443686798206,244.85918912342643,444.0725465202745,0.0,0.0,12.387010280098401,100.83959820203556,165.37032512798316,0.0,0.9872208453449752,7.993684143885096,2.0683188337709506,19.478335775460593,31.462763611831157,0.0,0.9205925378991029,0.0,25.414114572928852,124.54125514593028,247.23945778046016,0.0,0.9995165790692236
llama32_3b_int8,Llama 3.2,3.0,4096,16,npu_npu,NPU -> NPU,NPU,NPU,NPU,1,66.77790557779372,3862,437,42,71.63319620277015,0.3506944495092191,57403.553352,133.94133949999974,2979.369871,0.27872838989404725,279.9482281845011,2845.4285315,2853.67658085,14631.276742,2.15352033733652,39.84143364275095,258.5230933984552,464.8288393481086,0.0,0.0,12.391782101421231,101.03713365019972,167.1264327723231,0.0,0.9918992891673103,2.15352033733652,1.9096217637599229,13.44804641793413,22.592961157573075,0.0,0.9565425319426546,0.0,25.540029777569796,144.03791333032137,275.10944541821243,0.0,0.9994467672556722
llama32_3b_int8,Llama 3.2,3.0,4096,16,npu_npu,NPU -> NPU,NPU,NPU,NPU,2,66.77790557779372,3862,437,42,71.45786209288447,0.3501039567004618,57544.402807000006,151.40608049999972,2998.536246,0.2780461560034415,278.6397294558105,2847.1301655,2852.19302925,14699.985562,5.121357174363309,39.82527496288159,281.7178342338124,486.01440224549145,0.0,0.0,12.408569690971994,101.62290626986646,170.56987030282778,0.0,0.9870913776615858,2.760220449974737,1.9155909414696557,14.16635568912711,25.156218555242788,0.0,0.9548562248728608,2.3611367243885724,25.501114330439943,165.92857227481883,290.2883133874209,0.0,0.9995451976830314
llama32_3b_int8,Llama 3.2,3.0,4096,16,openvino_auto,OpenVINO AUTO,GPU.0,GPU.0,GPU.0,0,2.8415395403280854,198,437,42,1241.2157292115469,19.08286120299212,3312.880995,28.10011450000001,78.268208,4.829633187593568,1620.9999614193302,50.1680935,52.5712552,2526.835347,11.928175345004568,5.217762539507177,73.20266213574351,115.23005671373797,52.118317023784805,6.04972092944497,3.155251392888832,56.23454616061294,88.00746361097825,44.53523202718747,0.0,2.176832995971146,0.14658589682724776,2.892576560076676,3.8261399741988154,0.4652314894521232,0.0,3.7016214195884527,1.9159252497910972,14.075539415053887,23.396453128560903,7.11785350714521,0.0
llama32_3b_int8,Llama 3.2,3.0,4096,16,openvino_auto,OpenVINO AUTO,GPU.0,GPU.0,GPU.0,1,2.8415395403280854,198,437,42,1212.348683313514,19.36683432694382,3391.7634889999995,12.651898499999994,63.225613,4.7173100518035564,1565.005309960619,50.57371450000001,52.0007851,2617.243516,13.024654775643048,5.326434068140105,74.42389738818153,116.72479032445756,52.091665253474055,7.274516098119802,3.269908757020107,57.66134962276235,90.19732305812684,44.55860562030121,0.0,1.7803578207569446,0.14173461234254264,2.425946498691246,3.2102331244492177,0.4092933384421108,0.0,3.969780856766302,1.9147906987774552,14.336601266727927,23.3172341418815,7.123766294730739,0.0
llama32_3b_int8,Llama 3.2,3.0,4096,16,openvino_auto,OpenVINO AUTO,GPU.0,GPU.0,GPU.0,2,2.8415395403280854,198,437,42,1206.7193682979994,19.286614166068507,3407.5859790000004,16.458711,67.075192,4.695406102326846,1557.506542313646,50.61648100000001,51.53406515,2629.844491,12.630223597018613,5.326183962451652,74.34411975102287,116.29787818954264,52.388385805094266,6.926332497222468,3.2683825444181362,57.63983035566025,89.75456969740141,44.87705977852646,0.0,1.9913605931906844,0.14268727757645652,2.634201647684825,3.45763016753342,0.39915344381860823,0.0,3.71253050660546,1.9151141404570593,14.070087747677793,23.085678324607812,7.112172582749198,0.0
llama32_3b_int8,Llama 3.2,3.0,8192,16,gpu_gpu,iGPU -> iGPU,GPU,GPU,GPU.0,0,2.036373575218022,8,472,42,1024.2231325158657,16.248648360248318,8013.878753,53.003994,110.38336699999999,1.9965363206936955,1155.3120377910961,57.379372999999994,61.25540965,7090.725044,20.879630139575823,11.111852029229992,168.41366155268042,262.1177813453216,128.14150133128672,15.465615677415723,8.749370768795293,149.87908248471746,232.75697210246307,119.01933351258462,0.0,2.043249866463834,0.19815130032641387,2.947866098701152,4.084511199014309,0.5764936284608222,0.0,3.370764595696266,2.1643299601082844,15.58671296926182,25.276298043844218,8.545674190241273,0.0
llama32_3b_int8,Llama 3.2,3.0,8192,16,gpu_gpu,iGPU -> iGPU,GPU,GPU,GPU.0,1,2.036373575218022,8,472,42,1008.1318011354167,17.000403302834275,8141.7925620000005,27.083621,83.814453,1.965169202993015,1128.4585046218929,56.73083199999999,58.28485109999999,7259.460553,24.93387582371163,11.315287378655421,173.47105202110234,269.40745113748727,128.78228900874112,19.221078100369308,8.991906671985502,154.8541825063456,239.88686616006254,119.79901447388401,0.0,2.009122780069295,0.16467351096642213,2.792940920623087,3.726302094893712,0.5111181153470254,0.0,3.703674943273029,2.1587071957034976,15.823928594133633,25.794282882531014,8.472156419510068,0.0
llama32_3b_int8,Llama 3.2,3.0,8192,16,gpu_gpu,iGPU -> iGPU,GPU,GPU,GPU.0,2,2.036373575218022,8,472,42,1006.7275103092118,17.00554710629909,8153.1496019999995,25.620908999999997,82.447858,1.9624317939750717,1126.6544933784974,56.826949,58.25814425000001,7271.084479,25.388107934207845,11.295721789650278,173.61133015506505,270.3663855225977,128.47715171799817,19.200983126557276,8.973975066418188,154.489456833781,240.18822781360245,119.47538263581772,0.0,2.152280445125633,0.16445910696163601,2.916691436098706,3.900913497925666,0.5006849179269973,0.0,4.034844362524936,2.1572876162704535,16.205181885185347,26.277244211069558,8.50108416425345,0.0
llama32_3b_int8,Llama 3.2,3.0,8192,16,gpu_npu,iGPU -> NPU,GPU,NPU,NPU,0,5.527272189036012,7998,4194,4194,143.8429209411597,0.3462514381071615,57062.245026,491.3202884999999,3346.428016,0.2803955573901748,596.1666029245315,2855.1077275000002,2861.8868541499996,13741.125316,48.31592854660667,48.06039887132983,412.37678927075007,764.1362787730029,167.85426403256145,38.91113314121475,19.833621804032852,246.01757942028584,412.70697482629686,167.85426403256145,0.000581102334515672,9.404795405391924,2.213669839596116,21.71537869296826,39.21611546847262,0.0,0.9015347067307125,0.0,26.01310722770086,144.64383115749598,312.21318847823346,0.0,0.9994104596433062
llama32_3b_int8,Llama 3.2,3.0,8192,16,gpu_npu,iGPU -> NPU,GPU,NPU,NPU,1,5.527272189036012,7998,4194,4194,144.5212827319024,0.34845973475980985,56794.403182999995,280.23168799999974,3132.6099369999997,0.28171790006218794,595.8761724652,2852.378249,2857.7253351499994,13747.82275,47.77011450346862,47.81497215358939,412.9728815439356,759.8573176200001,168.0610820169361,42.748569309552906,19.82957240942976,249.8913478224965,419.8133091197137,168.0556052976258,0.0004449431820031285,5.02154519391571,2.049821870029951,16.877700327489656,29.10522873778509,0.005476719310297225,0.9181679359526338,0.0,25.93557787412968,146.20383339394948,310.9387797625013,0.0,0.9993923306627079
llama32_3b_int8,Llama 3.2,3.0,8192,16,gpu_npu,iGPU -> NPU,GPU,NPU,NPU,2,5.527272189036012,7998,67692,67692,145.23575322032195,0.3510660008189714,56515.009686,285.56605750000006,3131.5857770000002,0.2831106300591071,594.1397805024515,2846.0197195,2855.17693495,13788.001188999999,39.31256927036705,47.62052093770539,389.7193643799786,731.9466041511969,166.90231372028774,34.467561808040365,19.870407206859618,240.26572484517135,411.9695758901338,166.8935989006549,0.00044147080614238555,4.845007462326686,2.030511663373595,16.768422187875874,29.07358125412256,0.00871481963285365,0.9168214458907347,0.0,25.719602067472177,132.68521734693132,290.90344700694055,0.0,0.9993332128264748
llama32_3b_int8,Llama 3.2,3.0,8192,16,npu_gpu,NPU -> iGPU,NPU,GPU,NPU,0,93.69124769791961,8,472,42,89.16240758158305,0.2777478816027326,92056.73357899999,37175.793569500005,38278.170515,0.1738058627321307,215.29045172139743,1102.3769455000001,1211.9905491499999,38050.921137000005,306.3326052247987,61.01540281760657,789.283123368889,1323.610343515355,141.13906818609394,36.2423734964169,30.1199454957551,294.857672856654,480.3347117405971,0.0,0.8237930137654317,247.1922186995516,13.450341972809642,296.43389105486716,469.42293971191503,9.549039053750016,0.00016006512112691027,22.898013028830228,17.445115349041828,197.99155945736788,373.8526920628428,131.59002913234391,0.007085614011130837
llama32_3b_int8,Llama 3.2,3.0,8192,16,npu_gpu,NPU -> iGPU,NPU,GPU,NPU,1,93.69124769791961,8,472,42,149.07367818969212,0.9043003048951931,55060.021995,156.64716349999998,1252.445442,0.29059196528205095,212.93069521254637,1095.7982785,1102.81562605,38472.611907,82.69064576048493,48.70202884285,521.2483554070271,871.6025743678438,141.29063294059472,45.72916639736829,29.970591736711157,304.3674322407064,486.37155955701684,0.0,0.8141238259495747,6.767127755277554,1.3787912286733932,19.07523677878505,31.715332451642816,9.435273515180707,0.006316442804380456,30.19435160783908,17.352645877465445,197.8056863875357,353.51568235918415,131.855359425414,0.007246120389914592
llama32_3b_int8,Llama 3.2,3.0,8192,16,npu_gpu,NPU -> iGPU,NPU,GPU,NPU,2,93.69124769791961,8,472,42,150.35234097333898,0.9117089402146585,54591.767224,80.00398949999999,1171.421357,0.2930844853281462,214.7924225105475,1091.4173675000002,1103.34366205,38139.14804,87.12301749513152,48.752058087149436,526.4798377317145,884.0308489726917,141.2778483665204,54.371322334211555,30.084965699699996,313.8104725558359,500.9007600065741,0.0,0.8214443323994083,4.411468446379363,1.3509911711119869,16.475864211331206,28.58496015796419,9.328139677414478,0.005174056255489629,28.3402267145406,17.316101216337454,196.19350096454747,354.5451288081534,131.94970868910593,0.007272270227642018
llama32_3b_int8,Llama 3.2,3.0,8192,16,npu_npu,NPU -> NPU,NPU,NPU,NPU,0,135.17051207832992,8,546,42,110.01073888752501,0.3475780365870419,74610.89783599999,432.88279399999976,3286.708111,0.21444588477100393,260.43453671963016,2853.8253170000003,2859.3301615,31455.121518,7.8842068272625845,56.68124072542348,390.87795967337087,673.931472757231,0.0,0.0,28.66724603973753,232.97577058599774,377.9961972948897,0.0,0.9912629961438002,7.8842068272625845,2.198186432366874,19.54157689521548,34.02602695056495,0.0,0.9116672058500299,0.0,25.815808253319076,138.36061219215765,261.90924851177624,0.0,0.9993970210972781
llama32_3b_int8,Llama 3.2,3.0,8192,16,npu_npu,NPU -> NPU,NPU,NPU,NPU,1,135.17051207832992,8,546,42,110.86666418951982,0.349963029062199,74034.87838299999,273.8857599999998,3125.0784949999997,0.2161143551452628,262.7897649025002,2851.192735,2861.4024125,31173.207993999997,1.4392198835459507,55.90396826311028,377.6442778157857,659.12981766531,0.0,0.0,28.12002358012443,215.48202166858653,356.7553279811731,0.0,0.9901005698849026,1.4392198835459507,2.04715743587088,13.015689519046576,24.891077495654677,0.0,0.9191071534988755,0.0,25.73678724711497,149.14656662815258,277.48341218848225,0.0,0.9994122824105726
llama32_3b_int8,Llama 3.2,3.0,8192,16,npu_npu,NPU -> NPU,NPU,NPU,NPU,2,135.17051207832992,8,546,42,110.27153677782337,0.34906506114757124,74434.439202,283.2664980000001,3135.699234,0.2149542627248019,260.37339917916904,2852.4327359999997,2859.5084878,31462.507406,2.089022683344874,56.368147796179855,392.781609463042,699.2534165702705,0.0,0.0,28.545779199842094,229.45886146470778,389.15853418433403,0.0,0.9893309709341226,2.089022683344874,2.0475028563219926,13.701493977237174,26.916372309161822,0.0,0.9162680428170171,0.0,25.774865740015766,149.62125402109703,283.17851007677467,0.0,0.9993032583601675
llama32_3b_int8,Llama 3.2,3.0,8192,16,openvino_auto,OpenVINO AUTO,GPU.0,GPU.0,GPU.0,0,2.8224128568544984,8,472,42,1026.9432873318344,16.685846843675343,7992.651689,36.24331050000001,93.50036,2.001838766728722,1154.8297650472284,57.257049499999994,58.82269485,7093.6862280000005,21.646081651309334,11.00770078832654,169.23051540839185,262.0924873987669,128.23547786323616,16.787839589212425,8.691577527000547,151.3771854386759,233.24611606389658,119.1652014398601,0.0,1.747698448598858,0.16714686467310616,2.5897452125238236,3.56083944014668,0.563161251723225,0.0,3.11054361349805,2.1489763966528876,15.263584757192135,25.285531894723626,8.507115171652824,0.0
llama32_3b_int8,Llama 3.2,3.0,8192,16,openvino_auto,OpenVINO AUTO,GPU.0,GPU.0,GPU.0,1,2.8224128568544984,8,472,42,1008.5790526781093,16.673719557407676,8138.1821070000005,27.470960999999996,84.926037,1.9660410383588875,1131.7163674723618,57.455076,61.9927603,7238.5628019999995,24.46645872034962,11.278260949588216,173.19164140158563,271.91657610676765,128.9765104129749,19.681237439067143,8.957225365132029,155.45937172962624,242.9488354413554,119.9611053304863,0.0,1.5878185131175029,0.16623783502896894,2.3822691781379675,3.331763053962148,0.5050738357374444,0.0,3.1974027681649755,2.154797749427217,15.35000049382142,25.63597761145011,8.510331246751145,0.0
llama32_3b_int8,Llama 3.2,3.0,8192,16,openvino_auto,OpenVINO AUTO,GPU.0,GPU.0,GPU.0,2,2.8224128568544984,8,472,42,1005.8340282862601,16.678333587235016,8160.3920419999995,26.956676000000005,84.566496,1.960690113618441,1128.2158950025382,57.60982,60.86803815,7261.021615,17.999723066071613,11.32575659450133,166.21603098929447,260.52053853479975,128.63576686537738,11.32165078436773,8.994095238607303,146.50210200006512,229.93801419014693,119.58270327249582,0.0,2.185455434916588,0.1641644197272264,2.9612039903373537,3.90062277401711,0.4978715730754309,0.0,4.492616846787296,2.167496936166801,16.752724998891992,26.68190157063573,8.555192019806139,0.0
qwen25_0_5b_int8,Qwen2.5,0.5,1024,16,gpu_gpu,iGPU -> iGPU,GPU,GPU,NPU,0,2.750969306565821,1110,78,42,590.5788633687395,9.547100666966562,1760.98412,30.894473999999978,132.92810899999998,9.085828667211377,5394.399736483572,102.03363500000002,105.8270388,189.82649600000002,7.923105334568396,1.7854976356036376,26.049843932514474,43.453454672349864,14.343031616359998,0.38655992532877237,0.2160820046435963,3.0351857198192262,5.10488779096549,2.2115797084133764,0.018437889724309087,2.179735454139363,0.11119905872569799,3.2333256672632706,4.466149702989218,0.8199163942492229,0.026871667902836113,5.35680995510026,1.4582165722343432,19.781332545431976,33.88241717839516,11.311535513697399,0.030362330590886253
qwen25_0_5b_int8,Qwen2.5,0.5,1024,16,gpu_gpu,iGPU -> iGPU,GPU,GPU,NPU,1,2.750969306565821,1110,78,42,601.4938707557685,9.753925801022884,1729.0284250000002,2.7842034999999985,105.109589,9.253751857781054,5356.038108901572,102.32538550000001,103.50863495000002,191.186093,9.008197107293674,1.83974436490623,27.239024516339,44.69485363185593,14.354327150326384,0.23273911172956985,0.21703200135051764,2.884857814507041,4.8638799116010585,2.2051689201847338,0.018400919987417705,2.088972166250885,0.10686480439634463,3.124990127065797,4.298019305653108,0.8094134437971866,0.029854554944554107,6.686485829313219,1.5158475591593676,21.229176574766164,35.53295441460176,11.339744786344463,0.030348995800119016
qwen25_0_5b_int8,Qwen2.5,0.5,1024,16,gpu_gpu,iGPU -> iGPU,GPU,GPU,NPU,2,2.750969306565821,1110,78,42,601.1998280237831,9.75093044304626,1729.8740810000002,10.738577499999998,112.47704399999999,9.249228123442817,5345.601935241541,101.7384665,102.23229215,191.55934399999998,8.224672207059966,1.7822422137034752,26.317972979275677,43.47283453117255,14.304765416075515,0.45342029832183517,0.21537537807748536,3.0982131555884953,5.123798067298921,2.2050461547306113,0.018333744137273723,2.0813786639457805,0.10717142781592506,3.1134085362335235,4.289735591176777,0.8039053347986708,0.027730102864367594,5.68987324479235,1.4596954078100648,20.10635128745366,34.05930087269685,11.295813926546233,0.030584126239675723
qwen25_0_5b_int8,Qwen2.5,0.5,1024,16,gpu_npu,iGPU -> NPU,GPU,NPU,NPU,0,1.8750331504270434,1110,78,42,470.5006272257433,7.413142071342172,2210.4115060000004,142.227463,265.014855,7.238471188088359,5476.579927392209,122.787392,137.68583425,186.978007,7.555056863183216,2.53742917957091,22.81765622727388,40.95684099305984,2.302046063971057,0.3546013279130522,0.21406538996976154,3.067116511592672,5.121611020484906,2.275306550025721,0.018788305942313312,2.7358856304179078,0.17076706467154618,3.3308052530657672,4.988272629682,0.02673951394533616,0.6139693565479565,4.464569904852256,2.1525967249296025,16.41973446261544,30.846957342892935,0.0,0.9730509886472746
qwen25_0_5b_int8,Qwen2.5,0.5,1024,16,gpu_npu,iGPU -> NPU,GPU,NPU,NPU,1,1.8750331504270434,1110,78,42,499.85417643566166,7.943386287010704,2080.606803,42.498882499999986,165.08815199999998,7.690064252856333,5326.580921024621,122.5892695,125.75092655,192.24339500000002,3.7459811403490644,2.443424595923032,18.70281639022904,34.54873824744686,2.245233193106266,0.2304118283153933,0.2152071932406302,2.8933297789226846,4.866440664570672,2.2157257518953655,0.013025154908443018,1.9655810007106336,0.15523441923506154,2.519968635928389,3.7421321869797515,0.02950744121090033,0.975200206977906,1.5499883113230375,2.0729829834473406,13.289517975377967,25.940165395896436,0.0,0.9918044108445088
qwen25_0_5b_int8,Qwen2.5,0.5,1024,16,gpu_npu,iGPU -> NPU,GPU,NPU,NPU,2,1.8750331504270434,1110,78,42,499.3360134576087,7.9384475848690235,2082.765857,42.95409249999999,165.826652,7.682092514732442,5299.448548906447,122.87255950000001,125.29034650000001,193.227652,5.374679480741393,2.4478701595246473,20.346922833526655,35.32769544829586,2.240651660117879,0.27992575405904374,0.21622688569197004,2.9334635656287045,4.931088980314531,2.2104747334049164,0.018439389823978195,2.0170760734321744,0.15357428083453656,2.5816677502901824,3.7079112835123036,0.030176926712962585,0.9748131440294652,3.0776776532501744,2.0780689929981406,14.831791517607767,26.68869518446903,0.0,0.994156474160384
qwen25_0_5b_int8,Qwen2.5,0.5,1024,16,npu_gpu,NPU -> iGPU,NPU,GPU,NPU,0,1.9465706059709191,1110,78,42,555.8175932658474,9.568837026072893,1871.117454,39.171823999999994,140.52345599999998,8.551039896397652,3373.6497992116642,101.351632,104.68848059999999,303.528837,7.452796728970579,1.8232543003331638,24.632894895747484,42.096568355382686,11.949087227179854,0.0,0.25176237742262486,1.8654383700245332,3.5520371276061073,0.0,0.9788032100554585,2.2247174830903957,0.11254868470672398,3.177619551228746,4.453401798510173,0.7151038178953056,0.018231831702175048,5.228079245880184,1.458943238203815,19.589836974494204,34.09112942926641,11.233983409284548,0.030748420744327876
qwen25_0_5b_int8,Qwen2.5,0.5,1024,16,npu_gpu,NPU -> iGPU,NPU,GPU,NPU,1,1.9465706059709191,1110,78,42,566.2395974918925,9.769951154725376,1836.678333,17.260747500000008,118.348758,8.71137842295219,3397.9465591737776,101.0880105,102.25067304999999,301.358477,7.407312586331413,1.82036699532494,24.574483937951086,42.20612338627203,11.96233540317442,0.0,0.251229618206597,1.8495552274568128,3.6082764807132315,0.0,0.9870470642178086,2.1610961794096806,0.1094679494756404,3.1183497264051456,4.346666227655497,0.7241202932296199,0.03002988844209079,5.246216406921732,1.4596694276427025,19.60657898408913,34.25118067790331,11.2382151099448,0.030926530584747324
qwen25_0_5b_int8,Qwen2.5,0.5,1024,16,npu_gpu,NPU -> iGPU,NPU,GPU,NPU,2,1.9465706059709191,1110,78,42,567.5559324202136,9.795625480543999,1832.418517,11.88533,113.031958,8.731629729541748,3400.6067552528493,101.146628,102.19962204999999,301.122733,7.623846027329973,1.8293289416008651,25.05447608513024,42.282376206119146,12.007143655643947,0.10416722339086382,0.2620926467822143,2.178873464434326,4.042569922764729,0.0,0.9868036100748329,2.1551215211214085,0.10823054060348236,3.1711683818705714,4.3494940443863435,0.7801001967944614,0.022427285564671894,5.364557282817701,1.4590057542151684,19.704434238825343,33.89031223896807,11.227043458849487,0.03105487088690648
qwen25_0_5b_int8,Qwen2.5,0.5,1024,16,npu_npu,NPU -> NPU,NPU,NPU,NPU,0,0.8735619271174073,1110,78,42,449.75430430491696,7.458020936869359,2312.373645,126.39260000000002,249.29949200000001,6.919296989306415,3400.680331339709,122.906892,138.6513659,301.116218,6.158704504535776,2.5258538528348686,21.13337400322522,38.89489408512949,0.0,0.3065167047059879,0.2548939915170544,2.3804427548336937,4.219699509888751,0.0,0.9851611513000607,2.583200918352351,0.16809317244607516,3.4391203780812107,5.07265986377802,0.0,0.4966155326140817,3.2689868814774368,2.102866688871739,15.313810870310316,29.602534711462724,0.0,0.9673783727419122
qwen25_0_5b_int8,Qwen2.5,0.5,1024,16,npu_npu,NPU -> NPU,NPU,NPU,NPU,1,0.8735619271174073,1110,78,42,487.2586508166749,8.178039077248428,2134.390017,2.947285000000008,125.125971,7.496286935641153,3410.951431838966,122.178686,122.61268245000001,300.209493,4.014120684027148,2.479106840024517,18.691636070915298,35.33204623195448,0.0,0.0,0.2548714949242528,1.8970045955653156,3.6614027715969732,0.0,0.987746913119766,2.057643036030361,0.1488345971441073,2.908920964107559,4.1337221328656035,0.0,0.9643481607827042,1.9564776479967874,2.0754007479561567,13.885710511242424,27.5369213274919,0.0,0.9916149235992233
qwen25_0_5b_int8,Qwen2.5,0.5,1024,16,npu_npu,NPU -> NPU,NPU,NPU,NPU,2,0.8735619271174073,1110,78,42,484.9723384182267,8.141501232352175,2144.4522039999997,0.15220049999999097,122.820373,7.461112898741949,3390.27773827328,122.66817250000001,124.22495264999999,302.040151,5.208175034540992,2.5395540154003284,19.968807156143125,36.60096677474742,0.0,0.0,0.25216065369740337,1.8782642671040182,3.512076372320179,0.0,0.9792075623747124,2.081151401830443,0.14928626774393616,2.9319573458728643,4.1238406977115645,0.0,0.9821579030703644,3.127023632710549,2.138107093958989,15.158585543166243,28.96504970471568,0.0,0.991648203368837
qwen25_0_5b_int8,Qwen2.5,0.5,1024,16,openvino_auto,OpenVINO AUTO,GPU.0,GPU.0,GPU.0,0,1.3887828392907977,1110,78,42,2694.9782143921198,70.20323119357582,385.90293399999996,73.7243125,83.048179,41.46120329834031,5945.277149341792,9.3238665,9.62625535,172.237555,5.5006174342938525,0.46636935253261713,9.079166067235711,12.386552506246279,2.7697085995968687,0.7678750536972319,0.1592549883371217,2.519383310508685,3.887199091930481,1.467721779388152,0.0,2.237247494768515,0.03249790825650187,2.483268199899365,3.0023238649432935,0.1919676868032106,0.0,2.4954948858281054,0.2746164559389936,4.076514556827662,5.497029549372505,1.1100191334055058,0.0
qwen25_0_5b_int8,Qwen2.5,0.5,1024,16,openvino_auto,OpenVINO AUTO,GPU.0,GPU.0,GPU.0,1,1.3887828392907977,1110,78,42,2728.547249819831,90.8426722527562,381.15520999999995,21.938688999999997,31.342087999999997,41.97764999722817,4739.9820802755585,9.403399,10.881245700000001,216.034572,4.5101204593692685,0.49889778582103167,8.111125550742507,11.491721032234212,2.7485403361144134,0.9676696127650237,0.19988104456847444,2.854442939359606,4.584523871242332,1.5449019615250161,0.0,0.9900668664657214,0.02553529030002221,1.1299834626965328,1.3539774641946192,0.09484572440400728,0.0,2.5523839801385235,0.273481450952535,4.1266991486863684,5.55321969679726,1.10879265018539,0.0
qwen25_0_5b_int8,Qwen2.5,0.5,1024,16,openvino_auto,OpenVINO AUTO,GPU.0,GPU.0,GPU.0,2,1.3887828392907977,1110,78,42,2784.4309390083977,94.86524771023751,373.505403,16.174212999999998,25.374922,42.837399061667654,4754.246697201837,9.200709000000002,10.774759099999999,215.386383,4.147054918894316,0.49904111905096377,7.698342228580493,11.296164549878913,2.6878860241535816,0.990991351854661,0.19923681821870856,2.8855090771455822,4.623924743281144,1.5420952908153396,0.0,0.8035651228347038,0.02530277272779083,0.9232307116961203,1.1229134031820807,0.074288961723711,0.0,2.352498444204951,0.2745015281044644,3.889602439738791,5.549326403415688,1.071501771614531,0.0
qwen25_0_5b_int8,Qwen2.5,0.5,2048,16,gpu_gpu,iGPU -> iGPU,GPU,GPU,NPU,0,6.001772601157427,89372,568,42,942.7011450396595,8.474388503633708,2189.453159,29.692145000000004,145.342039,7.307760814260927,4883.004115497439,115.649894,118.1339871,419.413941,10.427247096550463,2.4010319820884836,34.56257348248695,58.36765760103992,19.13523192241829,1.3183456567814178,0.5633611418434339,7.5114835933695705,12.770306345199577,5.0703548760342505,0.008435580351870087,2.482654449955366,0.14272787312728333,3.7255817444051753,5.307653051951084,0.9545949360618373,0.02414304921097192,6.626246989813679,1.6949429671177665,23.325508144712202,40.28969820388926,13.1102821103222,0.027166908744906484
qwen25_0_5b_int8,Qwen2.5,0.5,2048,16,gpu_gpu,iGPU -> iGPU,GPU,GPU,NPU,1,6.001772601157427,89372,8996,42,957.9549715391322,8.638306717182317,2154.589789,7.178180499999992,122.306839,7.426007531311103,4897.900244097429,115.12865850000001,116.32418875,418.138365,9.53628016673599,2.3600934822086073,33.504433118035344,56.24120070572501,19.039294419374237,1.3140911252420104,0.5656650096083466,7.477203960593458,12.53493148062733,5.02488649195466,0.008470880207320846,2.1595121606456305,0.12006891088459318,3.3546497593722964,4.7075173166137345,0.9430451760928401,0.026302699230089658,6.062676880848349,1.6743595617156672,22.672579398069587,38.99875190848394,13.071362751326738,0.027193350836040502
qwen25_0_5b_int8,Qwen2.5,0.5,2048,16,gpu_gpu,iGPU -> iGPU,GPU,GPU,NPU,2,6.001772601157427,89372,8996,42,954.2575421962896,8.58614650710417,2162.9381049999997,13.450827999999998,128.845546,7.39734528834333,4923.812346529662,115.39471800000001,116.75825475,415.937866,8.75472522371961,2.342564541551441,32.67747462429992,55.01140801610583,18.988558298849703,1.2491053532465086,0.5597147234488569,7.371989570342936,12.322314872004736,4.985890004684784,0.00850126975455512,2.1827715950936315,0.12159600511142922,3.374636499452538,4.713257893136511,0.9318007666706776,0.027187590947070843,5.32284827537947,1.6612538129911547,21.930848554504443,37.975835250964586,13.070867527494244,0.02722607436148257
qwen25_0_5b_int8,Qwen2.5,0.5,2048,16,gpu_npu,iGPU -> NPU,GPU,NPU,NPU,0,1.456501773558557,89372,568,42,823.3437854260592,7.238024110790571,2506.850767,187.564349,310.374795,6.382509964543095,4713.87621831978,122.81044599999998,138.2882066,434.461981,8.376974845884439,2.8657082733172192,27.09445858415742,45.907931748659365,5.156906506755304,1.8158183859847448,0.591158630920433,8.135009503377479,13.223682543853196,5.125927015877789,0.008334446184831994,2.761934594324114,0.17299273210619795,3.3707624375804355,4.937751418565883,0.030979490877514584,0.5314026868708847,3.7992218655755803,2.101556910290588,15.588686643199503,27.74649778624029,0.0,0.9712488145617683
qwen25_0_5b_int8,Qwen2.5,0.5,2048,16,gpu_npu,iGPU -> NPU,GPU,NPU,NPU,1,1.456501773558557,89372,8996,42,889.1153862471692,7.874402866903776,2321.4084829999997,52.75094000000001,175.794314,6.892367335249373,4917.141649424818,123.043374,125.80383049999999,416.502136,7.217849081945852,2.85312445875454,25.9324362650455,45.18901073771171,5.1538013327663394,1.546209669948721,0.5642470329610244,7.818497480757193,12.719989701402739,5.129930847493516,0.008537771340505202,2.115447478271362,0.15455998438544546,2.667521822471227,3.819657927287315,0.023870485272822924,0.9220832933197145,3.556191933725769,2.13431744140807,15.446416961817079,28.649363109021657,0.0,0.9911723285081089
qwen25_0_5b_int8,Qwen2.5,0.5,2048,16,gpu_npu,iGPU -> NPU,GPU,NPU,NPU,2,1.456501773558557,89372,8996,42,888.213081140767,7.87476657085384,2323.766722,56.618747,179.51734299999998,6.88537272202145,4888.430699292279,122.898596,125.67786354999998,418.948355,6.008832387686914,2.792831762799881,24.49283005781387,45.30376415094777,5.027507681021757,1.9781123999254513,0.5552381689678032,8.116683721056436,13.086099907398353,5.005963830846758,0.008502241284608934,2.0410442392590475,0.1560066191042428,2.6008747688615763,3.8639433856508747,0.021543850174999414,0.9001637240141193,1.9896757485024148,2.081586974727835,13.775271567895857,28.35372085789854,0.0,0.9894308159872743
qwen25_0_5b_int8,Qwen2.5,0.5,2048,16,npu_gpu,NPU -> iGPU,NPU,GPU,NPU,0,3.2392355194315314,13,78,42,879.4674259218035,8.49047719850877,2346.874869,29.97500750000001,145.710371,6.81757694513026,3529.879865140733,115.73536349999999,116.08025745,580.189717,8.324985745838651,2.3194832747935488,31.56694769123314,52.10577332512839,13.970827924821464,0.23110471655416664,0.5318464911246732,5.687427812914679,9.14564254607688,0.0,0.9601307704665852,2.1926695904369784,0.12563277521889854,3.376340710578646,4.714108482716185,0.9209631806954807,0.0172877193484052,5.901211438847507,1.662004008449977,22.503179167739813,38.246022296335326,13.049864744125983,0.027195364490991424
qwen25_0_5b_int8,Qwen2.5,0.5,2048,16,npu_gpu,NPU -> iGPU,NPU,GPU,NPU,1,3.2392355194315314,13,78,42,880.2169100108193,8.49096652778972,2344.87656,20.189387500000016,135.98340000000002,6.8233868993086775,3541.4560047211758,115.7940125,119.59046330000001,578.293221,8.864222414809388,2.3455931863413,32.066229217966786,52.43894121602905,13.923526133617102,0.6692225692337719,0.5579051329121371,6.1414213497126715,9.563157848357722,0.0,0.9663869118742444,2.3580184095089898,0.12513250335280918,3.4814676418489956,4.784958835646003,0.8529291285323392,0.0187008120108778,5.836981436066627,1.662555550076354,22.44334022640512,38.09082453202532,13.070597005084762,0.02729915470700873
qwen25_0_5b_int8,Qwen2.5,0.5,2048,16,npu_gpu,NPU -> iGPU,NPU,GPU,NPU,2,3.2392355194315314,13,78,42,881.1150193983813,8.507194894292875,2342.4864569999995,17.594907499999994,133.72635,6.83034898758435,3535.46563422876,116.1314425,118.0169736,579.273061,9.646392498726827,2.36183524094998,33.028572462387274,53.27171647157578,14.030406044614697,0.5549320248268317,0.5315230930064223,6.021908350492982,9.12571530843417,0.0,0.9666494744867826,2.1522640575981518,0.12256924990244347,3.269163856107241,4.562605211436395,0.8550697572358874,0.0187921079129132,6.939196416301844,1.7077428980411145,23.737500255787054,39.583395951705214,13.17533628737881,0.02708766547629247
qwen25_0_5b_int8,Qwen2.5,0.5,2048,16,npu_npu,NPU -> NPU,NPU,NPU,NPU,0,10.515749737620354,13,78,42,807.1346618378293,7.598454947394162,2557.194106,130.01503849999997,252.93555099999998,6.256857843704103,3512.21042161632,122.9205125,124.6591158,583.108571,4.986811530422522,2.801348514311738,23.164871379582642,42.882413274724314,0.0,0.0,0.5291269811220654,5.436776070419592,9.537013144956262,0.0,0.9511470549109797,2.484446390004096,0.16335745667969126,3.33498802608829,4.948034206589195,0.0,0.4894171638213088,2.5023651404184264,2.1088640765099815,14.39310728307476,28.39736592317886,0.0,0.990011919844401
qwen25_0_5b_int8,Qwen2.5,0.5,2048,16,npu_npu,NPU -> NPU,NPU,NPU,NPU,1,10.515749737620354,13,78,42,839.6917817094007,7.983883723798997,2458.044779,34.398645,157.406397,6.509238617902332,3535.5459491135293,123.007752,123.5225648,579.259902,3.4599780464676124,2.8469417719311148,21.786459162215223,39.756079593016096,0.0,0.0,0.5507568487033925,5.393249550856033,9.013118801137932,0.0,0.9631945834220715,2.457342088179746,0.18756015424376146,3.509862754392468,4.894249231936541,0.0,0.7877634096408419,1.0026359582878666,2.108624768983961,12.883346856966721,25.848711559941627,0.0,0.9927828306532565
qwen25_0_5b_int8,Qwen2.5,0.5,2048,16,npu_npu,NPU -> NPU,NPU,NPU,NPU,2,10.515749737620354,13,78,42,848.0835030774795,8.085268866835566,2433.722614,13.519451500000002,136.505905,6.574290721530848,3540.210096948861,122.98645350000001,123.68673765,578.4967399999999,5.494943646383658,2.8379435244502824,23.52332724377053,41.849449395371344,0.0,0.0,0.5459606483242747,5.210514883743542,8.702498764720902,0.0,0.9664116689750057,2.0598452023625695,0.15037725459185272,2.9083411422140717,4.107073527858245,0.0,0.8855221318081441,3.4350984440210883,2.141605621534155,15.404471217812915,29.0398771027922,0.0,0.9909688784211712
qwen25_0_5b_int8,Qwen2.5,0.5,2048,16,openvino_auto,OpenVINO AUTO,GPU.0,GPU.0,GPU.0,0,1.423747499473393,522,78,42,3559.7100468535455,68.40950678706677,579.822506,41.5498465,52.563863000000005,27.594651525996476,5680.136177714776,11.0140165,13.97890685,360.554736,5.247027396094926,0.6627710135230418,11.632962462775332,16.8305896580338,5.217180914028984,1.297265502607978,0.34107685997460885,5.718678004866882,8.91089496809837,3.8058295830682245,0.0,1.7020823582127482,0.03404924652236303,1.9078790091220523,2.327322467433738,0.14796320330113283,0.0,2.2476795352741994,0.28764490702606993,4.006405448786398,5.592372222501692,1.263388127659627,0.0
qwen25_0_5b_int8,Qwen2.5,0.5,2048,16,openvino_auto,OpenVINO AUTO,GPU.0,GPU.0,GPU.0,1,1.423747499473393,522,78,42,3371.970583399138,80.17465074879864,612.1049840000001,13.268843500000003,24.673170000000002,26.139306848055334,4818.671259399967,11.4043265,13.077782199999998,425.01343,5.68419462726831,0.726520517146734,12.124887397665075,17.969451784460304,5.152355709903925,2.252837401870745,0.4151624210537016,6.852328232346691,10.823860280962558,3.8472623927376453,0.0,0.7853528058509709,0.025663045078292132,0.898525103152292,1.112323720520048,0.06629440085973916,0.0,2.6460044195465944,0.28569505101474035,4.374034062166093,6.033267782977697,1.2387989163065405,0.0
qwen25_0_5b_int8,Qwen2.5,0.5,2048,16,openvino_auto,OpenVINO AUTO,GPU.0,GPU.0,GPU.0,2,1.423747499473393,522,78,42,3337.4883662092484,76.73416724104322,618.429122,22.188623,33.109316,25.872002838831385,4842.190722747018,10.920692999999998,14.29923475,422.94905700000004,5.770868736667174,0.7262637689192197,12.258941674921356,17.97610338210577,5.170043740514679,2.2256734767666346,0.41457424918817276,6.811523052855293,10.689625384719914,3.8423846263038626,0.0,0.9091267125802014,0.026276013391040506,1.0359247773713647,1.2928853567484822,0.0836721002155692,0.0,2.636068547320338,0.28541350634000645,4.411493844694699,5.993592640637375,1.2439870139952465,0.0
qwen25_0_5b_int8,Qwen2.5,0.5,4096,16,gpu_gpu,iGPU -> iGPU,GPU,GPU,NPU,0,6.9356261836364865,89372,8,42,1322.2310645674374,7.215450158269312,3109.8951689999994,25.752850500000008,162.498583,5.144867955515321,3972.754065054401,136.7457325,137.75984405,1031.0227949999999,12.90706692459556,3.7419604012524506,50.844986363907246,87.00661199932806,30.070999302207106,5.029588672364776,1.4949093670939628,20.415606816182493,34.25257086946665,12.29613360338958,0.003427664273901917,1.8890649164012927,0.15778587766256202,3.4051458804717134,5.098124102124365,1.183623751836371,0.02166172735180097,5.988413335829492,2.0892651564959257,27.024233667253043,47.65591702773705,16.591241946981157,0.025608782707465028
qwen25_0_5b_int8,Qwen2.5,0.5,4096,16,gpu_gpu,iGPU -> iGPU,GPU,GPU,NPU,1,6.9356261836364865,89372,271,42,1324.6139533191606,7.161380004496238,3104.300683,12.529090999999992,151.084057,5.154139896183504,4056.5206470329886,138.554966,140.1311981,1009.7323190000001,13.270347987331318,3.723164553552788,50.951565696400884,85.55769092996853,29.93636677524368,3.1853870670076705,1.4206956812673623,18.20530522857922,30.787016030772044,12.131321265382804,0.003482110985099606,1.9519018783350508,0.1560159793963345,3.472540841658359,5.010563257675726,1.1841961604702065,0.023172531036812178,8.133059041988597,2.1464528928890916,29.273719626163306,49.760111641520766,16.62084934939067,0.025179518982346997
qwen25_0_5b_int8,Qwen2.5,0.5,4096,16,gpu_gpu,iGPU -> iGPU,GPU,GPU,NPU,2,6.9356261836364865,89372,41,42,1322.0936353159427,7.158471394965207,3110.2184370000004,17.020352000000017,155.106085,5.144333211346081,4036.2672248319705,138.08573299999998,141.37340145,1014.799014,11.905420899610519,3.68466543874404,49.57115876454842,84.73738401062377,29.968093639256907,3.2710512063886696,1.4154704915067016,18.28326678344899,30.821351433941977,12.124108874727245,0.003447973393478287,2.1565564590094906,0.1558431110648697,3.6885127484292926,5.302890770759849,1.1994469121924656,0.022642567504685584,6.477813234212358,2.113351836172469,27.59937923267014,48.61314180592195,16.644537852337194,0.025242314754422412
qwen25_0_5b_int8,Qwen2.5,0.5,4096,16,gpu_npu,iGPU -> NPU,GPU,NPU,NPU,0,1.9407653156667948,89372,8,42,1313.574470754273,7.0531272379837215,3130.389705,183.4356975,309.371941,5.11118471110612,4081.008419651419,125.93624349999999,145.91774725,1003.673499,9.229737399171373,3.796440714592272,36.96387471136817,63.18148381200493,12.263511238170556,2.8486933212978167,1.430215217927984,17.976959675623878,30.048222727436432,12.240647690664314,0.0035409921688088724,2.9576504233030065,0.19566258716580537,3.5692429689952196,5.251406175077655,0.022863547506241547,0.537954410028413,3.4233936545705497,2.1705629094984826,15.417672066749073,27.881854909490837,0.0,0.9645173089975884
qwen25_0_5b_int8,Qwen2.5,0.5,4096,16,gpu_npu,iGPU -> NPU,GPU,NPU,NPU,1,1.9407653156667948,89372,65770,42,1375.4314767343596,7.64382627337903,2989.6073120000005,72.60177200000001,198.20466100000002,5.351873450328248,3987.386300619049,125.60288899999999,128.17479584999998,1027.239322,8.752454451199059,3.73834596551184,36.18830978901756,60.790171501619525,12.216449889119737,2.960005374863101,1.4175057637109558,18.016731171695348,29.964286184261105,12.202696362444497,0.0034519706596667843,2.3271433086707756,0.16685873981294702,2.8858778665856093,4.108127027046255,0.013753526675239113,0.8280481355582248,3.465305767665182,2.153981461987937,15.2857007507366,26.71775829031216,0.0,0.9906231306772617
qwen25_0_5b_int8,Qwen2.5,0.5,4096,16,gpu_npu,iGPU -> NPU,GPU,NPU,NPU,2,1.9407653156667948,89372,41,42,1380.8176769366926,7.637264796950806,2977.945654,68.49496450000001,194.345394,5.372831427769232,4039.8791462263016,125.8504295,128.98805604999998,1013.8917160000001,9.175364460618503,3.7308449423047843,36.60137268174319,61.04113649126664,12.143121176558697,3.599306968514453,1.4117242890862811,18.60048937619886,30.66607455204653,12.11641973539204,0.0034954423081606473,2.107989018505788,0.1669480482998514,2.6822452473524407,3.794606001008488,0.02670144116665781,0.8510157951054914,3.4680684735982616,2.152172604918652,15.318638058191892,26.580455938211625,0.0,0.9885882090198013
qwen25_0_5b_int8,Qwen2.5,0.5,4096,16,npu_gpu,NPU -> iGPU,NPU,GPU,NPU,0,4.639172694645822,8,78,42,1170.3180622464606,7.162125610608989,3513.5747559999995,36.2824085,173.471872,4.553766779169107,2886.0833213734563,137.1894635,137.9211834,1419.224445,8.189374741706743,3.63572740065696,44.281073292725786,74.22698367779056,17.569328957038696,0.3828422632546591,1.3885665821756643,14.248846554688729,23.399870148946412,0.0,0.8911197974750217,2.0850476260011375,0.15727830252382335,3.5598391030065932,5.140389647699973,1.155708248080703,0.014659437121886828,5.721484852450946,2.0898825159574725,26.47238763503046,45.686723881144175,16.413620708957993,0.02577726887588851
qwen25_0_5b_int8,Qwen2.5,0.5,4096,16,npu_gpu,NPU -> iGPU,NPU,GPU,NPU,1,4.639172694645822,8,78,42,1172.9052913899088,7.18708687247132,3505.8244090000003,18.96166799999999,156.719954,4.563833818637778,2887.052680623304,137.758286,138.5748966,1418.747925,7.711748383125193,3.6320783501019065,43.57964984650428,72.74919277324787,17.550483874027172,0.0,1.3843562227045987,13.643836196454902,22.24739446304297,0.0,0.8905852672877038,2.093628343651387,0.1556865671091258,3.5119996194136567,5.03944808230879,1.0942806025089555,0.016175349311294464,5.618120039473806,2.092035560288182,26.423814030635725,45.46235022789611,16.456203271518216,0.02561961960467479
qwen25_0_5b_int8,Qwen2.5,0.5,4096,16,npu_gpu,NPU -> iGPU,NPU,GPU,NPU,2,4.639172694645822,8,78,42,1174.9772614539968,7.207659396277569,3499.642193,13.51788000000001,150.942504,4.571895958964968,2887.510938183639,137.424624,141.20052389999998,1418.5227650000002,9.002760702150276,3.631770237015841,45.13802494283833,74.50054564946035,17.66982009061353,0.6818897420261552,1.3950908175620969,14.460956600341563,23.28667973040212,0.0,0.8901365781041942,2.4789134263933414,0.1538296512690623,3.951611695825921,5.4915020124211935,1.152092450763675,0.01680109931129803,5.84195753373078,2.082849768184682,26.725456646670843,45.72236390663704,16.517727639849856,0.025823021392623383
qwen25_0_5b_int8,Qwen2.5,0.5,4096,16,npu_npu,NPU -> NPU,NPU,NPU,NPU,0,20.317190792411566,8,78,42,1223.8979526221328,7.2892768716760905,3359.7572339999997,157.69048750000002,283.309911,4.762248842887677,3146.0744624317504,125.6194235,132.28124904999999,1301.939941,5.131765973585928,3.7312357544332606,31.93655180279531,63.32847903684015,0.0,0.2725550794633822,1.367724255503934,14.090587403465705,26.06434162074001,0.0,0.9690224258969868,2.807766442367351,0.1880465687076258,3.69673331619835,5.993482418958148,0.0,0.4484911930949002,2.051444451755194,2.175464930221701,14.149231083131255,31.270654997141996,0.0,0.9843278296376228
qwen25_0_5b_int8,Qwen2.5,0.5,4096,16,npu_npu,NPU -> NPU,NPU,NPU,NPU,1,20.317190792411566,8,78,42,1280.1560574989066,7.834575307381766,3212.10838,27.367984999999983,153.323608,4.981151974703917,3156.795502388902,125.95562300000002,126.18742850000001,1297.518321,3.068920307155504,3.7081601767012478,29.044801285192435,54.825660988189355,0.0,0.0,1.385741270310338,13.163034666804375,23.323896172439046,0.0,0.9730082262167918,1.9774708702356596,0.16212921665559765,2.840508672019995,4.199651731936488,0.0,0.8098100587353775,1.0914494369198442,2.160289689735312,13.041257946368066,27.30211308381382,0.0,0.99021928170481
qwen25_0_5b_int8,Qwen2.5,0.5,4096,16,npu_npu,NPU -> NPU,NPU,NPU,NPU,2,20.317190792411566,8,78,42,1278.6971001987345,7.8530903622287305,3215.7733049999997,26.262918999999997,151.932772,4.97547509804955,3137.0212784520936,125.669853,126.34852935000002,1305.697232,3.2844832799462726,3.7244066414235975,29.650305294877466,52.95025430353744,0.0,0.0,1.398693300459862,13.464510795494867,22.51929590135326,0.0,0.9648316387025933,1.780793300535271,0.16461325773404392,2.7489826127559476,3.890868892216856,0.0,0.8166835789713625,1.5036899794110017,2.1611000832296914,13.436811886626652,26.540089509967324,0.0,0.9914152043286715
qwen25_0_5b_int8,Qwen2.5,0.5,4096,16,openvino_auto,OpenVINO AUTO,GPU.0,GPU.0,GPU.0,0,1.394323960877955,8,78,42,3361.794578923926,48.54203857688878,1223.156235,55.975590000000004,71.369709,13.080912758458856,4480.686042740755,15.394119000000002,25.307618849999997,914.145727,8.567004413650924,1.1852100101149987,22.628312689635102,33.86264333867614,12.001732580778,3.0070177014501045,0.7814768669173493,14.634554821497195,22.912366106193,10.262014292053705,0.0,2.2462061953421992,0.0458785161595203,2.477040837704683,3.084026683098327,0.148290636727017,0.0,3.3137805168586203,0.3578546270381292,5.516717030433224,7.866250549384812,1.5914276519972788,0.0
qwen25_0_5b_int8,Qwen2.5,0.5,4096,16,openvino_auto,OpenVINO AUTO,GPU.0,GPU.0,GPU.0,1,1.394323960877955,8,78,42,3220.619221314675,62.655311029234454,1276.7731039999999,19.424922000000002,33.099942,12.53159230083531,3948.4540886463806,13.67502,20.51973785,1037.36802,7.515314675054221,1.2615666540502484,21.786024296105367,33.709664466721065,12.092076624599896,4.118036963576069,0.927382793014787,16.261972816285823,26.043269945594975,10.535809590755623,0.0,1.0225563041148096,0.028233825907447444,1.1426597990449903,1.4077881645306134,0.07427211943954168,0.0,2.3747214073633423,0.3059500351280139,4.381391680774552,6.258606356595475,1.4819949144047324,0.0
qwen25_0_5b_int8,Qwen2.5,0.5,4096,16,openvino_auto,OpenVINO AUTO,GPU.0,GPU.0,GPU.0,2,1.394323960877955,8,78,42,3251.8725859254905,62.275589394653124,1264.5021879999997,19.5139705,33.057164,12.653200723445488,4001.417119066307,13.5431935,21.49112375,1023.6373459999999,9.431466986713096,1.3201714177133717,23.814497347869807,35.65447343073618,12.085937789497631,5.602418218842458,0.982343981611253,17.838168829032604,27.528145493184685,10.518625749289756,0.0,1.0309786538766483,0.02856078769823642,1.1529962542566776,1.421958380799443,0.0752502071676294,0.0,2.7980701139939894,0.3092666484038823,4.823332264580525,6.704369556752056,1.4920618330402458,0.0
qwen25_0_5b_int8,Qwen2.5,0.5,8192,16,gpu_gpu,iGPU -> iGPU,GPU,GPU,NPU,0,9.696449596434832,89372,271,42,1478.4629217945492,5.305982635109922,5551.711767000001,50.542034000000015,235.459875,2.881993999599511,3006.5538616857502,184.917841,186.52203065,2724.7142000000003,18.838467340107645,7.359498556511622,91.87120162581526,157.7611161274021,57.890627683788665,9.538613468402463,4.146128399220395,50.52606282573073,86.56784958701965,32.58350122202188,0.0012694909433070079,2.237634215815758,0.2293362912724239,4.420138624899872,6.680718872772546,1.7102061245834674,0.014822058323100698,7.062219655889424,2.984033866018803,36.92500017518465,64.51254766760988,23.596920337183317,0.018811225532428026
qwen25_0_5b_int8,Qwen2.5,0.5,8192,16,gpu_gpu,iGPU -> iGPU,GPU,GPU,NPU,1,9.696449596434832,89372,22814,42,1484.9482392715718,5.339951740720139,5527.465391,24.12163549999999,209.054408,2.8946359439991656,3013.4805717488316,184.9327725,189.18333404999998,2718.4512409999998,18.33797583365697,7.279051399727828,91.1053917061307,155.3615343216925,57.7015904076701,8.382982810518875,4.079458738770583,49.040460716495495,83.59311070408478,32.359089065946705,0.0012816120986295079,2.2521754739318727,0.22592458988243813,4.421227439622202,6.638892244375654,1.6987852762765165,0.016765970320989358,7.702817549206221,2.9736680710748065,37.64370355001301,65.12953137323206,23.64371606544688,0.01881259898369611
qwen25_0_5b_int8,Qwen2.5,0.5,8192,16,gpu_gpu,iGPU -> iGPU,GPU,GPU,NPU,2,9.696449596434832,89372,488,42,1492.1580378762296,5.369460228234298,5500.757823,24.78358099999997,209.07430699999998,2.9086901323123384,3026.026039528838,184.290726,185.995193,2707.180934,18.81235707163192,7.2458257939234025,91.67690045883299,155.88492834283576,57.87394717890458,9.389742661664316,4.046487799934301,50.02506901918538,84.64787285680585,32.40800117881971,0.0012917496411416437,2.1418910257830386,0.22475437393791267,4.312306868224349,6.502336864915804,1.6931702354681288,0.016735676660642955,7.280723384184564,2.974583620051189,37.339524571423254,64.73471862111411,23.772775764616743,0.018887967201109957
qwen25_0_5b_int8,Qwen2.5,0.5,8192,16,gpu_npu,iGPU -> NPU,GPU,NPU,NPU,0,2.5190937342122197,89372,12,42,1659.5419838206726,6.805163358175521,4945.942965,237.872489,365.701206,3.234974627330746,2987.889811960503,127.82871700000001,145.71915965,2741.7343060000003,18.96154065662663,6.595119107870081,73.00069166019235,120.20223584383794,32.81491131760016,11.287934973017673,4.138367449639345,52.464699249519285,86.06613611363612,32.81491131760016,0.0012878709626504559,3.0507893416184437,0.22082071453906396,3.6830414144397166,5.405179023943843,0.0,0.5258555258907186,4.6228163419905135,2.235930943691672,16.85295099623334,28.73092070625798,0.0,0.967837795324945
qwen25_0_5b_int8,Qwen2.5,0.5,8192,16,gpu_npu,iGPU -> NPU,GPU,NPU,NPU,1,2.5190937342122197,89372,488,42,1727.4017996657851,7.381758465110136,4751.644928,111.11611099999999,238.92675699999998,3.3672549701087426,3012.1979474338254,127.810646,130.46010600000002,2719.6087850000004,15.50985329895886,6.47123774696734,69.09708896549641,114.92265182649297,32.62507470686919,9.59045016732102,4.075568467435854,50.410507236212226,83.4993099249767,32.585586692083474,0.0009335901597332132,2.1921555974366127,0.1845884292598458,2.8047978002889615,3.9624913038232785,0.03948801478571623,0.7012525600052405,3.7272475342012266,2.21108085027164,15.881783928995219,27.46085059769299,0.0,0.990321624472273
qwen25_0_5b_int8,Qwen2.5,0.5,8192,16,gpu_npu,iGPU -> NPU,GPU,NPU,NPU,2,2.5190937342122197,89372,488,42,1732.2289649668492,7.41180580722308,4738.4036209999995,99.55558900000003,227.518448,3.3766646490581858,3017.7499246925518,127.96285899999998,130.54635305,2714.60532,14.504876350735096,6.453559699515532,67.8134596345951,118.23021775610549,32.39128336373836,8.658539661316029,3.9990361955566156,49.14212299877116,84.9114062740935,32.35824195306848,0.001314003171554972,2.0994569234016636,0.18806333924895197,2.7119459023178365,3.8535669179855305,0.03304141066987826,0.7370699012503813,3.746879766017404,2.2664601647099647,15.959390733506108,29.46524456402646,0.0,0.9902493740211203
qwen25_0_5b_int8,Qwen2.5,0.5,8192,16,npu_gpu,NPU -> iGPU,NPU,GPU,NPU,0,6.2184123089537024,198,78,42,1093.9818258846485,5.301487279453438,7502.866872,36.96768249999999,222.086931,2.1325181791123753,1752.8723174120264,185.1192485,190.88944615,4673.4721739999995,16.365017376709986,7.930178339604545,87.52967575805874,143.00860471093736,25.11522654578851,5.652959525481364,4.6565158450258295,44.970100956642874,71.70495125638679,0.0,0.7983941833992827,2.5745196866064224,0.22802282491964165,4.654837523361811,6.721756209790277,1.6184365494935686,0.01590368232879043,8.1375381646222,3.0456396696590744,37.90473727805406,64.58189724476028,23.49678999629494,0.019002359685756268
qwen25_0_5b_int8,Qwen2.5,0.5,8192,16,npu_gpu,NPU -> iGPU,NPU,GPU,NPU,1,6.2184123089537024,198,78,42,1099.590915513002,5.352959498265479,7464.5942270000005,21.378809499999985,206.53586199999998,2.143452077023396,1757.0327362926944,185.1570525,186.66187875,4662.406016,7.575842649600006,7.796995126888446,78.51307454192697,131.0810806072189,25.298754340193994,0.5057142604332086,4.575588098166081,39.56891676758441,64.07838888650124,0.0,0.7991680662759337,2.1410349163387163,0.2252035858229779,4.253697573185591,6.30947126277285,1.6599724412497368,0.017532064237831976,4.9290934728280815,2.996203442899387,34.69046020115697,60.693220457944804,23.63878189894426,0.01933425330219367
qwen25_0_5b_int8,Qwen2.5,0.5,8192,16,npu_gpu,NPU -> iGPU,NPU,GPU,NPU,2,6.2184123089537024,198,78,42,1103.3812583371273,5.3580993237987204,7438.9518020000005,22.44450649999999,207.431169,2.1508406595265637,1765.7259220230096,184.98666250000002,186.4501409,4639.451626,14.798162361337775,7.89310768748436,86.28855660010069,141.21398424170945,25.312126852751163,3.4322737347343466,4.643281648890018,42.8460866663316,68.88915622553193,0.0,0.8049675481194467,2.238348169477653,0.22443894430102956,4.3019485711001675,6.374538699726498,1.5969216051757962,0.012269130103586313,9.127540457125775,3.025387094293312,39.14052136266893,65.95028931645103,23.715205247575366,0.019092855887073226
qwen25_0_5b_int8,Qwen2.5,0.5,8192,16,npu_npu,NPU -> NPU,NPU,NPU,NPU,0,57.722810465842485,198,78,42,1389.4021104373123,7.156110993065759,5907.577035,154.10901900000002,281.72681500000004,2.7083861801896925,2149.3039772132847,127.617796,137.9065367,3811.4664500000003,6.229942611076707,6.902875941735836,58.04719632086497,100.76094121097465,0.0,0.24089855986925812,4.45752183005054,39.01900186931391,66.99797871561495,0.0,0.9773894244825373,2.6056532629425972,0.20540031411766985,3.5093296479062754,5.295308589286793,0.0,0.46056673731962644,3.383390788264851,2.239953797567626,15.518864803644785,28.46765390607291,0.0,0.9790481095407947
qwen25_0_5b_int8,Qwen2.5,0.5,8192,16,npu_npu,NPU -> NPU,NPU,NPU,NPU,1,57.722810465842485,198,78,42,1411.1808180469097,7.5853646316131265,5816.405591000001,62.8105545,190.58275899999998,2.7508398012610327,2133.937220339592,127.77220449999999,128.03819655,3838.9133110000002,7.699812649739001,6.922887435238495,59.64022473432221,93.56693188233535,0.0,3.0687331450866253,4.522592890336292,42.06435542233388,63.97179568607875,0.0,0.9716093325974038,2.0928446091630457,0.18352874689925477,2.9749745216155605,4.141166339211932,0.0,0.6690111984368954,2.53823489548933,2.2167657980029483,14.600894790372767,25.453969857044665,0.0,0.9918342138600089
qwen25_0_5b_int8,Qwen2.5,0.5,8192,16,npu_npu,NPU -> NPU,NPU,NPU,NPU,2,57.722810465842485,198,78,42,1416.9460464463166,7.572771081373202,5792.739971,64.35657949999998,192.054117,2.7620780632481803,2149.0261981201897,127.69753750000001,128.4223455,3811.959113,6.444865693611237,6.904214124221884,58.3741895456929,92.33707340942719,0.0,2.525384006507325,4.504997901869338,41.470119695557415,62.82248341058315,0.0,0.9773221300550713,2.0982537594533923,0.17868336664371018,2.9645498478730277,4.059295196828644,0.0,0.6625268022762563,1.8212279276505194,2.2205328557088357,13.93952000226246,25.455294802015395,0.0,0.9915885749035157
qwen25_0_5b_int8,Qwen2.5,0.5,8192,16,openvino_auto,OpenVINO AUTO,GPU.0,GPU.0,GPU.0,0,1.4071892695501447,198,78,42,2995.1329866213173,48.345879260897995,2740.445929,48.382597499999996,65.331458,5.838465860860268,3370.9414453945196,16.948860500000002,19.755726,2430.181637,12.024498754496673,2.402398889307663,48.523630097695175,70.08422708279751,32.432895959772544,7.73942669267215,2.020366426083424,41.52954393363718,60.63247925871116,30.368657242278154,0.0,2.07931510087244,0.042264492904420026,2.318175495459304,2.8135271525095984,0.16649101982611933,0.0,2.2057569609520824,0.33976797031981876,4.675910668598693,6.63822067157675,1.8977476976682748,0.0
qwen25_0_5b_int8,Qwen2.5,0.5,8192,16,openvino_auto,OpenVINO AUTO,GPU.0,GPU.0,GPU.0,1,1.4071892695501447,198,78,42,2811.5167562135834,51.480537000482805,2919.420623,30.241358500000004,47.213772,5.480539485796459,3117.1420170180722,16.9724135,19.545342799999997,2628.0483710000003,16.582271344050547,2.7340380988978996,54.313078114281446,81.05697065973979,33.000031922798996,12.052507609996178,2.359212654186519,47.15342780418089,70.5179110980459,31.010339461965913,0.0,1.475254137600884,0.03624692891153454,1.636028555406411,1.9902805377249564,0.10067217513835185,0.0,3.0545095964534825,0.338578515799846,5.5236217546941395,8.548779023968939,1.8890202856947287,0.0
qwen25_0_5b_int8,Qwen2.5,0.5,8192,16,openvino_auto,OpenVINO AUTO,GPU.0,GPU.0,GPU.0,2,1.4071892695501447,198,78,42,2767.425683150156,49.54194459326019,2965.933304,38.2478395,55.301853,5.394591974951572,3076.04550623469,17.0540135,20.045623199999998,2663.159561,15.83674328958722,2.7889559608092482,53.55550588647726,80.62583375899476,32.98278553571781,11.535977540652699,2.4089359257950105,46.6555709327505,70.76452112750124,30.987805456786703,0.0,1.706460411781945,0.03899159026067931,1.7821189246148708,2.2458096025524394,0.08362658829746517,0.0,2.5943053371525764,0.3410284447535583,5.117816029111891,7.615503028941075,1.911353490633643,0.0
qwen25_1_5b_int8,Qwen2.5,1.5,1024,16,gpu_gpu,iGPU -> iGPU,GPU,GPU,NPU,0,6.594941902905703,1110,78,42,147.80368654038432,2.332741716753516,7036.360353,49.75519899999997,473.10983699999997,2.2739028698520665,1689.3270004489434,423.354638,433.72931674999995,606.158547,19.98652278731538,7.370913049080703,97.54095553581216,167.1181401541972,62.595637002378,1.2856100810001159,0.7630203575164058,10.486214088922761,17.50471686090074,7.716448904713097,0.009380384106008489,3.5933867396904207,0.4947792141194035,8.283129647055366,13.028140770919077,3.666072757789488,0.011914780795394875,15.107525966624845,6.113113477444894,78.77161179983403,136.58528252237738,51.213115339875415,0.013516997961258099
qwen25_1_5b_int8,Qwen2.5,1.5,1024,16,gpu_gpu,iGPU -> iGPU,GPU,GPU,NPU,1,6.594941902905703,1110,78,42,149.05625420340698,2.3554274208203125,6977.231553,16.130235999999964,438.64304,2.2931731415908767,1681.5537515939598,422.512804,429.64616515,608.960611,19.535481402159732,7.287012174547138,96.81853376468744,165.04242419623657,62.49370926229088,1.2890133737427185,0.7566378063137943,10.474526268260696,17.179997122130786,7.70521315830802,0.009261682772451107,2.6060798381825148,0.43795011768852965,7.169923612220277,11.368148666773026,3.6715154414631197,0.012850996108361825,15.6403881902345,6.0924242505448145,79.17408388420647,136.49427840733276,51.11698066251974,0.013362727191241553
qwen25_1_5b_int8,Qwen2.5,1.5,1024,16,gpu_gpu,iGPU -> iGPU,GPU,GPU,NPU,2,6.594941902905703,1110,78,42,149.67315045894875,2.3656081356377556,6948.474037,9.153328500000002,429.905532,2.302663853214596,1685.2920763651066,420.75220349999995,429.42353805,607.609811,20.638539795157865,7.34657499122867,98.21666005715988,168.82431088917036,62.644403237509124,1.0188582326022209,0.7547682933164064,10.217709923128794,16.96644709099176,7.7163859284959875,0.009986672186897916,3.8635288149664744,0.488028865566247,8.451875326694095,12.905935127071004,3.6147093601331903,0.013207552769988548,15.75615274758917,6.103777832346017,79.547074807337,138.9519286711076,51.313307948879945,0.01345500858950851
qwen25_1_5b_int8,Qwen2.5,1.5,1024,16,gpu_npu,iGPU -> NPU,GPU,NPU,NPU,0,2.546425521373749,1110,78,42,124.69405115567695,1.9402968137669794,8340.413919999999,196.73885399999992,698.713763,1.9183700177796452,1679.6854840109106,501.9749090000001,504.68925255,609.6379410000001,9.682306074275232,9.39435119046013,66.90470856527118,130.12838627661048,7.734845863970815,2.363015969418387,0.8079870719700875,11.647906171376029,18.92599941196747,7.714977769256039,0.009433467986862058,4.516576650719722,0.6312754495211651,7.4375076618794065,12.516521227485931,0.019868094714776657,0.8321590768493278,2.8027134541371233,7.955088668968878,47.81929473201574,98.68586563715708,0.0,0.9978990208638393
qwen25_1_5b_int8,Qwen2.5,1.5,1024,16,gpu_npu,iGPU -> NPU,GPU,NPU,NPU,1,2.546425521373749,1110,78,42,126.8250350276784,1.975726923691463,8200.273706,52.42260050000003,554.4722039999999,1.951154385041206,1683.846668652674,502.04960349999993,505.57738255000004,608.1313809999999,4.143581435978267,9.313281753202432,61.150609370107766,120.38250851991391,7.72098476068802,1.0865926778011026,0.7563915245749552,10.266107914134455,17.04284333945281,7.695510858872847,0.006758408015783681,1.6384664328951628,0.5731866011372674,4.4194075055485245,8.029405624000848,0.025473901815172867,0.9922697585756706,1.4185223252820016,7.98370362749021,46.46509395042479,95.31025955646025,0.0,0.9974705945726439
qwen25_1_5b_int8,Qwen2.5,1.5,1024,16,gpu_npu,iGPU -> NPU,GPU,NPU,NPU,2,2.546425521373749,1110,78,42,126.86157599100224,1.977149739077625,8197.911715,54.83653599999994,556.523048,1.9517165537077268,1675.302436262759,501.68651200000005,503.82919044999994,611.2329199999999,2.9082807736592073,9.23698137539579,59.87350459753562,119.08713345432011,7.712063194305585,1.1639154399455782,0.7541902259485151,10.357717767708674,17.126071790404023,7.702462498311683,0.006694665594909385,1.5894967361592602,0.5718287186540091,4.360485662447912,7.962912794564429,0.009600695993901863,0.9868863508416637,0.1548685975543691,7.9109624307932656,45.15530116737904,93.99814886935165,0.0,0.9977380661862597
qwen25_1_5b_int8,Qwen2.5,1.5,1024,16,npu_gpu,NPU -> iGPU,NPU,GPU,NPU,0,2.454578286036849,1110,78,42,143.34563789408847,2.3623313706683233,7255.191126,40.07293900000003,460.00363300000004,2.2053175060628996,1130.8275183528283,419.930694,424.13551444999996,905.5315539999999,17.968760514811727,7.4302605524512275,94.98287481346773,161.10080820997092,54.9618742717303,0.0,0.8889882958585349,8.949624179653902,14.492373010398694,0.0,0.991779906545366,2.7550195403358497,0.44187680615936864,7.244822440202295,11.463428868572004,3.6042726356756485,0.008860799584163283,15.213740974475876,6.099395450433324,78.78842819361154,135.14500633100022,51.35760163605465,0.013456473658367296
qwen25_1_5b_int8,Qwen2.5,1.5,1024,16,npu_gpu,NPU -> iGPU,NPU,GPU,NPU,1,2.454578286036849,1110,78,42,142.8873001246935,2.35410316622469,7278.46351,14.879295499999944,438.198967,2.1982661557645153,1129.4820807789215,423.3196715,428.48672999999997,906.610222,19.78203878623162,7.394507746836924,97.18750064545631,161.92471678561157,54.95365075739433,0.19093791672629212,0.8863585186612195,9.505599526928659,14.402918390307391,0.0,0.9927099630694436,2.875283554690744,0.4370181002571638,7.329831416751102,11.402778353484603,3.5685503521572874,0.009326813406203215,16.715817314814583,6.071131127918541,80.35206970177654,136.11902004181957,51.38510040523704,0.01338483769081701
qwen25_1_5b_int8,Qwen2.5,1.5,1024,16,npu_gpu,NPU -> iGPU,NPU,GPU,NPU,2,2.454578286036849,1110,78,42,142.34566475255104,2.3443472917040675,7306.158581,12.916342500000011,437.304258,2.1899333038854008,1128.015219657225,424.38791549999996,435.57595885,907.78917,19.66819626596519,7.437663378629251,97.30473008949285,163.42039990418687,54.86253137877063,0.27328655609652275,0.8889272587302484,9.661375246997183,14.54772884975608,0.0,0.991643246856536,2.670302605185507,0.4373564347719848,7.213584546747681,11.318905804619954,3.642587187004864,0.009446512180999619,16.72460710468316,6.111379685127018,80.42977029574799,137.55376524981082,51.21994419176577,0.013321276980177975
qwen25_1_5b_int8,Qwen2.5,1.5,1024,16,npu_npu,NPU -> NPU,NPU,NPU,NPU,0,19.737735787406564,1110,78,42,120.67347641621315,1.9462179204953687,8618.298162,168.81258350000004,671.000552,1.8565150217878947,1123.9876593575077,502.1879684999999,505.08155510000006,911.0420310000001,4.434784632494505,9.445963242534633,60.66518541559785,122.02049821738085,0.0,0.0,0.8913472729256848,8.645632327614676,15.257827701047852,0.0,0.9865505316076904,3.154704629321742,0.6051591306206258,6.48473534107303,11.31527351035801,0.0,0.7749889302624597,1.2800800031727633,7.949456838988323,45.53481774691014,95.44739700597499,0.0,0.9973837535045001
qwen25_1_5b_int8,Qwen2.5,1.5,1024,16,npu_npu,NPU -> NPU,NPU,NPU,NPU,1,19.737735787406564,1110,78,42,123.10292159813459,1.988861452503901,8448.215416000001,4.409111000000077,506.650546,1.8938911015097628,1129.9784979437272,502.24143499999997,504.23282695000006,906.211934,1.8549957055361115,9.384355997139018,57.13514993637531,111.61837271269101,0.0,0.0,0.8879059956758006,8.798529434155563,14.417731127445162,0.0,0.9909701762987376,1.8549957055361115,0.5645347547250443,5.004920519706184,8.53666503799859,0.0,0.9882531538809394,0.0,7.931915246738173,43.33169998251356,88.66397654724726,0.0,0.9974786004111849
qwen25_1_5b_int8,Qwen2.5,1.5,1024,16,npu_npu,NPU -> NPU,NPU,NPU,NPU,2,19.737735787406564,1110,78,42,123.01374462979166,1.9880195113411543,8454.339823,8.784910000000036,511.06365200000005,1.892519148150641,1126.3363951079664,502.278742,504.0689766500001,909.142246,2.60767190236464,9.423141788778633,59.425250486502826,115.48832367838992,0.0,0.0,0.9193606032523487,9.263886660901312,15.123009618839195,0.0,0.9910451350865946,2.60767190236464,0.5944341109197806,5.830281147612368,9.6684375043769,0.0,0.9843783607604322,0.0,7.909347074606504,44.331082677989144,90.69687655517382,0.0,0.9966593008818779
qwen25_1_5b_int8,Qwen2.5,1.5,1024,16,openvino_auto,OpenVINO AUTO,GPU.0,GPU.0,GPU.0,0,3.323900909163058,1110,78,42,1470.952119146477,37.3896346784674,707.025053,28.374207,51.822874999999996,22.63003260225349,3348.1082998466923,23.448667999999998,32.4684677,305.84434799999997,5.955274740577293,1.2849055176363995,15.35820199751113,22.673675965319415,7.179196050122272,0.8977162625758582,0.3854016175892626,5.544371377863383,8.594703246081645,3.9466897818086433,0.0,1.6731163432827698,0.06940266223682236,2.0502308441867556,2.579950799721535,0.26222172290140083,0.0,3.3844421347186646,0.8301012378103145,7.7635997754609924,11.499021919516236,2.9702845454122273,0.0
qwen25_1_5b_int8,Qwen2.5,1.5,1024,16,openvino_auto,OpenVINO AUTO,GPU.0,GPU.0,GPU.0,1,3.323900909163058,1110,78,42,1428.3313335298378,38.3240484809433,728.122373,8.683794000000002,32.877001,21.97432820815135,3041.073291223516,24.193207,33.431276999999994,336.723223,5.551923277922748,1.3159443677918985,15.045327279416815,22.55619297170822,7.247328784248701,1.281861140618339,0.42295371673955207,6.0885685711450614,9.499864019022192,4.046662456158668,0.0,1.0012777281938712,0.06252828155287932,1.2536535454648514,1.5863967524073046,0.15093357664155216,0.0,3.2687844091105385,0.8304623694994672,7.703105162806903,11.469932200278723,3.0497327514484813,0.0
qwen25_1_5b_int8,Qwen2.5,1.5,1024,16,openvino_auto,OpenVINO AUTO,GPU.0,GPU.0,GPU.0,2,3.323900909163058,1110,78,42,1472.7647700392515,40.098485623215936,706.1548600000001,7.780450500000001,32.051745,22.65791953906541,3083.6324328810438,24.2712945,25.19333645,332.075895,5.437298245727224,1.3150152658857808,15.036150381470735,22.414075848544943,7.333127834693028,1.4714353690532027,0.42131060774108897,6.399462870318029,9.76940743896203,4.168924986786523,0.0,0.9712087590755394,0.06215895960279626,1.2090951049154186,1.5290973531167598,0.13592026905659632,0.0,2.9946541175984813,0.8315456985418955,7.427592406237288,11.115571056466152,3.0282825788499084,0.0
qwen25_1_5b_int8,Qwen2.5,1.5,2048,16,gpu_gpu,iGPU -> iGPU,GPU,GPU,NPU,0,7.039395838975906,283,261,271,256.2838347681854,2.231524510002938,8053.5707680000005,39.22317849999995,484.375858,1.9866963935518247,1537.8738827940401,445.15267950000003,446.9693189,1331.708681,19.90882149304839,8.737965551801807,113.16616378429183,196.14702865453145,75.6321539318624,3.4554331140316212,1.7510002866897914,23.597186379940304,39.62510362498162,16.74490696404732,0.0042689516717207615,2.7381880467823736,0.47007435334456127,7.592853929269808,12.353305423633705,3.8992036537061145,0.011724366328761166,13.715200332234396,6.5168909117674545,81.9761234750817,144.16861960591612,54.988043314108964,0.012741190454338075
qwen25_1_5b_int8,Qwen2.5,1.5,2048,16,gpu_gpu,iGPU -> iGPU,GPU,GPU,NPU,1,7.039395838975906,283,45079,42,256.4762268712818,2.2339582168008887,8047.529493000001,17.556319499999972,462.761139,1.9881878052037352,1536.3952749420644,445.20481950000004,453.49677214999997,1332.990301,22.990220976859057,8.790505081037598,116.63205996578668,199.82998003099766,75.84975732116304,4.951366500357121,1.8041143159966553,25.272849984447227,41.2413947163263,16.763886335732025,0.004271598972421931,2.3804372322249296,0.4681711305814702,7.238963623778912,11.82123153871566,3.91005098064904,0.012267667964228086,15.658417244277004,6.518219634459472,84.12024635756055,146.7673537759557,55.175820004781976,0.012679752756411552
qwen25_1_5b_int8,Qwen2.5,1.5,2048,16,gpu_gpu,iGPU -> iGPU,GPU,GPU,NPU,2,7.039395838975906,283,9917,42,255.70243939635353,2.2190236833507075,8071.882321,11.757271999999986,461.15218699999997,1.982189452684911,1560.793887903699,449.394915,453.31827695,1312.152755,22.786374507414475,8.746996586445613,116.99257361523432,200.71102083478456,76.29794937897242,3.4940630535481096,1.7486501005075636,23.79963005369959,39.52480666718143,16.844129068867364,0.004332574830435805,2.5209263993671525,0.46765415019934614,7.430039137308178,12.039396972540652,3.9176232802488857,0.01232781749769735,16.771385054499213,6.530692335738703,85.76290442422655,149.14681719506248,55.53619702985617,0.012593002392008876
qwen25_1_5b_int8,Qwen2.5,1.5,2048,16,gpu_npu,iGPU -> NPU,GPU,NPU,NPU,0,1.9245420200750232,283,261,271,226.7351877160085,1.9313928748265432,9103.130487999999,210.16478649999993,713.3654379999999,1.7576371140775853,1532.1144505055065,503.20065150000005,506.73365994999995,1336.71476,9.131715859602402,10.388396249843431,77.69789900933142,152.22279127012766,16.83712274511566,4.326789204816697,1.7503832165679745,24.608235062799032,40.92403255925051,16.83541169770159,0.004309819994805773,4.60800876157603,0.6681864283640737,7.62507224328337,13.330515509088599,0.0017110474140698093,0.8846854170134326,0.196917893209676,7.969826604911383,45.46459170324903,97.96824320178854,0.0,0.9976432480534603
qwen25_1_5b_int8,Qwen2.5,1.5,2048,16,gpu_npu,iGPU -> NPU,GPU,NPU,NPU,1,1.9245420200750232,283,45079,42,229.90195802039705,1.9623715583367354,8977.739979999998,85.91844250000003,589.6940659999999,1.7821857210883492,1535.3157028823045,503.77562349999994,505.96483255000004,1333.927606,7.370356244394605,10.330334463308748,75.70681156991728,145.6461608606738,16.764017083202106,5.012246616385914,1.7595661131279972,25.22794227335295,41.00696190906894,16.741545413529604,0.004309829089780453,1.8542244166434083,0.583485054864834,4.651793095963287,8.545330520656515,0.02247166967250187,0.9362346203429492,0.503885211365283,7.987283295315917,45.827076200601034,96.09386843094835,0.0,0.9969133905827314
qwen25_1_5b_int8,Qwen2.5,1.5,2048,16,gpu_npu,iGPU -> NPU,GPU,NPU,NPU,2,1.9245420200750232,283,9917,42,229.65860736735144,1.9637562125777746,8987.252965,81.05299850000003,584.863137,1.780299281917453,1518.3526266044735,503.8101385,505.31374095,1348.830281,6.985033446458151,10.324901593414207,75.50127237577648,145.95603657026447,16.868977428309016,3.9844387072735112,1.7615582311198135,24.3021223458941,40.139683823345514,16.85516185148417,0.0030893434546195512,1.7240084720833526,0.5813882047553007,4.51459519845387,8.387187450582172,0.01381557682484837,0.9421674322415022,1.2765862671012869,7.981955157539092,46.68455483142851,97.42916529633678,0.0,0.997378267401476
qwen25_1_5b_int8,Qwen2.5,1.5,2048,16,npu_gpu,NPU -> iGPU,NPU,GPU,NPU,0,4.55825849622488,220,78,42,233.5506071453889,2.1362093995851086,8837.485054,272.256653,721.765213,1.810469822832472,1127.9386970869707,449.50856,455.2819181,1815.7015139999999,22.087154013407,8.96594191802695,115.60359931631828,196.24517252794814,58.899815896153534,0.5971887004495162,1.8708082811797295,20.808787910931944,33.501535788934376,0.0,0.9872613897043874,3.975539843119132,0.5776930691788742,8.986276601019771,14.621126878285231,3.8975568213586667,0.007995674903772345,17.514425469838354,6.517440567668345,85.80853480436656,148.12250986072854,55.002259074794864,0.012761073988539207
qwen25_1_5b_int8,Qwen2.5,1.5,2048,16,npu_gpu,NPU -> iGPU,NPU,GPU,NPU,1,4.55825849622488,220,78,42,241.97088828031966,2.233232614840168,8529.951742,24.455589499999984,470.079451,1.875743320002478,1129.4755539140315,445.6238615,448.59197445,1813.230922,18.483775780484805,8.79088039740384,111.00746073555044,189.65448148529507,58.88988351140109,0.0,1.8127506580236425,19.406410729865822,31.737057689304653,0.0,0.9881383436940967,2.817684135486847,0.4694799835182028,7.622210058134069,12.195895094544136,3.8458889724318,0.00880063995820145,15.666091644997959,6.508649755861994,83.97883994755054,145.7215287014463,55.04399453896929,0.012862432026070104
qwen25_1_5b_int8,Qwen2.5,1.5,2048,16,npu_gpu,NPU -> iGPU,NPU,GPU,NPU,2,4.55825849622488,220,78,42,241.6011939897295,2.2315157643532153,8543.004138,21.22165150000005,467.234819,1.8728774727886008,1124.5853254287483,446.01316749999995,450.28807645,1821.115707,22.53903672893038,8.747436429844653,116.0932573727656,192.14063933698512,59.18381791378944,0.8162660808062627,1.8110836894747147,21.000984494013622,31.494177558578066,0.0,0.9849489481120598,2.9047325967921647,0.46611838869973593,7.675971325414752,12.137750903259661,3.825692806134302,0.012222976044942404,18.818038051331953,6.470234351670203,87.41630155333723,148.5087108751474,55.35812510765514,0.01282581018493019
qwen25_1_5b_int8,Qwen2.5,1.5,2048,16,npu_npu,NPU -> NPU,NPU,NPU,NPU,0,23.32340503577143,220,78,42,216.9108418070622,1.9495990609954201,9515.430316,162.20095999999995,665.598666,1.6814793938531956,1124.3229519191332,503.397706,506.97234054999996,1821.540685,10.043974355091663,10.413358705057176,77.83097243645629,141.2196170258628,0.0,1.9710015317135818,1.8685435100851708,22.103493399410027,35.65608303397442,0.0,0.9839977853692573,3.7051223372926643,0.6100074040368184,6.997800649634479,11.790038955950644,0.0,0.7776683254350153,4.367850486085416,7.934807790935186,48.72967838741179,93.77349503593773,0.0,0.9967487167059823
qwen25_1_5b_int8,Qwen2.5,1.5,2048,16,npu_npu,NPU -> NPU,NPU,NPU,NPU,1,23.32340503577143,220,78,42,218.8720498390694,1.9749291840557799,9430.167084,32.81823000000006,536.8491680000001,1.696682556892011,1116.1018156033692,504.030938,505.7800562,1834.95804,2.605471358449499,10.404275982516987,70.23463674660914,132.64381530271947,0.0,0.860983078776183,1.853598176281547,20.94420620272456,32.66025379046936,0.0,0.9728309645707212,1.744488279673316,0.5738720888575577,4.937457848527535,8.455067395878125,0.0,0.9359016087736584,0.0,7.976805717377882,44.35297269535705,91.52849411637199,0.0,0.9964538679750367
qwen25_1_5b_int8,Qwen2.5,1.5,2048,16,npu_npu,NPU -> NPU,NPU,NPU,NPU,2,23.32340503577143,220,78,42,219.08239155369873,1.9754434572928141,9421.11315,31.468413500000068,534.9867230000001,1.69831311281937,1120.422808177942,503.5183095,507.18481735,1827.88139,3.6817663220233268,10.418874180289794,71.30595219951893,135.7671068224658,0.0,0.0,1.8180472565280943,19.224842108278537,31.160381307155777,0.0,0.9795996664750769,2.179702538759477,0.5732422492074096,5.393789844360237,8.987528676952506,0.0,0.93738401055609,1.50206378326385,8.02758467455429,46.687320246880155,95.6191968383575,0.0,0.9972070908707955
qwen25_1_5b_int8,Qwen2.5,1.5,2048,16,openvino_auto,OpenVINO AUTO,GPU.0,GPU.0,GPU.0,0,1.999960444867611,220,78,42,1843.735434216502,32.16338043509588,1119.466471,43.95687799999999,70.494225,14.292522745864357,3135.825420955241,26.537347,36.599888750000005,653.097582,7.901066583049141,1.7420432819819915,23.37137339276393,34.897876588147376,12.431327225238045,2.754930574099581,0.7839053336137835,13.085841157828947,19.87579437202439,8.909648643275442,0.0,2.0412927096461324,0.08697698075457139,2.42228563340689,3.090411643449438,0.23984543214842868,0.0,3.104843299303427,0.8711609676136367,7.863246601528095,11.93167057267355,3.281833149814173,0.0
qwen25_1_5b_int8,Qwen2.5,1.5,2048,16,openvino_auto,OpenVINO AUTO,GPU.0,GPU.0,GPU.0,1,1.999960444867611,220,78,42,1852.5320676666706,35.982568316744086,1114.150754,21.5199155,47.369765,14.360713702842407,2937.1177123666685,25.8498495,29.264005949999998,697.282234,7.283210852579092,1.7373873171086314,22.8083438467708,34.281005335982556,12.473819126581898,2.8414425161929855,0.8218893819725736,13.453035043938684,20.60632829411132,9.106335030459826,0.0,1.3524366271188955,0.06808784368944505,1.636806348458055,2.068337197703836,0.17568385523168048,0.0,3.0893317092672112,0.8474100914466127,7.718502454374062,11.606339844167396,3.1918002408903905,0.0
qwen25_1_5b_int8,Qwen2.5,1.5,2048,16,openvino_auto,OpenVINO AUTO,GPU.0,GPU.0,GPU.0,2,1.999960444867611,220,78,42,1881.236018840072,37.295301938164734,1097.151011,17.8961735,43.128791,14.583224952248619,2946.9509361347227,25.2326175,27.57685655,694.9555809999999,8.58887858357096,1.7911588125322684,24.30362162307399,35.919530687553895,12.579077989243663,4.114640609405184,0.8757578619955888,14.958957549166566,22.268714053415657,9.256790801903522,0.0,1.2965361377754097,0.06684711667391097,1.5622030008244845,1.9761234412515116,0.15585655251858235,0.0,3.1777018363903657,0.8485538338627685,7.782461073082939,11.674693192886723,3.1664306348215594,0.0
qwen25_1_5b_int8,Qwen2.5,1.5,4096,16,gpu_gpu,iGPU -> iGPU,GPU,GPU,NPU,0,16.484490789473057,283,45079,42,355.9467483571471,1.734075944790322,11552.289827,1194.5323349999999,1689.2014179999999,1.3850068029460978,1411.3676046995026,494.669083,507.44600294999987,2902.1496500000003,36.17230087982734,12.094516716438813,169.3979493774033,294.16726427531137,103.77975384344046,10.957818482118562,3.8967098410491943,57.0011235605801,95.69555014111137,36.38488534169268,0.001948900188520602,5.589691690074555,0.7886001458563691,13.145431627565888,23.11588202012051,5.235535826589036,0.0033400398199286857,19.624790707634226,7.409206729533249,99.25139418925733,175.3558321140795,62.15933267515874,0.011363266182701379
qwen25_1_5b_int8,Qwen2.5,1.5,4096,16,gpu_gpu,iGPU -> iGPU,GPU,GPU,NPU,1,16.484490789473057,283,9917,42,386.3471852952798,1.9920595679580493,10643.276711999999,106.5262145,598.998936,1.5032964408376646,1315.6113795387835,492.4727215,501.2373903,3113.3814009999996,36.110552328832824,11.964272818642392,166.69305752301608,286.8658518618579,103.4747340255502,12.577415415433967,4.0047566051463726,58.20560360464894,96.63996166202118,36.71465115272684,0.0018186014723995587,3.5725759853834007,0.5569800290978835,9.384678441571436,15.496293287701665,4.368145587470164,0.009407362286199454,19.960560928015457,7.402536184398135,99.1027754767957,174.72959691213507,62.3919372853532,0.011436904508617764
qwen25_1_5b_int8,Qwen2.5,1.5,4096,16,gpu_gpu,iGPU -> iGPU,GPU,GPU,NPU,2,16.484490789473057,283,279,42,397.32023613838135,2.007500131035891,10349.334431,14.325968999999994,512.176909,1.545993136725219,1423.529672935953,497.85094000000004,502.43001115,2877.354844,30.61982008070741,11.836919800720938,157.8885886102749,271.12828050503947,102.89751883527043,9.275289725115854,3.846389242658087,53.34519365374668,88.63233561190638,36.32213119028111,0.0019538778860463692,2.760947889558634,0.5365505760811167,8.293250370002438,13.607610364403357,4.419470639983153,0.01104891669374341,18.583582466032922,7.453979981981735,96.25014458652576,168.88833452872976,62.15591700500617,0.01138638603225067
qwen25_1_5b_int8,Qwen2.5,1.5,4096,16,gpu_npu,iGPU -> NPU,GPU,NPU,NPU,0,2.7656292458996177,283,45079,198,381.28311219030434,1.8931723906827085,10784.637107,315.583159,822.3171769999999,1.483591876226865,1431.452914531514,506.73401799999994,510.15387695000004,2861.428384,20.19384463949058,12.620638827365639,113.80906140339968,205.7547656525412,36.480144463703034,10.013521838864381,3.8865487254887237,54.447866640532695,89.57019638124717,36.470234851880065,0.0020129806610599417,4.443533774349688,0.6740797119674906,7.5535771995233905,12.911299786566413,0.009909611822967285,0.7079166242443699,5.7367890262765115,8.060010389909424,51.80761756334359,103.27326948472762,0.0,0.997047617772474
qwen25_1_5b_int8,Qwen2.5,1.5,4096,16,gpu_npu,iGPU -> NPU,GPU,NPU,NPU,1,2.7656292458996177,283,9917,42,388.5171618613046,1.945222513024818,10583.831047,114.54913849999993,620.7167019999999,1.5117399294214187,1425.8705863995758,506.1675635,508.28819655,2872.630966,14.44336380506118,12.478614619382055,107.12538559876714,194.34499745018326,36.435736927096805,8.58660510545751,3.839415433652257,52.64827860910869,89.32416941777774,36.43102787789586,0.0014199526664853198,2.293625483121261,0.6024093485776179,5.1249268304416695,8.622547971795594,0.004709049200944103,0.893834495209056,3.5631332164824094,8.036789837152181,49.352180159216786,96.39828006060993,0.0,0.9977347977364182
qwen25_1_5b_int8,Qwen2.5,1.5,4096,16,gpu_npu,iGPU -> NPU,GPU,NPU,NPU,2,2.7656292458996177,283,279,42,388.7906859484884,1.9456236068898023,10576.385053999998,116.10598750000011,622.157096,1.5128042254804994,1428.7833885273183,506.0511084999999,507.78744155,2866.774651,12.251051098698172,12.567520316574123,105.55995439380288,195.33998086911802,36.51045198316078,10.02081590714302,3.9114530063023185,54.34302746024791,89.29796539448049,36.49695688788501,0.001432969277360894,2.013051470010456,0.6100928649252336,4.907192871346261,8.987829299666831,0.013495095275768016,0.891876028687134,0.21718372154469634,8.045974445346571,46.309734062208705,97.0541861749707,0.0,0.9978817063972512
qwen25_1_5b_int8,Qwen2.5,1.5,4096,16,npu_gpu,NPU -> iGPU,NPU,GPU,NPU,0,7.305077557452023,8,8,42,191.32283455600302,0.8692625408296839,21492.468526,9535.9125845,10031.654815,0.7444468270661596,966.8444834276435,495.7422305,594.1275446,4236.462089,105.41429750434612,15.783420914987934,251.75269302034002,410.97190251804784,70.95503079937367,3.9102864300557965,4.244216384822973,48.89814054870516,74.52069883104005,0.0,0.9222945745567369,83.40092531275725,4.069797289535609,104.2021479434386,161.6033466447065,8.499059324943147,0.0005753786495294197,18.103085761533073,7.4694072406293515,98.65240452819624,174.84785704230126,62.45597147443052,0.011125289050887784
qwen25_1_5b_int8,Qwen2.5,1.5,4096,16,npu_gpu,NPU -> iGPU,NPU,GPU,NPU,1,7.305077557452023,8,8,42,346.600667893553,1.985650330672461,11863.797104,52.390600000000006,549.506371,1.348640731103319,950.4369042776895,497.115771,507.2092302,4309.596967,21.951024925154616,12.215231043786577,150.98769370307946,261.3200390631195,66.60988802907407,1.2006323123456024,4.287113681143203,46.617326590099594,77.79640045088078,0.0,0.9070377183602654,3.0721671749560593,0.5480870093713828,8.617441528228866,14.880923351989297,4.372581085625379,0.007534034578099549,17.678225437852955,7.380030353271991,95.752925584751,168.64271526024942,62.237306943448694,0.011462028560007715
qwen25_1_5b_int8,Qwen2.5,1.5,4096,16,npu_gpu,NPU -> iGPU,NPU,GPU,NPU,2,7.305077557452023,8,8,42,349.55682065858883,1.994570248165038,11763.466644000002,29.854838500000035,526.370501,1.3601432710450927,965.343406911752,496.5156625,510.90049309999995,4243.049645,26.21493464623024,12.233903683093736,154.6691382598143,253.6106962539451,66.68820331071636,3.770934292936259,4.215078400469272,48.85508767562826,73.85388414211059,0.0,0.9202885487332072,3.091410459551703,0.5408607300843877,8.578352043503635,13.690570523140869,4.3778155321079835,0.010918165035999993,19.35258989374228,7.477964552540076,97.23569854068239,166.06624158869363,62.31038777860838,0.01149449035304369
qwen25_1_5b_int8,Qwen2.5,1.5,4096,16,npu_npu,NPU -> NPU,NPU,NPU,NPU,0,29.791697258129716,8,8,42,350.07508040753584,1.9326046379260668,11746.051719000001,158.33149699999993,664.390704,1.3621598459437194,1027.9819874285663,506.0592070000001,509.8708092499999,3984.505614,11.526703137678878,12.866865328739994,104.50315308225564,182.50285800925022,0.0,1.0578916629087267,4.173496280467409,45.51432219275482,74.43276289305574,0.0,0.9796005773678902,3.4343180028920437,0.6479195594607521,6.742433278705974,11.51521503661191,0.0,0.7882801442688459,7.034493471878108,8.045449488811833,52.246397610794844,96.55488007958257,0.0,0.9973522629929517
qwen25_1_5b_int8,Qwen2.5,1.5,4096,16,npu_npu,NPU -> NPU,NPU,NPU,NPU,1,29.791697258129716,8,8,42,353.5190116698978,1.959360863414654,11631.623376,61.367082000000075,567.82153,1.3755603566922092,1030.1640509843178,506.45444799999996,508.19134915000006,3976.06575,5.266300787888179,12.816053678015209,97.63789429199227,169.63494283918126,0.0,2.5363573031525775,4.193026220938105,46.95469437543596,70.7532852569696,0.0,0.9805589859775331,2.3802599600631478,0.5958741927314085,5.595891040187469,9.075337676805859,0.0,0.8897091309658511,0.34968352467245367,8.027153264345696,45.08730887636884,89.8063199054058,0.0,0.9966354424491822
qwen25_1_5b_int8,Qwen2.5,1.5,4096,16,npu_npu,NPU -> NPU,NPU,NPU,NPU,2,29.791697258129716,8,8,42,352.4322141787119,1.9548727539857007,11667.491888,70.71939549999995,577.245074,1.3713315726798128,1025.4463428451586,506.5256785000001,508.85198165,3994.358192,1.6942878823578544,12.823518148199513,93.12011613616741,170.75051959328144,0.0,0.0,4.190655066975239,43.60183299315088,70.71116176286006,0.0,0.9769369226364063,1.6942878823578544,0.5965902409379937,4.950962415441891,8.47157852591452,0.0,0.8769949243430011,0.0,8.03627284028628,44.567320727574646,91.56777930450687,0.0,0.9966603728916308
qwen25_1_5b_int8,Qwen2.5,1.5,4096,16,openvino_auto,OpenVINO AUTO,GPU.0,GPU.0,GPU.0,0,2.0755182057619095,8,8,42,2193.369827810382,36.231821308657295,1874.7408429999998,31.695409,56.915885,8.534512948678529,2804.0579751966093,25.220475999999998,26.95019315,1460.740126,10.34801989093832,2.6490300892161156,40.84768839553659,62.052096193030614,25.840693326823928,5.52708336330787,1.7027018531424265,30.81430303918531,47.315030521223484,22.23712034948083,0.0,1.7612088340363719,0.07344096262239068,2.1212900127388976,2.678958248145706,0.2347462782796785,0.0,3.059727693594077,0.8728872734512985,7.912095343612386,12.058107423661422,3.368826699063421,0.0
qwen25_1_5b_int8,Qwen2.5,1.5,4096,16,openvino_auto,OpenVINO AUTO,GPU.0,GPU.0,GPU.0,1,2.0755182057619095,8,8,42,2106.1816038236393,37.62314403055282,1952.348265,16.182417500000003,41.42035,8.195259158846845,2636.359683345448,25.237932499999996,27.31675545,1553.657502,9.568970360323986,2.744134226865475,40.44224059457513,62.24590078800213,26.0951111714,5.479443581824812,1.8003840158809243,31.247369221346116,48.578795400036476,22.58641679677354,0.0,1.2823995286414054,0.06986021293407525,1.5452623425260734,1.976067711052231,0.14731405614806273,0.0,2.8071272498577686,0.8738899980504754,7.649609030702943,11.691037676913428,3.3613803184783944,0.0
qwen25_1_5b_int8,Qwen2.5,1.5,4096,16,openvino_auto,OpenVINO AUTO,GPU.0,GPU.0,GPU.0,2,2.0755182057619095,8,8,42,2101.832220254462,37.88307172715137,1956.3883170000001,16.306724,41.326139,8.178335487371447,2624.9122810037397,25.019415,26.5977239,1560.433097,10.455151811723859,2.7411451051954443,41.2626169352435,62.69960308522695,26.01600188615907,6.123429028279394,1.7972714942141605,31.83793323001801,48.87074984215627,22.521460901547194,0.0,1.2901137800887053,0.06960357990476158,1.5537708213925068,1.9765426027699988,0.1477422493537028,0.0,3.04160900335576,0.874270031076522,7.870912883832986,11.852310640300676,3.346798735258173,0.0
qwen25_1_5b_int8,Qwen2.5,1.5,8192,16,gpu_gpu,iGPU -> iGPU,GPU,GPU,NPU,0,27.68911676015705,283,4374,42,456.6141020308078,1.345040937054863,17975.791732,952.3622495000002,1633.065777,0.8900859688709704,1200.5191063960358,680.7035275,685.5121632,6823.714805,50.47248941602463,22.059356069138946,273.1391232706493,473.00546248937894,174.36826768110026,21.109819418524694,9.263770114006203,126.1185197101247,211.46986146846484,84.28620509072454,0.000831218795346474,4.049351512179747,0.9914306138877641,13.76428324009727,24.414534220325432,7.038136948203834,0.00349036767549627,25.31331848532019,11.80415534124498,133.2563203204273,237.12106680058866,83.0439256421719,0.00832533954958126
qwen25_1_5b_int8,Qwen2.5,1.5,8192,16,gpu_gpu,iGPU -> iGPU,GPU,GPU,NPU,1,27.68911676015705,283,311,311,486.7659711950627,1.4613975367032104,16862.312663,30.362548499999974,710.2010399999999,0.9488615422905706,1241.5572974670451,679.8384914999999,688.6094386,6598.165076,52.314669172478666,21.791466915772283,271.91776843893615,469.68199213844645,174.12219917704303,21.939096765080077,9.179126054415011,125.66444539663993,210.63858508674676,84.59086664265335,0.0008605422772238625,3.498519313627622,0.8645119981627798,11.258547290432686,18.855458514012888,5.9577565368849505,0.007982246829714585,26.877053093770968,11.747828863194492,134.99477575186353,240.1879485376868,83.57357599750473,0.008348068477004846
qwen25_1_5b_int8,Qwen2.5,1.5,8192,16,gpu_gpu,iGPU -> iGPU,GPU,GPU,NPU,2,27.68911676015705,283,311,1782,485.1547217937964,1.4602352934739524,16918.314161,28.447120000000048,709.096736,0.9457207052510651,1232.6216737330226,680.6496159999999,689.8019231,6645.997044,50.05101587824066,21.882529315394866,269.4414720916453,468.18610195843763,173.89515533052545,20.80280224572249,9.185026607777932,123.84310686536524,207.77063029849745,84.39728655001029,0.0008490825323334284,3.056827929163589,0.8718539366221614,10.79632306835796,18.49186814907141,5.916986801564883,0.008007370097385415,26.19138570335458,11.825648770994771,134.80204215792213,241.92360351086876,83.58088197895027,0.008283506689586138
qwen25_1_5b_int8,Qwen2.5,1.5,8192,16,gpu_npu,iGPU -> NPU,GPU,NPU,NPU,0,3.7123468285426497,283,4374,42,565.1950586956848,1.8831288762918759,14522.419957,263.4888795,776.521201,1.101744753792758,1249.36070805832,513.0323215,516.2124339500001,6556.9534459999995,34.31731189484402,18.065267069398473,185.63108864659492,318.4150820092314,83.75977615846736,20.694068153538794,9.111782686752491,122.6480926086563,204.4620911347849,83.75977615846736,0.0008746440015520586,5.377518728129047,0.748799900987289,8.511013219241818,13.844935541536739,0.0,0.7605188361109537,8.245725013176177,8.204684481658694,54.47198281869681,100.10805533290976,0.0,0.9975959881102503
qwen25_1_5b_int8,Qwen2.5,1.5,8192,16,gpu_npu,iGPU -> NPU,GPU,NPU,NPU,1,3.7123468285426497,283,311,983,569.9411477979198,1.911209504842603,14401.486946,146.48448199999996,659.855289,1.1109963894696293,1250.1041853949896,513.370807,515.3113566,6553.053814,22.55437955105267,18.024874849169915,174.5929806329199,313.4373593640803,83.96778094047173,19.770745368099053,9.182815718220487,122.44147985542014,205.14891866273967,83.94368215573834,0.0006303931139974002,2.083600764033049,0.6424959954645666,5.036926079419322,9.332205640003675,0.024098784733377756,0.8512442187911295,0.7000334189205688,8.19956313548486,47.114574698080446,98.95623506133694,0.0,0.9980488709580216
qwen25_1_5b_int8,Qwen2.5,1.5,8192,16,gpu_npu,iGPU -> NPU,GPU,NPU,NPU,2,3.7123468285426497,283,311,74,577.7620127710352,1.9580373703010652,14206.541479999998,158.3493535,659.352574,1.1262417402944156,1251.4877371743514,501.0032205,517.0752282000001,6545.809245,22.827248107874244,17.718892871741126,172.6310214258636,311.377824451128,84.52333682841437,20.111180275639718,9.184949006376415,123.10902424640334,207.0038414101672,84.49221901272523,0.000877660772713214,2.7160678322345264,0.6514820842404907,5.7046825311642255,10.445433682375562,0.03111781568914048,0.8507284601879783,0.0,7.882461781124221,43.81731464829602,93.92854935858523,0.0,0.995826728100069
qwen25_1_5b_int8,Qwen2.5,1.5,8192,16,npu_gpu,NPU -> iGPU,NPU,GPU,NPU,0,21.449525461532176,220,261,42,224.42931280727197,0.5876555273932801,36572.762699,14881.831662999999,15570.667078999999,0.43748404055998436,741.5181831841118,688.835416,816.1822460499999,11047.605016,141.61317323257217,27.64371802711034,381.5860159070754,636.2686575918067,90.89126762400606,6.0566739090593735,10.724774773326825,110.6304287781575,178.97168227181163,0.0,0.8036625121138382,111.18921375138564,5.048197641923851,136.9014630490143,211.09866214682572,8.615750052565392,0.00037249528042522983,24.367285572127145,11.870745611859665,134.05412407990366,246.19831317316937,82.27551757144067,0.008079469176221044
qwen25_1_5b_int8,Qwen2.5,1.5,8192,16,npu_gpu,NPU -> iGPU,NPU,GPU,NPU,1,21.449525461532176,220,261,42,382.18524291061044,1.4407235061263524,21476.496417,84.06240200000003,773.302685,0.7450004735099619,740.3483934470319,689.240283,693.7118888,11065.060818,38.67486611211677,23.487217833551604,265.40999825124584,470.9420008469626,88.03927547969715,9.503484460478234,10.741509141843874,117.09814963067316,195.6811697295735,0.0,0.8026008303138457,4.098322798494054,0.885217254417626,12.246982185628736,22.18463366418594,5.824693129557637,0.007523574032333794,25.073058853144477,11.860491437290104,136.06486643494395,253.07619745320318,82.21458235013952,0.00834352469690376
qwen25_1_5b_int8,Qwen2.5,1.5,8192,16,npu_gpu,NPU -> iGPU,NPU,GPU,NPU,2,21.449525461532176,220,261,42,387.251950382087,1.4600944649444505,21195.50332,33.73157649999992,715.932566,0.7548770962613781,750.032359268112,682.2009895000001,689.2951183,10922.195421,45.75320248715264,23.44153783606365,265.9050056848065,445.0498882290552,88.63727474864338,18.438885438573266,10.690648785864116,123.40587401024797,188.51001194270106,0.0,0.8135038476711761,3.468954505009345,0.8748154909180845,11.097413778916899,19.091921954135877,5.811444782810059,0.005763112611362898,23.84536254357003,11.87607355928145,131.40171789564164,237.44795433221827,82.82582996583332,0.008415281099434875
qwen25_1_5b_int8,Qwen2.5,1.5,8192,16,npu_npu,NPU -> NPU,NPU,NPU,NPU,0,64.9947448130697,220,78,42,484.7130394930685,1.9009659632318023,16933.73054,189.8354590000001,702.711497,0.944859726107346,905.8935251613711,512.8760379999999,516.32811595,9043.005356,7.54011592581508,19.14036870296975,155.60124393420693,267.7951025163123,0.0,0.0,10.260206882040904,99.30906444560236,163.07263141001067,0.0,0.9787570228660162,4.374682146984281,0.6843370534825944,7.7677332484603525,12.545792039509577,0.0,0.7549228983228091,3.165433778830799,8.19582476744625,48.524446240144236,92.17667906679202,0.0,0.9971676894498935
qwen25_1_5b_int8,Qwen2.5,1.5,8192,16,npu_npu,NPU -> NPU,NPU,NPU,NPU,1,64.9947448130697,220,78,42,488.1577023370143,1.9163907700731828,16814.238433,138.30053600000002,650.654853,0.9515744684932053,911.5363761131189,512.354317,514.3949558500001,8987.02478,10.032022924432521,19.145380737259988,161.6250195119962,269.602744986533,0.0,7.203391746364765,10.328069741275986,110.6099443082062,168.47179975489917,0.0,0.9852410799739666,2.1512039439248802,0.6415444058764456,5.032225155673405,8.803071496180298,0.0,0.8493596834818352,0.6774272341428755,8.175766590107557,45.98285004811658,92.32787373545355,0.0,0.9975417466098098
qwen25_1_5b_int8,Qwen2.5,1.5,8192,16,npu_npu,NPU -> NPU,NPU,NPU,NPU,2,64.9947448130697,220,78,42,487.93986372499234,1.9258043840270733,16821.745076,89.72755450000002,602.561868,0.951149831822597,906.9178177765168,512.8343135,516.8677726000001,9032.79199,3.1672061888972864,19.122969902973825,153.0701894256755,268.2425176889994,0.0,0.0,10.28382132042847,100.73366344652743,164.08900300533327,0.0,0.9804053951208058,2.0581388988050735,0.6340078559906941,5.372582305700473,9.292535031375216,0.0,0.8480174852352256,1.109067290092213,8.205140726554662,46.963943673447595,94.86097965229092,0.0,0.9969322268533364
qwen25_1_5b_int8,Qwen2.5,1.5,8192,16,openvino_auto,OpenVINO AUTO,GPU.0,GPU.0,GPU.0,0,2.2082786662504077,220,261,42,1877.763704338911,30.9347663527001,4371.157021,40.29440650000001,69.891885,3.6603580981265327,2107.9361658085872,29.5974785,31.03868515,3886.265691,16.973593879186478,5.4333633745625765,90.43281747578703,137.60035356592087,63.81814273690743,10.811706088807735,4.361198659308192,78.18907126788987,120.02662256868685,59.54742014031883,0.0,2.2724313873670625,0.09430621599380257,2.6826855665082,3.418343911796876,0.25663066741273177,0.0,3.8894564030116796,0.977858499260582,9.561060641388963,14.155387085437136,4.014091929175873,0.0
qwen25_1_5b_int8,Qwen2.5,1.5,8192,16,openvino_auto,OpenVINO AUTO,GPU.0,GPU.0,GPU.0,1,2.2082786662504077,220,261,42,1788.0364118793395,32.23241777050377,4590.510543,28.2864165,57.088566,3.4854510952813635,1985.871729392136,28.8021495,30.69433145,4125.140551,20.98542851715009,5.701484503905022,95.62019108191858,144.6514998200836,64.55316489201006,15.710665904173894,4.678441731960824,84.48110932034399,128.59394229031142,60.41112426153365,0.0,1.7704229841550292,0.07933330995056799,2.075843656261049,2.6214083469694534,0.1814009241496604,0.0,3.5043396288211666,0.9437094619936308,9.06323810531354,13.43614918280272,3.960639706326748,0.0
qwen25_1_5b_int8,Qwen2.5,1.5,8192,16,openvino_auto,OpenVINO AUTO,GPU.0,GPU.0,GPU.0,2,2.2082786662504077,220,261,42,1785.3299574428825,32.08304851963488,4597.469485,28.126111,57.017666,3.480175355639147,1983.5673517740986,28.891555,31.0279815,4129.9328669999995,19.66399585712976,5.726721853750349,94.51609450719018,145.51012134824663,64.49492362078013,14.65172638350308,4.704363405592441,83.63766066930248,129.4031140079099,60.35020143356791,0.0,1.7488961085206929,0.07729470929057776,2.061537176493614,2.6039449865846764,0.1850630695496655,0.0,3.263373365105986,0.9450637388673302,8.81689666139409,13.50306235375207,3.9596591176625466,0.0
qwen25_3b_int8,Qwen2.5,3.0,1024,16,gpu_gpu,iGPU -> iGPU,GPU,GPU,NPU,0,10.55982886441052,1110,78,42,14.606126195602293,0.22548916853106976,71202.99976,274.9417095000002,4690.93415,0.22470963377849681,218.75866246383765,4415.9924405,4438.891429149999,4680.9574920000005,156.8666269352219,117.72076899040226,868.448903869358,1860.0201703822154,445.7436436102941,9.038454677321392,7.797256958778108,60.97774829054726,125.50141791286998,34.650406405594715,0.0013742914801072926,12.31361256291102,7.429343043873972,56.482517156522206,118.85515561224474,26.961745945705793,0.0013735004146242385,135.5145596949895,102.49416898775019,750.9886384222885,1615.6635968571006,384.1314912589936,0.0014673358243370695
qwen25_3b_int8,Qwen2.5,3.0,1024,16,gpu_gpu,iGPU -> iGPU,GPU,GPU,NPU,1,10.55982886441052,1110,78,42,14.678611990050511,0.2265955128883942,70851.38572399999,23.511357000000288,4435.064069,0.22582479984693093,220.01940635622873,4411.552712,4430.1353801000005,4654.13491,171.07966505438984,117.64133806584056,878.8165152545718,1885.5294642123145,443.3098026918546,10.806739179299056,7.7832573999933174,62.85675043526686,127.09116944460152,34.941171412697116,0.001381782033473542,13.597429650830362,7.3767451450961,57.43913916200045,117.92562902469729,27.273305677879126,0.0014617601683174241,146.67549622426043,102.48133552075114,758.5206256573044,1640.5126657430158,381.0953256012784,0.001465330241198538
qwen25_3b_int8,Qwen2.5,3.0,1024,16,gpu_gpu,iGPU -> iGPU,GPU,GPU,NPU,2,10.55982886441052,1110,78,42,14.525426680540996,0.22409554700859913,71598.58521700001,0.3699285000005048,4416.166234,0.22346810277755377,219.60813795983447,4415.7963055,4726.343627249999,4662.850883,173.8630016375496,117.84293543395279,884.5792654812517,1899.211806820181,446.73007435320704,9.526585291559025,7.810336707965911,61.64320114961121,127.15729908464363,34.7860025381905,0.0013858474487270023,11.27598276192761,7.349459101677392,54.87256014040898,116.39447599060624,27.162748433102056,0.0014573726755232465,153.06043358406296,102.68313962430949,768.0635041912315,1655.660031744931,384.7813233819145,0.0014519933959684535
qwen25_3b_int8,Qwen2.5,3.0,1024,16,gpu_npu,iGPU -> NPU,GPU,NPU,NPU,0,3.8590370044112206,1110,78,42,41.47439062902041,0.739361765764684,25075.715019,303.014946,1634.881459,0.6380675481387755,213.8703715942422,1331.866513,1338.89789855,4787.946981,17.78359713450387,29.516838553386293,187.816059211706,399.60097014941255,35.33664899413845,10.640101069312594,8.006611641604858,63.64168458848474,130.9560015371034,35.33664899413845,0.0013508921518276937,5.900092907236204,1.5580014611872335,13.568306838730518,25.565406884558904,0.0,0.8933363284291794,1.243403157955072,19.952225450594202,110.60606778449073,243.07956172775027,0.0,0.9989643651711394
qwen25_3b_int8,Qwen2.5,3.0,1024,16,gpu_npu,iGPU -> NPU,GPU,NPU,NPU,1,3.8590370044112206,1110,78,42,41.91862691548175,0.7484655058248562,24809.972953,51.18684600000023,1383.019146,0.6449019525458731,214.7214531767532,1331.8322999999998,1336.2842993,4768.969215,25.46161340748622,29.37226183145731,196.28943662519657,396.9896910429919,35.7229486510687,10.864589923310714,8.015804633949852,64.32755646143077,130.1692544447484,35.70015091328194,0.0010398473499057803,2.92597002764175,1.4219860150170847,10.378432239252142,19.135582555665586,0.022797737786758792,0.9958119553031841,11.671053456533755,19.934471182490373,121.58344792451365,247.68485404257794,0.0,0.9988185437772603
qwen25_3b_int8,Qwen2.5,3.0,1024,16,gpu_npu,iGPU -> NPU,GPU,NPU,NPU,2,3.8590370044112206,1110,78,42,41.96510835913666,0.7491777224973731,24782.492901,22.478180000000016,1354.2890169999998,0.6456170516790255,215.1015833380939,1331.810837,1338.61058355,4760.541434000001,4.35808901834519,29.3397398110939,174.34713348271308,385.71406530402976,35.78613585361178,4.275477287310416,7.984121371131048,57.564400611587644,123.35605631331005,35.778171196771375,0.001062274127871817,0.08261173103477448,1.3794237714909325,7.299140996779462,15.636384337384392,0.007964656840410304,0.9958398710103399,0.0,19.97619466847192,109.48359187434598,246.7216246533353,0.0,0.9989784768151301
qwen25_3b_int8,Qwen2.5,3.0,1024,16,npu_gpu,NPU -> iGPU,NPU,GPU,NPU,0,4.293617768213153,1110,78,42,15.204872276044409,0.2256960018688481,68399.127669,411.99680699999954,4816.747478,0.23392111193914475,528.3667333724852,4404.750671000001,4421.7648082,1938.047828,153.88213338286113,111.85942644857211,826.4013304745531,1757.5594369034625,405.81237022497027,0.0,2.089734926000192,19.96715207882074,33.45554864787799,0.0,0.9944481101835841,13.59318475069583,7.480657758914397,57.3463328658273,118.46013655312163,26.839417930775802,0.0010241350667708805,140.2889486321653,102.28903376365751,749.087845529905,1605.6437517024629,378.97295229419444,0.001487354903287624
qwen25_3b_int8,Qwen2.5,3.0,1024,16,npu_gpu,NPU -> iGPU,NPU,GPU,NPU,1,4.293617768213153,1110,78,42,15.264195087623712,0.22660685309487888,68133.301103,3.665714000000264,4417.667252,0.23483377057882635,528.0084143998428,4414.0015379999995,4431.3781512000005,1939.363033,162.19467124512755,111.704762108085,837.0399627266847,1787.5043594366393,408.51335107285274,0.0,2.086923713109112,20.324726380478424,35.170191480809734,0.0,0.9958687296479988,13.515065774718863,7.321223494279046,57.24821801490202,118.86917970561383,27.046535354850647,0.0011152945024932358,148.6796054704087,102.29661490069685,759.4670183313043,1633.4649882502158,381.4668157180021,0.0014811188630916817
qwen25_3b_int8,Qwen2.5,3.0,1024,16,npu_gpu,NPU -> iGPU,NPU,GPU,NPU,2,4.293617768213153,1110,78,42,15.282476693969228,0.2269037708705384,68051.796893,9.92072099999941,4414.484619999999,0.23511502606106505,526.6195563337104,4404.563899000001,4428.59472765,1944.4777310000002,165.43703391834546,111.67757254182294,840.4883521151783,1796.1206873022736,407.88004570881424,1.1308689634013573,2.0864938790957224,22.4638513853803,35.99120526514399,0.0,0.9931628268156288,14.806073051758942,7.313579425228186,58.33045763674697,119.0081540727207,27.141694881715374,0.0014821662239702176,149.50009190318517,102.27749923749903,759.6940430930509,1641.121327964409,380.7383508270989,0.0014845970472899398
qwen25_3b_int8,Qwen2.5,3.0,1024,16,npu_npu,NPU -> NPU,NPU,NPU,NPU,0,57.10082132089883,1110,78,42,47.01534623902201,0.7430129851122839,22120.436904,181.78966150000008,1514.411771,0.7233130190618771,529.9207485925455,1332.6221094999999,1340.7006813,1932.36442,11.242042919265682,23.586496326747998,146.9100893261272,281.80370610470436,0.0,0.36701619176474054,2.0814227299523256,21.407469488043844,33.38613541355183,0.0,0.9954012711536057,5.5830822398274735,1.5124273756355273,13.414786566159686,23.57457880639727,0.0,0.9608918973464583,5.291944487673469,19.992646221160143,112.08783327192369,224.84299188475524,0.0,0.9986373473636968
qwen25_3b_int8,Qwen2.5,3.0,1024,16,npu_npu,NPU -> NPU,NPU,NPU,NPU,1,57.10082132089883,1110,78,42,47.394088978152176,0.7496249920392637,21943.664757000002,8.994626000000006,1342.142001,0.7291398304331104,529.5658195035039,1333.147375,1337.6614287500001,1933.659542,1.1240245714820034,23.491946351894846,135.2721878636076,277.30178220462255,0.0,0.0,2.118781827469503,20.532477244819034,33.70505050653142,0.0,0.9965197896248894,1.1240245714820034,1.4368679261522619,8.762262978631142,17.296418970675592,0.0,0.9931050507374741,0.0,19.93629659827308,105.97744764015741,226.30031272741556,0.0,0.998828081513711
qwen25_3b_int8,Qwen2.5,3.0,1024,16,npu_npu,NPU -> NPU,NPU,NPU,NPU,2,57.10082132089883,1110,78,42,47.70045496713212,0.7550298141260275,21802.727054,4.265074000000091,1335.8912650000002,0.7338531533404941,528.9360286181912,1331.626191,1336.5072146999998,1935.961902,3.894420917099327,23.28756933739124,140.55368986787644,270.4344692535974,0.0,1.1558810960632293,2.1390838192259922,22.54112841459834,36.79454803594602,0.0,0.9960097861471242,1.8821712402116533,1.412732990538374,9.608383164476262,18.072949161506333,0.0,0.9953557110802727,0.8563685808244443,19.73575252762687,108.40417828880184,215.56697205614503,0.0,0.9984805418691155
qwen25_3b_int8,Qwen2.5,3.0,1024,16,openvino_auto,OpenVINO AUTO,GPU.0,GPU.0,GPU.0,0,5.536428856663406,1110,78,42,923.8971811350661,22.399722902883845,1125.666385,23.351465,65.99805,14.213802786693325,2245.538967114003,42.646585,45.3342642,456.015244,7.465387082761125,2.406523309094581,25.232521296048002,38.688808827986946,13.675940510604372,1.3790065348019382,0.6497344045698378,10.054741971229625,15.366732545163247,7.488547814967341,0.0,2.001801157386452,0.12914227134086856,2.6174639713004098,3.5227161910090254,0.4708106527953687,0.0,4.084579390572735,1.6276466331838748,12.560315353517968,19.799360091814673,5.716582042841662,0.0
qwen25_3b_int8,Qwen2.5,3.0,1024,16,openvino_auto,OpenVINO AUTO,GPU.0,GPU.0,GPU.0,1,5.536428856663406,1110,78,42,901.0284872839964,22.695881778083862,1154.236536,10.485240500000007,53.621183,13.861976727446098,2075.7162839792477,43.1359425,44.375124099999994,493.32368199999996,7.6508211942308675,2.434089683701355,25.361172884723292,38.861892115328274,13.483315919629733,1.990273459672759,0.6874646313682049,10.673528104031078,16.33270441036936,7.438849303725078,0.0,1.589952023737379,0.11980942917145837,2.103239887086861,2.7439440364327865,0.31367103497485044,0.0,4.070595710820729,1.6268156231616917,12.584404893605353,19.78524366852613,5.730795580929804,0.0
qwen25_3b_int8,Qwen2.5,3.0,1024,16,openvino_auto,OpenVINO AUTO,GPU.0,GPU.0,GPU.0,2,5.536428856663406,1110,78,42,879.9517142065206,21.828763799604214,1181.883032,13.148523500000001,57.684228,13.537718680100316,2069.87312342781,44.535704499999994,46.62927355,494.716313,9.264713468267145,2.496131253405403,27.174431625943146,40.853796698915005,13.558210222864428,2.0394229374375143,0.6882146687549868,10.73452754222577,16.407642904135404,7.4228554477511075,0.0,1.7429162501366928,0.12163050312872165,2.295639796419444,3.0102773317017117,0.3276397025804382,0.0,5.482374280692937,1.6862860815216945,14.144264287297931,21.435876463077893,5.807715072532883,0.0
qwen25_3b_int8,Qwen2.5,3.0,2048,16,gpu_gpu,iGPU -> iGPU,GPU,GPU,NPU,0,10.442901426926255,220,4710,42,27.192487293527375,0.22798750301822965,75903.31762300001,1701.5225554999995,5970.201282,0.21079447514362304,202.5669478884053,4268.6787265,4302.4542347999995,10110.237733,211.2295624103375,121.45951453131374,955.1309027024236,2007.716598939768,462.7545923121083,35.895290560503874,15.098089617444739,139.2135530067256,279.49311609798417,65.72909716899561,0.0006469679717470992,19.550307346576695,7.409908289275901,65.74701207470682,135.74841864891962,26.33009645561339,0.0010937654681237932,155.78396450325695,98.9515166245931,750.1703376209912,1592.475064192864,370.6953986874993,0.0015103920456933154
qwen25_3b_int8,Qwen2.5,3.0,2048,16,gpu_gpu,iGPU -> iGPU,GPU,GPU,NPU,1,10.442901426926255,220,1718,42,27.769389593475744,0.23299884140768465,74326.44470100001,347.89208249999956,4612.774697,0.21526658599593598,205.86137642021484,4264.8826145,4298.2991879500005,9948.442178000001,186.88163577521397,121.302880076308,928.9501610610138,1979.824550758576,466.65546012495656,33.54500334141508,15.075013812346235,134.95670660639408,266.51972363705295,66.86034697540642,0.00065628365558964,13.677600058048654,7.179736313334134,58.5339242653046,124.07091109811145,26.668267233221545,0.001399374654955102,139.65903237575023,99.04812995062763,735.459530189315,1589.2339160234114,373.1268459163286,0.0015135556792882758
qwen25_3b_int8,Qwen2.5,3.0,2048,16,gpu_gpu,iGPU -> iGPU,GPU,GPU,NPU,2,10.442901426926255,220,1718,42,27.266556187772736,0.23025297877662718,75697.128225,471.6761974999999,4736.318024,0.2113686526183933,194.09762725109155,4264.6418265,4603.420084549999,10551.39122,193.86681966815644,121.55304107439153,943.2359741235701,2022.1740416115558,467.4645981603386,37.62327993097966,15.312156897137083,139.8531873834553,278.66486152289383,66.33701746209475,0.0006213398653604279,11.844722632450967,7.101967423836074,55.08876739024356,119.04535678160039,26.4792328735547,0.0013673068335328489,144.3988171047258,99.13891675341837,748.2940193498713,1624.4638233070616,374.64834782468915,0.001496604362780504
qwen25_3b_int8,Qwen2.5,3.0,2048,16,gpu_npu,iGPU -> NPU,GPU,NPU,NPU,0,3.8432364724576473,220,4710,42,68.2188384532702,0.737223472056861,30255.572313999997,288.9039855,1624.514031,0.52882820506411,206.68162461211418,1335.6100454999998,1343.2640361499998,9908.960237000001,54.58135430536275,38.20511741963677,282.82702947765625,557.2583692430909,73.45300094401607,27.644873064106225,16.52539443991612,137.5758294263012,273.76259024825873,73.45300094401607,0.0006565774656867259,8.225334531778735,1.6036679934410965,16.062368772350478,27.655189083949185,0.0,0.90017812840916,18.711146709477795,20.07605498627955,129.1888312790046,255.840589910883,0.0,0.998789182390547
qwen25_3b_int8,Qwen2.5,3.0,2048,16,gpu_npu,iGPU -> NPU,GPU,NPU,NPU,1,3.8432364724576473,220,1718,42,68.60821562652076,0.7447258429044943,30083.860674,93.11371199999985,1428.3029199999999,0.5318466327637268,205.99020230474892,1335.189208,1341.24304285,9942.220441,29.14652237125977,38.084411431879325,257.9271252898823,547.5044199911712,74.03929660571251,25.948475747726114,16.604876988940234,136.55378351514153,277.6192964410825,74.02336673479418,0.0004992848458206902,1.7232340541492999,1.4393867853026703,9.240046235671374,19.5467158057756,0.015929870918327777,0.9690227336369235,1.4748125693843548,20.040147657636417,112.13329553906942,250.33840774431303,0.0,0.9986687402367992
qwen25_3b_int8,Qwen2.5,3.0,2048,16,gpu_npu,iGPU -> NPU,GPU,NPU,NPU,2,3.8432364724576473,220,4689,42,68.69359007293885,0.7451164866888867,30046.471552999996,83.96274050000008,1419.9542940000001,0.5325084501778206,206.54757798951636,1335.9915535,1341.20693185,9915.39102,32.06050032251301,38.003693626913815,274.15054366334215,600.1203727535825,73.87732174800044,25.67802665012038,16.55285494122859,136.1872815063755,279.60847087140826,73.86918675592185,0.0004998290022050992,1.698393876552891,1.431954885110688,10.144704218282284,23.495436663776726,0.0081349920785986,0.9734813337590428,4.684079795839736,20.018883800574542,127.81855793868434,297.01646521839757,0.0,0.9988478385146553
qwen25_3b_int8,Qwen2.5,3.0,2048,16,npu_gpu,NPU -> iGPU,NPU,GPU,NPU,0,8.300728037022054,220,78,42,28.443667379327177,0.2184603903874331,72564.48236699999,2033.3513295000002,6467.771678,0.22049354557617967,524.838911632354,4434.4203485,4471.72474485,3902.149697,182.28087837252474,115.29615564583821,890.6369813183271,1858.9964650074749,410.4181349489107,0.8318584057195757,4.371048971930035,45.84486118020052,75.4192637041447,0.0,0.9906406212380632,31.16138201274585,8.17490470080193,78.71562895816082,152.01385414957218,27.301241050280115,0.0010117858708988273,150.2876379540593,102.75020197310624,766.0764911799657,1631.563347153758,383.11689389863056,0.001482637686145274
qwen25_3b_int8,Qwen2.5,3.0,2048,16,npu_gpu,NPU -> iGPU,NPU,GPU,NPU,1,8.300728037022054,220,78,42,29.283659067921537,0.22532970350713416,70482.995148,20.13133649999954,4458.121373,0.22700510905365534,523.2665209256814,4437.9900365,4449.3250499999995,3913.875469,159.48104473724652,114.48818804654893,866.3766384113289,1835.9308781283141,413.9181466594837,2.114020522004216,4.314248079660569,47.257655359207035,73.79972843178544,0.0,0.9881436010502765,14.243201236995121,7.377602759369656,58.37337898540822,119.05355284418054,27.54333839251777,0.0011103331618513117,143.12382297824718,102.7963372075187,760.7456040667137,1643.077596852348,386.3748082669659,0.0014598541719340048
qwen25_3b_int8,Qwen2.5,3.0,2048,16,npu_gpu,NPU -> iGPU,NPU,GPU,NPU,2,8.300728037022054,220,78,42,29.286874191272023,0.22533397773997774,70475.25749999999,19.03140199999953,4455.758992,0.2270300324904808,524.1336235442438,4436.72759,4463.88540355,3907.400533,160.60205437822998,114.59640947645622,864.6916379740435,1837.2053304325377,411.3627362490229,1.1582711862597037,4.374762246049928,46.081786338227616,77.72405007821185,0.0,0.9901454860655311,11.500521681001912,7.382844581785053,55.304838085937504,116.95569376461566,27.226449237231588,0.0011172058472950729,147.94326151096837,102.83880264862124,763.3050135498784,1642.5255865897102,384.1362870117913,0.0014695043795934506
qwen25_3b_int8,Qwen2.5,3.0,2048,16,npu_npu,NPU -> NPU,NPU,NPU,NPU,0,62.0877991290763,220,78,42,85.5089266061448,0.7414491641114179,24137.830772999998,195.87264599999997,1530.00787,0.6628598961716651,524.1633691473612,1334.1352239999999,1341.9794118500001,3907.178793,8.397138475433255,25.98803380105864,166.73669432265754,321.35391364088,0.0,2.8997402034225015,4.369200085114156,47.44802231645568,73.3875823911636,0.0,0.9896270953679902,5.497398272010754,1.5380504967874713,13.391700245164222,23.49989452038404,0.0,0.9538434596418122,0.0,20.080783219157013,105.89697176103765,224.46643672933237,0.0,0.9990329151288256
qwen25_3b_int8,Qwen2.5,3.0,2048,16,npu_npu,NPU -> NPU,NPU,NPU,NPU,1,62.0877991290763,220,78,42,86.17155845305678,0.7477774949877161,23952.218539999998,39.061161500000054,1372.830835,0.6679965771554789,526.102764634321,1333.7696735,1339.8494879,3892.7755899999997,2.430611364050816,25.770336236586726,161.0993662387079,315.17641560846505,0.0,0.0,4.312629543269683,42.46996936772835,69.30018357987866,0.0,0.9926749977385674,2.300026545089719,1.479827590422083,10.100705905417996,19.501248074181955,0.0,0.9753554231610772,0.13058481896109697,19.97787910289496,108.52869096556152,226.37498395440443,0.0,0.9988539327049655
qwen25_3b_int8,Qwen2.5,3.0,2048,16,npu_npu,NPU -> NPU,NPU,NPU,NPU,2,62.0877991290763,220,78,42,86.0953477026246,0.7476993113862359,23973.420807,29.777820500000107,1364.5605540000001,0.6674057961443767,523.5333975566681,1334.7827335,1339.7548138,3911.88033,9.301104438642446,25.794181208018163,170.806776478627,323.66739699491444,0.0,3.1334121985315253,4.349574363762512,47.68380266098811,73.25755992342545,0.0,0.9900139250936646,2.3669441236508857,1.423039468702695,10.139206610770513,17.722987200297965,0.0,0.9767159076181239,3.800748116460035,20.021567375552955,112.9837672068684,232.68684987119104,0.0,0.9989010030986488
qwen25_3b_int8,Qwen2.5,3.0,2048,16,openvino_auto,OpenVINO AUTO,GPU.0,GPU.0,GPU.0,0,3.1950638806447387,220,78,42,1170.69006514766,19.58181700826209,1763.0627109999998,28.857617,77.921681,9.075116784090389,2054.0678149205305,49.064064,50.046501049999996,997.045952,9.203032927003521,3.12060750809235,38.09305282545204,58.62632425228716,23.39402935363585,2.9701549022044786,1.3308957332549767,22.083731618441536,33.92362814785888,16.6883422822774,0.0,2.2826740005277104,0.12814680027006256,2.940932868322513,3.823699683535124,0.4325782001013133,0.0,3.950204024271332,1.6615649745673107,13.06838833868799,20.878996420893163,6.273108871257138,0.0
qwen25_3b_int8,Qwen2.5,3.0,2048,16,openvino_auto,OpenVINO AUTO,GPU.0,GPU.0,GPU.0,1,3.1950638806447387,220,78,42,1127.192176205416,19.374699151286137,1831.098586,20.065346500000004,69.056662,8.737923846553612,1937.7552590431726,48.9913155,57.995004599999994,1056.893016,11.348650319080257,3.1916965807723527,40.312363481619506,61.26023467568135,23.325774827308997,3.9365517642095083,1.40142785834492,23.17818969387764,35.51177902614972,16.67009154936608,0.0,2.0952976919659743,0.1246410110003045,2.6699729957071168,3.4617923810965276,0.34958938026785846,0.0,5.316800862904773,1.665627711427128,14.46420079203475,22.286663268435106,6.306093897675059,0.0
qwen25_3b_int8,Qwen2.5,3.0,2048,16,openvino_auto,OpenVINO AUTO,GPU.0,GPU.0,GPU.0,2,3.1950638806447387,220,78,42,1128.9758083036447,19.84372870499193,1828.205693,11.309795999999997,60.445011,8.751750451966238,1909.9143926569684,49.135215,52.59215835,1072.2993700000002,10.38700968395414,3.185125762661195,39.296657537996715,59.79944974014399,23.31870075998399,4.151514052285071,1.4019413926530016,23.4043656847514,35.55078904540857,16.708573954387933,0.0,1.679969646051918,0.12234914517230107,2.2386782411413053,2.9154105089819113,0.3514380408334374,0.0,4.555525985617151,1.6608352248358922,13.65361361210401,21.333250185753506,6.25868876476262,0.0
qwen25_3b_int8,Qwen2.5,3.0,4096,16,gpu_gpu,iGPU -> iGPU,GPU,GPU,NPU,0,24.6697861244902,220,1718,42,33.996048872416736,0.2322793943654626,120955.232634,1465.2900520000003,5659.813472,0.13228034580706902,72.65267230545065,4194.5234199999995,4278.9872905,56377.829886,453.52089195012957,149.5869618673212,1352.9992430744958,2745.1410390085302,543.8184879344839,279.11556070344426,45.313939653963125,543.8203868369482,1042.1832602257857,146.26211971009224,0.00011644648283332115,21.665165672331838,7.398970238938535,65.78517814588275,130.922371251293,26.298384991426726,0.001161522377463962,152.74016557435345,96.87405197441956,743.3936780916649,1572.0354075314515,371.25798323296493,0.0015414072625166584
qwen25_3b_int8,Qwen2.5,3.0,4096,16,gpu_gpu,iGPU -> iGPU,GPU,GPU,NPU,1,24.6697861244902,220,4689,42,37.28497100315153,0.23904542845792712,110285.72342600001,565.3280864999992,4711.9872239999995,0.14507770818346902,86.16601220652097,4146.659137500001,4160.5602029500005,47536.144415999996,433.41623220687904,148.51119154573396,1333.5117566169051,2707.949459653129,545.3450027059021,269.5769721484791,46.17221118685531,541.5076083800542,1023.9283784148195,153.42391002479843,0.00013751641157080753,12.77293261434228,6.919756609476554,57.30870794418544,125.30707783872403,26.03580277057085,0.0013752159528351048,151.06632744405763,95.4192237494021,734.6954402926656,1558.7140033995856,365.8852899105328,0.0015621943848791934
qwen25_3b_int8,Qwen2.5,3.0,4096,16,gpu_gpu,iGPU -> iGPU,GPU,GPU,NPU,2,24.6697861244902,220,4689,42,39.12409078191721,0.2354154732895579,105101.483966,613.8596559999999,4817.730847,0.1522338162720514,98.97462001046442,4203.871191,4239.34943725,41384.346811,397.2182450678376,147.55426643849353,1301.0896671188666,2668.3806118578914,552.8366324187942,233.52683307369736,43.889577605695095,498.7041255118469,953.4559847761201,154.5330809825319,0.0001589006594699253,14.843382195458334,6.99663290725592,59.741322917441174,128.37089694474668,26.200440914106444,0.0013398423874217728,148.8480297986819,96.66805592554252,742.6442186895786,1586.5537301370248,372.10311052215593,0.0015398796980349353
qwen25_3b_int8,Qwen2.5,3.0,4096,16,gpu_npu,iGPU -> NPU,GPU,NPU,NPU,0,4.167092155665159,220,1718,42,101.96555985986915,0.7406167964168744,40327.341954,318.5347395,1655.0762180000002,0.3967531512057165,204.04551051610585,1336.5414785,1342.129284,20073.953059,60.35321482894643,55.12342916538383,396.0458419706255,824.7153028306361,151.14206363232336,53.37265605984293,33.582857350706746,278.40811436898775,563.1396551978021,151.12336282259955,0.0003244004796095902,6.980558769103493,1.5792496769946158,14.850522962408043,28.14732759413184,0.018700809723802933,0.8790241707164691,0.0,19.961322137682473,102.78720463922967,233.4283200387022,0.0,0.9987542591953167
qwen25_3b_int8,Qwen2.5,3.0,4096,16,gpu_npu,iGPU -> NPU,GPU,NPU,NPU,1,4.167092155665159,220,4689,220,102.18681637691594,0.7434428242904523,40240.024552999996,124.91895449999978,1460.563576,0.39761407150550954,204.15055336071106,1335.6446215,1341.8481519499999,20063.624283999998,62.9163607204571,55.05778303234815,405.2385050932693,828.2686789203809,150.9815337161468,51.35295003614703,33.508509038902936,275.97384065904566,563.2496753408448,150.9635330046015,0.0002485094382462171,2.652836188508968,1.4588954921195598,10.059405977789819,19.082349965850675,0.018000711545298264,0.9475951767812674,8.9105744958011,20.09037850132565,119.20525845643378,245.9366536136855,0.0,0.9990063124986042
qwen25_3b_int8,Qwen2.5,3.0,4096,16,gpu_npu,iGPU -> NPU,GPU,NPU,NPU,2,4.167092155665159,220,4689,42,102.0496336589008,0.742739358420646,40294.118190999994,127.24718599999996,1464.044871,0.3970802866105089,203.7952042528429,1336.797685,1342.87403055,20098.60838,57.373092515531845,55.15488990792038,402.01551386207024,831.4238091894031,152.32930326006357,50.7649414985402,33.59418655928038,276.83889619774845,562.7936073455787,152.32930326006357,0.0003264902661882703,1.5080136842979144,1.4608932306191456,9.038538930074367,19.660598087581594,0.0,0.9460201851969058,5.100137332693727,20.099810118020855,116.1380787342474,248.9696037562428,0.0,0.9987624064602394
qwen25_3b_int8,Qwen2.5,3.0,4096,16,npu_gpu,NPU -> iGPU,NPU,GPU,NPU,0,24.89985651243478,82,78,42,47.976439595261496,0.1948845838168852,85708.736094,12429.0310795,16682.539018,0.18667875328895525,468.6443550975481,4253.5079385,4590.1701876,8740.103141000001,287.0861293189664,120.30092926242658,1043.0538260234844,2074.84675481107,402.31701458919656,0.0,9.50061580324683,97.43408552030039,158.19595583776461,0.0,0.9482211898762306,137.19161099354642,12.370480879512092,196.57820064351108,337.9601543096737,26.170614852485976,0.000298815425794678,149.89451832541997,98.42983257966766,749.041539859673,1578.6906446636312,376.1463997367106,0.0015168340496333071
qwen25_3b_int8,Qwen2.5,3.0,4096,16,npu_gpu,NPU -> iGPU,NPU,GPU,NPU,1,24.89985651243478,82,78,42,56.57813488386787,0.2349373655338925,72678.252976,49.80051149999998,4301.084717,0.22014838476213178,463.79706775980355,4251.2842055,4270.2829886,8831.448676,166.171195538021,115.13594097051927,900.7360410893328,1870.7537336050848,401.6224915180177,4.886426605736439,9.62498393319267,102.33477197838324,172.84757685420004,0.0,0.9404265715284331,11.047447292340273,7.069369783851217,53.59971943001,113.3451626422021,26.82765943949362,0.0015065966904552835,150.2373216399443,98.44158725347539,744.8015496809396,1584.5609941086827,374.79483207852405,0.0015229810074524766
qwen25_3b_int8,Qwen2.5,3.0,4096,16,npu_gpu,NPU -> iGPU,NPU,GPU,NPU,2,24.89985651243478,82,78,42,56.71085431425878,0.23531143087660308,72508.16531899999,25.101429499999384,4273.147287,0.22066480277921705,467.42752639508603,4248.0458575,4264.694837599999,8762.855777,158.98424845585237,114.9584302463812,890.4393851967798,1855.0532092936978,402.39003166101253,0.0,9.569622830977682,94.29466561053772,159.9604765430348,0.0,0.9483601249962691,11.424549320366058,7.062777576708332,53.846629993632746,113.19741157486101,26.712786732899335,0.001148801964990635,147.5596991354863,98.32602983869518,742.2980895926092,1581.895321175802,375.67724492811317,0.001519803494153283
qwen25_3b_int8,Qwen2.5,3.0,4096,16,npu_npu,NPU -> NPU,NPU,NPU,NPU,0,58.91109039448202,82,78,42,143.56807397354845,0.7387748881618577,28641.465237999997,228.196681,1565.589257,0.5586306380293714,491.2696054432775,1337.392576,1344.10616645,8337.580738999999,7.677158431499256,31.205678601181408,217.7502049304555,400.49165197061086,0.0,2.1078440521516164,9.49010471681455,97.33089783541246,150.81488304938478,0.0,0.9920745908113479,5.56931437934764,1.5570143740310174,13.513289100224785,24.056211860514136,0.0,0.8839425754950744,0.0,20.15855951033584,106.90601799481827,225.62055706071195,0.0,0.998819837038834
qwen25_3b_int8,Qwen2.5,3.0,4096,16,npu_npu,NPU -> NPU,NPU,NPU,NPU,1,58.91109039448202,82,78,42,144.30917922146554,0.7446137876923697,28494.37591,74.205619,1411.598377,0.5615143160368309,490.55627621551423,1337.392758,1343.10278665,8349.704608,1.373282381576371,31.044376768482984,211.3607801078647,399.8793352378226,0.0,0.0,9.52709244558796,92.9781240245315,152.26048499201985,0.0,0.9912160236267845,1.373282381576371,1.456018728044066,9.158044218284111,18.01548504007735,0.0,0.9466701164958904,0.0,20.06126559485096,109.2246118650491,229.6033652057254,0.0,0.9989504164597706
qwen25_3b_int8,Qwen2.5,3.0,4096,16,npu_npu,NPU -> NPU,NPU,NPU,NPU,2,58.91109039448202,82,78,42,144.32225446592247,0.7441428945489148,28491.794389,81.33695699999998,1418.9475830000001,0.5615651924744065,491.45853512889556,1337.6106260000001,1342.54333425,8334.375552,13.995603249474385,31.042223095149016,227.25161669927923,411.1627098976834,0.0,5.556624311703228,9.471608227271641,101.55910978495623,156.37863394183046,0.0,0.9921963497331973,2.7514186468107447,1.4531007203149278,10.551393274189834,18.50665484109239,0.0,0.9423751913181136,5.687560290960413,20.117514147562446,115.14111364013316,236.27742111476053,0.0,0.998673197313538
qwen25_3b_int8,Qwen2.5,3.0,4096,16,openvino_auto,OpenVINO AUTO,GPU.0,GPU.0,GPU.0,0,3.351470139808953,82,78,42,1339.724806775567,20.32212869019696,3069.28705,34.649989000000005,81.406907,5.212936991344619,1757.0535470094446,46.75691799999999,47.696660699999995,2331.175397,14.15201931351907,4.66380519717119,69.94023901871523,105.85324381071149,47.58800558035536,8.175369955249895,2.835353224290051,53.98945949456994,81.45609814387709,40.71954128188047,0.0,2.1482143451194577,0.13532952063416803,2.8135379407053103,3.6695486281387244,0.43898005268413043,0.0,3.828435013149716,1.6931224522469703,13.137241583439975,20.72759703869568,6.42948424579076,0.0
qwen25_3b_int8,Qwen2.5,3.0,4096,16,openvino_auto,OpenVINO AUTO,GPU.0,GPU.0,GPU.0,1,3.351470139808953,82,78,42,1306.998980014754,20.883050917844123,3146.138645,17.492804500000002,64.032739,5.08559914402628,1687.0874585652493,46.53993450000001,47.673911,2427.852794,14.6227308622549,4.748739368726918,71.0332873219261,107.29164740126066,48.05116497496315,8.857662998329493,2.9276260304301998,55.36369195704996,83.38327440110093,41.23740801821305,0.0,1.8368442198435344,0.12630524205051535,2.4365950144426027,3.1519348229812856,0.38194868320763214,0.0,3.9282236440818723,1.6948080962462024,13.23300035043353,20.756438177178435,6.431808273542469,0.0
qwen25_3b_int8,Qwen2.5,3.0,4096,16,openvino_auto,OpenVINO AUTO,GPU.0,GPU.0,GPU.0,2,3.351470139808953,82,78,42,1299.5095340046541,20.23425114309254,3164.270744,25.7581015,72.208101,5.056457330757409,1690.4988309381336,46.4499995,55.49913175,2422.953465,16.684814939694547,4.809317533231968,72.77792503887444,110.2810007067255,47.60984379009309,10.184057086302744,2.9861112961860647,56.43806357271272,85.33037741917443,40.854850065638466,0.0,2.0496149011365907,0.1275400942205996,2.6104641883560205,3.3753228247586096,0.35007091737298174,0.0,4.451142952255212,1.6956661428253035,13.729397277805699,21.57530046279246,6.404922807081642,0.0
qwen25_3b_int8,Qwen2.5,3.0,8192,16,gpu_gpu,iGPU -> iGPU,GPU,GPU,NPU,0,130.3343618772924,220,4689,74,37.74757601568745,0.14148852158769984,217444.42600999997,31551.333140999996,36485.469250999995,0.07358201952375722,73.51782500780801,4934.13611,5106.121920449999,111428.758932,856.7376414499338,218.92771083682226,2227.749993465852,4421.620386737018,821.8896722305129,566.0773887319071,96.95208672449073,1171.1290490790693,2217.5318638695762,350.43153659633316,5.872810630506539e-05,119.90980743222815,16.077296596847688,216.1659729876723,435.66459986783207,45.617014482141784,0.0001795783399392738,170.7504452857985,105.89832751548386,840.4549713991105,1768.4239229996092,425.84112115203794,0.001302211166222805
qwen25_3b_int8,Qwen2.5,3.0,8192,16,gpu_gpu,iGPU -> iGPU,GPU,GPU,NPU,1,130.3343618772924,220,1825,74,45.10157519904946,0.19903994455324203,181989.209108,662.9851330000002,5640.566182,0.08791730058294242,76.8282451024171,4977.581048999999,5003.1943053,106627.45178,835.6671692396194,214.55351714622103,2161.383673611021,4232.21410214899,807.9859789317726,646.4874668997953,99.8925530590046,1249.2251190425736,2306.836603121933,348.8672290009102,6.097866817088818e-05,15.021479093939707,7.742407602168109,66.39312249520624,143.97898085241684,30.526318463303518,0.0011410202083149675,174.15822324588441,106.91855648504833,845.7654320732411,1781.39851817464,428.5924314675589,0.0013003363612958203
qwen25_3b_int8,Qwen2.5,3.0,8192,16,gpu_gpu,iGPU -> iGPU,GPU,GPU,NPU,2,130.3343618772924,0,2749,74,39.15122267527216,0.19691621938436468,209648.62497600002,666.9835410000005,5697.184582,0.07631817285628101,61.375204363016294,5030.201040999999,5062.727258049999,133474.097317,928.1551620607205,225.96886692123914,2285.525847976768,4479.486336101359,814.1896156707147,740.2005070939961,110.16865586826711,1370.887726386228,2569.4515759180313,349.1673355495884,4.881846089226247e-05,14.996305813475647,7.863364290568536,64.49821127608878,136.18829057187335,30.743731351658237,0.001138106007743879,172.9583491532488,107.93684676240349,850.1399103144515,1773.8464696114543,434.27854876946805,0.001285675595077456
qwen25_3b_int8,Qwen2.5,3.0,8192,16,gpu_npu,iGPU -> NPU,GPU,NPU,NPU,0,5.2075883485376835,220,1718,220,131.37222117183933,0.7232610630187469,62478.96188999999,490.0412329999999,1838.695942,0.25608620111469654,196.26463470128624,1348.6547090000001,1356.27541925,41739.562567999994,111.89867948295179,91.60080344016706,704.6300296774481,1443.2588840452142,321.71319951464915,104.30912083391699,69.65349644327094,579.0632446940161,1167.7406232433475,321.71319951464915,0.0001569733748245639,7.589558649034807,1.7013501753531797,15.747617716711257,29.817187238043115,0.0,0.8038680927267745,0.0,20.245956821542933,109.81916726672064,245.70107356382363,0.0,0.9987095517288627
qwen25_3b_int8,Qwen2.5,3.0,8192,16,gpu_npu,iGPU -> NPU,GPU,NPU,NPU,1,5.2075883485376835,220,1825,220,131.86084146388566,0.7314260472937218,62247.441385,277.0665845,1625.430625,0.2570386773175159,196.26465564925468,1348.3640404999999,1354.6219895,41739.558113,116.93456687094576,91.50683471634095,735.830526951158,1555.0814224988023,323.6415631299742,111.12106747156224,69.62127173042268,597.7242290905978,1225.4991277760623,323.6299425237853,0.00015745255333580343,5.813499399383514,1.629869423389518,14.758287532547275,31.139463955268287,0.011620606188883128,0.869456978516078,0.0,20.255693562528755,123.34801032801306,298.4428307674717,0.0,0.9989953822549098
qwen25_3b_int8,Qwen2.5,3.0,8192,16,gpu_npu,iGPU -> NPU,GPU,NPU,NPU,2,5.2075883485376835,0,2749,220,131.82024595492499,0.7292897352261627,62266.611176,312.68439399999994,1662.174439,0.2569595437717836,196.4571803303058,1349.490045,1354.2332015,41698.654059,121.89270636080484,91.61839214031097,719.3329228159038,1483.925167982947,322.3909636616938,115.23526034904926,69.6726064563652,592.4177080691719,1198.7666872168468,322.37276540882993,0.00011892470181371904,6.657446011755584,1.6858955224157226,14.653834455134223,27.962353609164186,0.018198252863862303,0.851567661485378,0.0,20.259890161530056,112.26138029159759,257.1961271569361,0.0,0.9984246260254193
qwen25_3b_int8,Qwen2.5,3.0,8192,16,npu_gpu,NPU -> iGPU,NPU,GPU,NPU,0,100.15416840277612,198,78,42,74.85859629025505,0.169435915993228,109646.726051,13712.947562,18671.271208000002,0.14592318964961998,387.9213994098064,4958.323646,5112.49338825,21117.680057,365.0051391110784,144.07601330903412,1317.5150616443111,2543.1683858893552,457.7588027737462,12.139641301042126,22.969773508991825,231.24108713213633,385.299910655793,0.0,0.8707555920142237,187.2720728752246,14.956226968761696,254.6314146442553,411.935477028391,30.361900408612605,0.0002680588774188834,165.59342493481165,106.1500128312806,831.6425598679195,1745.9329982051713,427.3969023651336,0.0013090311032685003
qwen25_3b_int8,Qwen2.5,3.0,8192,16,npu_gpu,NPU -> iGPU,NPU,GPU,NPU,1,100.15416840277612,198,78,42,85.91483429585212,0.2016804664992425,95536.47012499999,85.5150680000003,5035.33619,0.16747531051823022,387.12005014021986,4949.821121999999,4977.670178349999,21161.394242,196.82414293154707,136.66392341165016,1131.1171886339528,2280.626285560906,461.5795063933048,10.053360832373059,22.90417909033081,229.9694315885176,392.8293630267636,0.0,0.8683758163499555,16.953930950381636,7.64815953394419,64.60994471990057,131.76419961439464,30.690705654332287,0.0009786834114049493,169.81685114879238,106.11158478737516,836.5378123255346,1756.0327229197478,430.8888007389725,0.001318233965179244
qwen25_3b_int8,Qwen2.5,3.0,8192,16,npu_gpu,NPU -> iGPU,NPU,GPU,NPU,2,100.15416840277612,198,78,42,86.03474834653018,0.20178048105830076,95403.31270499999,53.78551949999988,5004.454189,0.16770906110434733,388.8896507519235,4950.6686695,4974.24475815,21065.101589,205.45246297147565,136.7368030788632,1137.7761143070993,2281.8378185509323,461.8178019946773,15.644129373314023,22.923891760528143,233.90803526826107,388.8976494600317,0.0,0.8727802675112937,15.386082939966336,7.687513039650555,62.81875654024719,129.8261137910089,30.526340986392988,0.0009949136932742937,174.4222506581953,106.12539827868451,841.049322498591,1763.1140552998918,431.29146100828433,0.0013183621377425205
qwen25_3b_int8,Qwen2.5,3.0,8192,16,npu_npu,NPU -> NPU,NPU,NPU,NPU,0,113.25424787867814,198,78,42,209.41878227362585,0.730414734291773,39194.192187,293.92755149999994,1642.5543659999998,0.40822374712207765,439.06301072161,1348.6268145,1355.72986985,18657.914240000002,8.730725846020785,44.22431074861423,340.3956040424055,600.7705655591096,0.0,0.32679902636976976,22.317802300492747,215.73100581279854,346.50703708131147,0.0,0.9886665659794565,5.803131919180172,1.6058812686518822,13.350486215654557,23.781850271355502,0.0,0.8739120175946737,2.600794900470845,20.3006271794696,111.31411201395241,230.48167820644264,0.0,0.9988716580451384
qwen25_3b_int8,Qwen2.5,3.0,8192,16,npu_npu,NPU -> NPU,NPU,NPU,NPU,1,113.25424787867814,198,78,42,210.45412263026049,0.7379295197777521,39001.374253999995,114.02844749999997,1461.075842,0.4102419544449522,438.6794058013721,1347.0473945,1350.3594716,18674.229726,11.092522376422483,43.895749517348364,350.896418668467,625.4116920101279,0.0,8.50876734975133,22.170937095664275,224.17508440254295,346.17762523790935,0.0,0.986514639174146,2.5837550266711515,1.5051414999572261,10.502928654271415,18.97219530665276,0.0,0.9208365242411557,0.0,20.219670921726863,116.21840561165263,260.2618714655658,0.0,0.9988592384371011
qwen25_3b_int8,Qwen2.5,3.0,8192,16,npu_npu,NPU -> NPU,NPU,NPU,NPU,2,113.25424787867814,198,78,42,210.7942677219906,0.737576535436846,38938.440256,120.46937050000017,1467.8962040000001,0.41090500530602453,440.39298898012845,1347.4268335,1353.2085739499998,18601.567702,15.326565667000445,43.98793519282617,368.21896159420993,687.5434034092134,0.0,0.0,22.28093404090228,228.4406833265357,407.7798587726439,0.0,0.9917793110532529,3.062575481102072,1.5020679953672715,12.053297654914381,24.013802203756274,0.0,0.9180492437597447,12.263990185898372,20.20493315655662,127.72498061275984,255.74974243281324,0.0,0.9986845417822573
qwen25_3b_int8,Qwen2.5,3.0,8192,16,openvino_auto,OpenVINO AUTO,GPU.0,GPU.0,GPU.0,0,3.242262835614383,198,78,42,1045.459617638144,18.215278633027275,7851.092344000001,40.3205005,92.266684,2.0379329778521327,1165.6882692271429,51.9461835,53.6023293,7027.607823,31.3894817086706,10.084221918512954,163.60542404987382,252.81490799385858,114.65554216971695,24.66514737750161,8.154030509100673,145.79606439831042,225.36491814815244,106.84059995185483,0.0,2.4197760579491363,0.14190022140351383,3.125515341415632,4.092917332980949,0.46917078171612653,0.0,4.304558273219854,1.7882911880087669,14.683844310147775,23.357072512725196,7.345771436146,0.0
qwen25_3b_int8,Qwen2.5,3.0,8192,16,openvino_auto,OpenVINO AUTO,GPU.0,GPU.0,GPU.0,1,3.242262835614383,198,78,42,1115.5018941515036,18.42627302424696,7358.122871,26.8361445,79.023603,2.1744676299249583,1251.8207608426183,52.1874585,54.04819295,6544.067854,28.739147452658813,9.976468439841144,161.90905374230178,247.79093235960394,115.46801313958862,22.72249813685619,8.054741018831972,144.86897984116084,221.5746414483082,107.71390458392776,0.0,1.792183142089614,0.13936108470529168,2.422946530724377,3.2102663939147353,0.40553694030632814,0.0,4.224466173713011,1.7823663363038804,14.61712737041657,23.00602451738101,7.348571615354529,0.0
qwen25_3b_int8,Qwen2.5,3.0,8192,16,openvino_auto,OpenVINO AUTO,GPU.0,GPU.0,GPU.0,2,3.242262835614383,198,78,42,1119.118366513399,18.628023353803854,7334.344824999999,26.2125535,77.83276000000001,2.1815172836518495,1254.689307475998,51.6202065,53.547613950000006,6529.106409999999,25.266020419068905,9.952359847191245,158.0191155159809,243.84115894640496,115.12327490303024,18.39562775792692,8.028792072247956,140.18242702579244,216.66214018770648,107.41785326649524,0.0,2.2214022456577416,0.13759245140846887,2.8535299402491687,3.7146845083478928,0.4032203824583494,0.0,4.648990415484242,1.78597532353482,14.983158549939287,23.46433425035058,7.30220125407664,0.0
qwen25_7b_int8,Qwen2.5,7.0,1024,16,gpu_gpu,iGPU -> iGPU,GPU,GPU,GPU.0,0,7.2557776644825935,290,78,42,446.6675842312252,10.275542466335128,2292.532604,25.875151,121.362917,6.979181003612894,1210.4390889650372,95.48776600000001,96.23084845,832.7556579999999,9.69117523916533,5.388511041798295,48.49526003419336,74.94133816997945,29.153670529585686,1.5320935914213516,1.4289127018249712,19.702753010838766,29.654238383811105,15.50551520483861,0.0,2.278765815278722,0.2717995108538557,3.702627250753999,5.033448753494982,0.9441461118652469,0.0,5.880315832465257,3.687798829119468,25.08987977260059,40.25365103267336,12.704009212881829,0.0
qwen25_7b_int8,Qwen2.5,7.0,1024,16,gpu_gpu,iGPU -> iGPU,GPU,GPU,GPU.0,1,7.2557776644825935,290,78,42,444.2374030138592,10.413451166503968,2305.0738029999998,5.630695999999991,101.068466,6.94120942209155,1165.8177314180436,95.43777,96.673335,864.6291550000001,10.8542652068164,5.473319517587699,49.45656986070792,77.11430275505994,29.157246810398117,2.994284992470528,1.513928172140857,21.362166209554104,32.25699353611171,15.654253839441894,0.0,2.2069417529919932,0.2667754759068995,3.445117930222096,4.711879954676921,0.7772567312344916,0.0,5.65303846135388,3.6926158695399423,24.649285720931722,40.14542926427131,12.72573623972173,0.0
qwen25_7b_int8,Qwen2.5,7.0,1024,16,gpu_gpu,iGPU -> iGPU,GPU,GPU,GPU.0,2,7.2557776644825935,290,78,42,442.67242633755103,10.375300229371051,2313.222914,7.0829109999999975,102.832275,6.916756661524235,1161.9842761901614,95.749364,96.77596600000001,867.481618,10.795931355185946,5.461993846754604,49.50232911355823,78.56042805746546,29.297549098398378,2.873523316709532,1.5021477466034479,21.28144933135747,32.258906689979725,15.744518989679765,0.0,2.1465792978964053,0.26641995427779785,3.383301665752713,4.616031791417589,0.7793281140576559,0.0,5.775828740580008,3.693426145873358,24.837578116448046,41.68548957606814,12.773701994660957,0.0
qwen25_7b_int8,Qwen2.5,7.0,1024,16,gpu_npu,iGPU -> NPU,GPU,NPU,NPU,0,25.36586006078869,1110,78,42,18.497510685493907,0.3188233867835096,56223.78154999999,294.92382500000014,3410.197989,0.284577087469137,111.59802016319527,3115.2741639999995,3131.6941367000004,9175.790023,55.04354869300099,58.05937450530311,393.94003390607213,813.6064576393933,70.38047751175759,19.918126163039574,14.56690258243275,123.57360303956801,247.4360991744341,70.38047751175759,0.0011695995628822381,10.176837022203976,3.1877639830426405,26.320527726302686,51.35160891420614,0.0,0.9474546669788679,24.948585507757443,40.30470793982772,244.0459031402014,514.8187495507531,0.0,0.9993687687720505
qwen25_7b_int8,Qwen2.5,7.0,1024,16,gpu_npu,iGPU -> NPU,GPU,NPU,NPU,1,25.36586006078869,1110,78,42,18.60176147564833,0.32075322250351,55908.683775,49.603198999999876,3163.236612,0.2861809457792051,111.9889410553244,3113.633413,3122.2582359,9143.760003000001,48.909824931632365,57.658950503167006,388.0228101109176,819.2574798486116,71.3602771981479,35.29361577594085,14.584445469435568,139.66556759329782,264.34856677906566,71.3602771981479,0.0009267522329129093,3.0137714960064343,2.8887104460991466,18.524790793023136,39.02881414275608,0.0,0.9971508258453352,10.60243765968508,40.18579458763229,229.8324517245966,515.8800989267899,0.0,0.9993669933023758
qwen25_7b_int8,Qwen2.5,7.0,1024,16,gpu_npu,iGPU -> NPU,GPU,NPU,NPU,2,25.36586006078869,1110,78,42,18.608790569076636,0.32082179639626035,55887.56540299999,60.39612199999978,3173.878207,0.2862890856781021,112.12533223874715,3113.482085,3119.11769345,9132.637376,56.53221211318883,57.659232460894515,393.32472493806597,815.2594650060194,71.10932400816232,20.573862698365254,14.52216271318698,124.20492861491658,249.60950155550506,71.10932400816232,0.0008997400927790873,15.305452132903099,2.922065159291652,30.679094083513167,52.23983979570168,0.0,0.9972279317522029,20.652897281920474,40.21500458841589,238.44070223963624,513.4101236548127,0.0,0.9994741333654271
qwen25_7b_int8,Qwen2.5,7.0,1024,16,npu_gpu,NPU -> iGPU,NPU,GPU,NPU,0,15.074453727342188,1110,78,42,7.539085927518665,0.11260686916265575,137947.757858,12672.309299999999,20685.740914,0.115985937346441,215.98982517662688,8013.431614000002,8155.397866449998,4740.964067,417.8636558119998,199.84898397658594,1672.4013674802227,3414.940518344435,745.6975087291942,0.0,5.187722192540488,53.40624126269964,92.8366224951148,0.0,0.9979763468222043,130.51496629739273,16.469863678661632,224.58992988147418,399.3201492267833,50.43822318286395,0.0004025961668292797,287.3486895146071,178.19139810538383,1394.405196336049,2922.783746622537,695.2592855463303,0.0013364610102287676
qwen25_7b_int8,Qwen2.5,7.0,1024,16,npu_gpu,NPU -> iGPU,NPU,GPU,NPU,1,15.074453727342188,1110,78,42,8.238003496687313,0.12349080416731288,126244.180452,17.89371749999802,8018.79833,0.12673851533365096,214.33148609321046,8000.904612500001,8681.61802455,4777.646153,301.4659316731763,196.50807976687884,1544.8379517415387,3256.5304019257464,753.2875433693963,0.0,5.207158982095044,50.380522654016005,85.21356004540235,0.0,0.9916188533604866,26.677671613433944,12.758431368356547,105.7537806894342,217.4656873808034,49.5901172423372,0.0010186064873887407,274.78826005974236,178.54248941642726,1388.7036483980885,2953.851154499541,703.6974261270591,0.0013062667027616511
qwen25_7b_int8,Qwen2.5,7.0,1024,16,npu_gpu,NPU -> iGPU,NPU,GPU,NPU,2,15.074453727342188,1110,78,42,8.27666486258099,0.12406466739305784,125654.477651,0.0,7999.831019,0.12733330557816908,215.58852998356295,7999.9154995,8312.95208065,4749.788869,311.3884738028363,196.2087161964743,1549.9804875982445,3256.124238681917,750.213570588593,2.754347442668445,5.195459628809642,53.336025290494064,84.34441083889904,0.0,0.9969167326371955,20.768235809389147,12.638774993210708,99.71952734885369,207.83864643221176,49.80677014003983,0.00103002175676331,287.8658905507787,178.37448157445397,1396.9249349588968,2963.941181410806,700.4068004485532,0.0013069588228856303
qwen25_7b_int8,Qwen2.5,7.0,1024,16,npu_npu,NPU -> NPU,NPU,NPU,NPU,0,219.5874529229477,1110,78,42,20.158899915681797,0.32017643193357326,51590.11674,144.73464149999992,3255.764414,0.31013692177971997,215.99060181018433,3111.0297725,3128.76559125,4740.9470200000005,15.51589289967954,48.607043963843864,292.16970018007714,566.2410127577314,0.0,0.0,5.201401944297175,49.570639136443,77.71311672546065,0.0,0.9975863429918692,10.011530831922938,3.142598612173116,25.71990303060115,46.8846166965121,0.0,0.9754369776707068,5.5043620677566025,40.26304340737357,216.879158013033,441.6432793357587,0.0,0.9993534961124929
qwen25_7b_int8,Qwen2.5,7.0,1024,16,npu_npu,NPU -> NPU,NPU,NPU,NPU,1,219.5874529229477,1110,78,42,20.26079791101841,0.3219157404874949,51330.653638,8.704934000000275,3118.507102,0.3117045832464371,216.27970896995993,3109.8021679999997,3114.6750877500003,4734.609662999999,4.491169966929256,48.21467868556022,269.5158918336024,549.3055869537515,0.0,1.5760967963783301,5.191900479025051,51.65295134771922,77.56078723375418,0.0,0.9976224728538938,2.915073170550926,2.8997721223045176,18.261958764076653,34.47066898923716,0.0,0.9984665412508014,0.0,40.12300608423065,199.60098172180653,437.2741307307601,0.0,0.9994677740584157
qwen25_7b_int8,Qwen2.5,7.0,1024,16,npu_npu,NPU -> NPU,NPU,NPU,NPU,2,219.5874529229477,1110,78,42,20.241432948416655,0.3215581390315331,51379.761632999995,9.010690499999807,3119.032159,0.3114066607448716,216.40361905441077,3110.0214685,3113.88496645,4731.898682999999,14.00382144580207,48.03571913961942,293.2205857690301,573.8893634205897,0.0,0.0,5.152458268627022,48.09878070794599,77.32964504058177,0.0,0.9982422102506374,1.2862067240620352,2.8869295633726773,16.722087007634485,34.98971459851148,0.0,0.99763735715942,12.717614721740034,39.99633130761972,228.39971805344962,461.5700037814964,0.0,0.9994976710698943
qwen25_7b_int8,Qwen2.5,7.0,1024,16,openvino_auto,OpenVINO AUTO,GPU.0,GPU.0,GPU.0,0,12.890926292166114,1110,78,42,451.5440187571629,10.232844899703593,2303.2084509999995,17.737455,114.331,6.946831057802506,1222.9195570680906,96.593545,96.87570835000001,837.34044,10.447691712285227,5.4128771703618295,49.17603881835045,78.6001607473806,29.391990635816875,2.348919789285145,1.440291921304679,20.63239010910538,31.844435220703055,15.695873802478577,0.0,2.363349485885574,0.27095362563246705,3.715160311575071,5.163546072665069,0.887275532750548,0.0,5.735422437114508,3.7016316234246838,24.828488397669997,41.592179454012474,12.808841300587751,0.0
qwen25_7b_int8,Qwen2.5,7.0,1024,16,openvino_auto,OpenVINO AUTO,GPU.0,GPU.0,GPU.0,1,12.890926292166114,1110,78,42,445.1404407368633,10.325465387448524,2336.341309,5.283886500000001,101.74105399999999,6.8483144728748195,1158.8662003923996,96.4571675,96.92824375000001,883.6222849999999,10.285526642498482,5.45244509752914,49.14636252763556,78.60649249107095,29.404435687753082,2.6391385549074684,1.4869652920742855,21.12604754601776,32.75885459936872,15.815713888790281,0.0,2.0730148004552778,0.2694821760578375,3.3121886083295706,4.620837710536955,0.7842733519072891,0.0,5.573373287135736,3.695997629397017,24.708126373288234,41.226800181165274,12.804448447055513,0.0
qwen25_7b_int8,Qwen2.5,7.0,1024,16,openvino_auto,OpenVINO AUTO,GPU.0,GPU.0,GPU.0,2,12.890926292166114,1110,78,42,444.6381820411103,10.178250962704778,2338.980416,6.806854500000001,103.72237,6.840587416017082,1183.4732500361868,96.9155155,100.7144843,865.249806,12.424154200731289,5.499796206795498,51.39308036078926,80.89421026848967,29.492747275536278,2.8686853713326768,1.4802225362201744,21.342338331939697,32.801003118596505,15.824478566625833,0.0,1.8608523360874414,0.2662069885437216,3.0980216959867826,4.381715498070455,0.7864062886723587,0.0,7.694616493311171,3.753366682031602,26.952720332862782,43.71149165182272,12.881862420238086,0.0
qwen25_7b_int8,Qwen2.5,7.0,2048,16,gpu_gpu,iGPU -> iGPU,GPU,GPU,GPU.0,0,3.9038177002221346,220,220,42,643.1290570014846,10.396105710840908,3184.4308349999997,22.513964499999997,117.03511499999999,5.024445757824099,1166.7547025771241,94.5211505,95.58340414999999,1741.582867,12.546948145419508,6.998912547238497,72.26215566685977,113.43614974360705,47.54077144626608,4.7468865080903795,3.006880041873916,43.77481573905329,67.42738286570335,33.673038403980385,0.0,2.072293633783217,0.27408236045178236,3.512902922736128,4.908735430166925,0.9536759872169109,0.0,5.727768003545911,3.7179501449127983,24.974437005070346,41.10003144773677,12.914057055068783,0.0
qwen25_7b_int8,Qwen2.5,7.0,2048,16,gpu_gpu,iGPU -> iGPU,GPU,GPU,GPU.0,1,3.9038177002221346,220,220,42,632.3812786454631,10.487588136606982,3238.5525460000003,9.52553099999999,104.11464,4.940478739417681,1123.7132964310385,94.58910900000001,95.47758619999999,1808.29043,12.934678304890356,7.085385010417622,72.88899560597814,113.93810709009162,47.648449454770216,5.059362966576193,3.0914680564456964,44.40157204417926,68.18870441739904,33.83324160172366,0.0,1.9347515708558625,0.2718656011092275,3.2653886921556388,4.53169826842499,0.8682534842145307,0.0,5.9405637674583005,3.7220513528626977,25.222034869643245,41.217704404267586,12.946954368832028,0.0
qwen25_7b_int8,Qwen2.5,7.0,2048,16,gpu_gpu,iGPU -> iGPU,GPU,GPU,GPU.0,2,3.9038177002221346,220,220,42,627.7451322603346,10.430442536022223,3262.470539,8.94755500000001,104.084772,4.904258845783864,1113.8076853168795,95.13721699999999,96.1090892,1824.3724,11.033642346215078,7.090804755698884,71.04554969146707,112.40117416280778,47.75710340432868,4.03242171248769,3.0993247363602654,43.52282117020896,66.77354724458061,34.00453362120856,0.0,2.0750332983954056,0.26882893503711763,3.31155214290749,4.584859536916209,0.7831705454671027,0.0,4.926187335331982,3.722651084301501,24.211176378350626,41.04276738131095,12.969399237653018,0.0
qwen25_7b_int8,Qwen2.5,7.0,2048,16,gpu_npu,iGPU -> NPU,GPU,NPU,NPU,0,21.732772778719664,61262,82,42,32.04895878395442,0.3189068996820558,64401.468201,290.18663899999984,3405.45321,0.24844154096088694,117.9329673990904,3115.266571,3131.7951359500003,17365.797242,70.81825057198475,73.07656222317077,511.09192592951615,1042.4778441190278,139.6501856430463,40.59078988090037,29.4706480458047,245.58366654142276,486.6609652174702,139.6501856430463,0.0006164991938352841,12.605816693100875,3.176954904397961,28.70042706549235,53.98402034056548,0.0,0.9529019486953985,17.62164399798351,40.42895927296811,236.80783232260103,501.83285856099224,0.0,0.9994866230297346
qwen25_7b_int8,Qwen2.5,7.0,2048,16,gpu_npu,iGPU -> NPU,GPU,NPU,NPU,1,21.732772778719664,81842,82,198,32.17597172178085,0.32067824518810945,64147.246828999996,87.06518900000005,3200.9000840000003,0.2494261373781461,117.89500528011261,3113.834895,3117.4129117,17371.389017999998,58.229689712770266,72.54075689393495,498.1259314755853,1026.13856175778,140.30526317556735,47.96376350571088,29.442569284790842,253.63766222458258,501.3719639846205,140.30526317556735,0.0006146888996001184,1.9255492842335435,2.8730974020472875,17.163054759953667,38.11970235209265,0.0,0.9829810107874645,8.34037692282584,40.22509020709683,227.325214491049,486.646895421067,0.0,0.999495083227898
qwen25_7b_int8,Qwen2.5,7.0,2048,16,gpu_npu,iGPU -> NPU,GPU,NPU,NPU,2,21.732772778719664,0,82,271,32.185919658499245,0.32064560903354844,64127.420372,90.06000900000011,3203.123368,0.24950325316666083,118.0621101392293,3113.0633589999998,3118.3026386500005,17346.801591,51.228089076486555,72.46750159562087,490.4737384621659,1026.5398687855898,140.01755671093946,44.26716346986718,29.428886220127076,249.6534053128788,502.011444920313,140.01490859886795,0.00047219079304220085,0.837275421268938,2.8624349906191586,16.02976071785583,36.43060108464144,0.0026481120715256424,0.9841834477853306,6.123650185350442,40.17618038487464,224.7905724314313,488.09782278063534,0.0,0.9994328858791497
qwen25_7b_int8,Qwen2.5,7.0,2048,16,npu_gpu,NPU -> iGPU,NPU,GPU,NPU,0,141.83533598855138,392,78,42,8.00794052490163,0.06043267612235906,257744.171998,25937.456620999998,40728.22737,0.06207705833257077,214.8083133865293,14790.770749,15023.112478050001,9534.081655,800.4499789210008,259.47647749091317,2685.117915008553,5435.516907537807,1192.6672427502344,0.0,10.539708297019112,103.18938633499059,163.3270893937563,0.0,0.9951697859671835,357.58648770657237,27.886925663804913,508.696459811415,840.5480805767759,79.01539353641182,0.00020388807802906354,442.86349121442845,221.04984353008913,2073.2320688621476,4431.641737567275,1113.6518492138225,0.0007217353741396029
qwen25_7b_int8,Qwen2.5,7.0,2048,16,npu_gpu,NPU -> iGPU,NPU,GPU,NPU,1,141.83533598855138,392,78,42,8.926437489333516,0.06773642639963998,231223.26263600003,48.308698499999636,14787.413076,0.0691971898397947,209.47801789016694,14739.1043775,14853.441814650001,9776.682158,497.3785726757451,247.30762303725984,2385.8253270955665,5126.323809840212,1194.1657907089307,5.07723664845188,10.653317662389487,109.47293077925272,180.17283785713013,0.0,0.9693354910024681,33.368943184489176,15.807280293111688,149.8551652938465,320.1199547935915,79.60802033093002,0.0005567572879506677,458.932392842804,220.84702508175866,2126.4972310224675,4626.03101718949,1114.5577703780007,0.0007252424457341036
qwen25_7b_int8,Qwen2.5,7.0,2048,16,npu_gpu,NPU -> iGPU,NPU,GPU,NPU,2,141.83533598855138,392,78,42,8.941818251893112,0.06779452078342071,230825.53702800002,14.548806000000525,14746.612959,0.06931642055731095,214.0307561864307,14732.064153,14838.1044843,9568.718237000001,493.3495390102622,247.12088132549945,2351.498503252591,5012.857239001642,1193.9803278676086,4.9838877541231135,10.533400227555155,114.32921792232658,198.0148641955459,0.0,0.9901070096688646,31.852911220464286,15.797586658853886,152.69222708128655,338.7819649372294,79.65357500282312,0.000726539716597169,456.5127400356748,220.7898944390904,2084.4770582489778,4476.060409868866,1114.3267528647855,0.0007259883326152222
qwen25_7b_int8,Qwen2.5,7.0,2048,16,npu_npu,NPU -> NPU,NPU,NPU,NPU,0,189.6480154832825,392,78,42,36.538124882610354,0.3197045384435702,56488.941527,141.91291500000025,3258.3242440000004,0.2832412781597702,213.98820350553206,3116.411329,3131.5332521499995,9570.621027,21.546215604014385,54.05997506581356,349.7437761636909,652.2813570370549,0.0,0.0,10.546157354492006,99.05058615655335,155.63688156489079,0.0,0.994918404264175,10.325923277833276,3.1188234214462156,26.08938261724536,49.18620573140299,0.0,0.970460200768159,11.22029232618111,40.39499428987534,224.60380738989218,447.4582697407612,0.0,0.9995054453080254
qwen25_7b_int8,Qwen2.5,7.0,2048,16,npu_npu,NPU -> NPU,NPU,NPU,NPU,1,189.6480154832825,392,78,42,36.62655588974799,0.3206480474001477,56352.554857,45.33860399999989,3160.6803280000004,0.2839267898430077,213.95085301671787,3115.3417240000003,3122.8005086000003,9572.291819,16.61437575450676,53.53203359718355,347.43544535673874,658.2127728575108,0.0,0.0,10.512950586846117,98.53517763637836,156.04637908996838,0.0,0.9945208712822674,0.11691799104108291,2.867683816345656,15.462430175564469,32.254114865663844,0.0,0.9844241356634912,16.497457763465675,40.15139919399178,233.43783754479588,469.91227890187855,0.0,0.999454196750155
qwen25_7b_int8,Qwen2.5,7.0,2048,16,npu_npu,NPU -> NPU,NPU,NPU,NPU,2,189.6480154832825,392,78,42,36.6195017507759,0.3205946994400135,56363.410241,59.27311350000019,3174.131132,0.28387210659516204,213.88223488602154,3114.8580184999996,3119.80259375,9575.362821,8.0788265416459,53.50021555327449,341.12972385625557,663.7600734613916,0.0,0.0,10.513143965605373,99.9564601537938,161.59236964698346,0.0,0.9939079257788471,1.8534756522234712,2.9241933101651076,17.43236832921385,36.57634475374568,0.0,0.9829823880130736,6.22535088942243,40.062878277504005,223.74089537324792,465.5913590606624,0.0,0.9994761926938837
qwen25_7b_int8,Qwen2.5,7.0,2048,16,openvino_auto,OpenVINO AUTO,GPU.0,GPU.0,GPU.0,0,12.960380932316184,622,78,42,648.594537478545,10.390393359276281,3182.265469,22.8875885,117.437971,5.0278646316166276,1177.9428388202587,94.5503825,95.5550065,1738.624263,12.768361710485518,6.992944224153582,72.08676553898822,113.87319605510291,47.130132886946306,4.794403277522687,3.0042479591228624,43.493677393808525,67.42734753515549,33.304332471413915,0.0,2.1884598388967023,0.27656153827238916,3.5543640762084836,4.985551005387937,0.8953261610495702,0.0,5.785498594066128,3.712134726758331,25.03872406897121,41.46029751455948,12.930474254482819,0.0
qwen25_7b_int8,Qwen2.5,7.0,2048,16,openvino_auto,OpenVINO AUTO,GPU.0,GPU.0,GPU.0,1,12.960380932316184,622,78,42,639.9428659009324,10.486178084777032,3225.287928,8.530252000000003,103.261302,4.960797410084747,1141.0529242365017,94.73105,95.4411193,1794.833488,14.231458483748229,7.046417930596491,73.87408723371071,115.33997227180669,47.23703965752797,5.79211471726061,3.0593147138131136,44.84516937026454,68.81855026327995,33.50081119889482,0.0,2.1417002628720376,0.2684576961727714,3.3946691245141167,4.72675988365736,0.7977602342194613,0.0,6.297643503615582,3.7186455206106066,25.63424873893205,41.794662124869376,12.93846822441369,0.0
qwen25_7b_int8,Qwen2.5,7.0,2048,16,openvino_auto,OpenVINO AUTO,GPU.0,GPU.0,GPU.0,2,12.960380932316184,622,78,42,632.5900153317843,10.424284799149666,3262.7767590000003,9.507645000000009,104.726595,4.903798568463445,1122.9122166883703,95.21894999999999,95.7641101,1823.82912,13.771474681853249,7.067393545460551,73.58008297065443,116.59743541466993,47.44350477634011,5.892356852761001,3.0887396507952514,45.12479144851569,69.09067788506239,33.672198735354044,0.0,1.9054276179476841,0.2688654296266367,3.176023579900082,4.483634729133964,0.8146642292320182,0.0,5.973690211144564,3.709788465038663,25.27926794223866,43.02312280047357,12.95664181175405,0.0
qwen25_7b_int8,Qwen2.5,7.0,4096,16,gpu_gpu,iGPU -> iGPU,GPU,GPU,GPU.0,0,7.774406490847468,49,78,42,709.7549552094961,9.654627364579554,5771.005852,54.53868449999999,154.05901699999998,2.772480293787094,967.4329083624167,99.52033250000001,102.47515274999999,4217.346716999999,17.708944584967195,10.508624200206285,132.95830369740608,204.89571186259175,95.83801696078325,10.367938635527281,6.416256022690977,103.73858731907181,157.7313591527738,81.20195816735863,0.0,1.8953067112987276,0.2829056651430835,3.38299563191125,4.814936420303321,0.9566520594941944,0.0,5.445699238141188,3.809462512372224,25.83672074642302,42.34941628951465,13.679406733930428,0.0
qwen25_7b_int8,Qwen2.5,7.0,4096,16,gpu_gpu,iGPU -> iGPU,GPU,GPU,GPU.0,1,7.774406490847468,49,78,42,702.6988326753095,9.958465947236814,5828.9551790000005,14.454879500000004,113.802896,2.744917315137928,943.8547347119561,99.3480165,100.09036125,4322.699087,17.581605820037414,10.63036260420049,132.29406026994494,207.34651972691188,96.26984311970507,11.020007096917514,6.539964185787365,104.3400784116865,161.087996094105,81.7871901132664,0.0,2.105998575899742,0.2777547488631656,3.421981702222437,4.791929605519197,0.8436976157734578,0.0,4.455600147220158,3.8126436695499586,24.532000156035995,41.466594027287684,13.638955390665203,0.0
qwen25_7b_int8,Qwen2.5,7.0,4096,16,gpu_gpu,iGPU -> iGPU,GPU,GPU,GPU.0,2,7.774406490847468,49,78,42,701.8509861912114,9.99892801492752,5835.996644,13.835752999999992,112.84743499999999,2.7416054148094195,940.9950378451011,99.01168200000001,99.60395694999998,4335.835829,19.559123064304423,10.64414358757564,134.29874835175886,207.2071698215775,96.17986367923896,11.731396668121471,6.557816915848314,105.01465394989555,160.24078088016756,81.66430017275366,0.0,2.113286963594263,0.27720827283784943,3.4445146133920597,4.7636709777533355,0.8548685752097667,0.0,5.714439432588689,3.809118398889475,25.83957978847124,42.202717963656596,13.660694931275536,0.0
qwen25_7b_int8,Qwen2.5,7.0,4096,16,gpu_npu,iGPU -> NPU,GPU,NPU,NPU,0,17.51568366959691,0,644,42,50.309926419984976,0.31788480782126993,81733.373364,402.0937074999997,3518.7649859999997,0.19575846856025284,118.56493902502177,3116.6712785,3132.7039914499996,34546.46908,101.55330522989362,102.60574511815966,755.3741411666114,1523.1803512770578,280.72872693679346,84.36340209392712,58.75014259407264,502.06424584481545,983.5246077243982,280.72872693679346,0.00030946722732336614,14.32685644528362,3.2293157892817983,30.941542530713615,54.8658194807508,0.0,0.9226060884760662,2.8630466906828786,40.62628673480522,222.36835279108226,484.78992407190884,0.0,0.9994550420882923
qwen25_7b_int8,Qwen2.5,7.0,4096,16,gpu_npu,iGPU -> NPU,GPU,NPU,NPU,1,17.51568366959691,0,644,42,50.423743358438244,0.31978711015162437,81548.88403999999,258.3733060000002,3372.302948,0.19620133602505152,118.23566212949052,3113.929642,3127.1746038,34642.678243,114.23970617292962,102.4847620636103,764.314268948193,1557.9732044555642,281.820690633369,100.10228239181961,58.749394786793474,512.4210511528607,1005.4581656079351,281.820690633369,0.00030814592119929475,11.06466613338776,3.2308999122675135,27.01211294455882,54.27699847597053,0.0,0.9467719980180143,3.0727576477222414,40.50446736454931,224.88110485077348,498.2380403716584,0.0,0.9995271765761183
qwen25_7b_int8,Qwen2.5,7.0,4096,16,gpu_npu,iGPU -> NPU,GPU,NPU,NPU,2,17.51568366959691,0,9917,271,50.384762763585734,0.31899208512178984,81611.975019,273.30920750000007,3389.354843,0.19604966055869935,118.41961371017221,3116.0456355,3127.9755510999994,34588.864729999994,122.50211891438963,102.52604179568124,800.5930070703115,1677.2413386185174,282.2932719928199,95.68231695692918,58.763106097890905,532.4829849929436,1102.6066172969915,282.2932719928199,0.00023814022415300014,11.519528461099446,3.25736364253668,29.973114691370316,63.45096010034823,0.0,0.9435149602599457,15.300273496361001,40.50557205525365,238.13690738599763,511.1837612211777,0.0,0.9994434710981946
qwen25_7b_int8,Qwen2.5,7.0,4096,16,npu_npu,NPU -> NPU,NPU,NPU,NPU,0,91.8982109958306,8,78,42,61.59073182373941,0.3194344971060224,66763.29178500001,180.09563499999982,3297.146701,0.2396526530106592,206.81324631640547,3117.051066,3130.1710600500005,19805.307798,21.361801883804326,65.88186297948766,458.63654857126636,829.4785068026094,0.0,0.0,22.11228609960879,205.38728131755,325.27837744833084,0.0,0.995740344009775,11.679475335130357,3.2331083662648616,27.837002183023024,51.32432243376567,0.0,0.9627621358301218,9.68232654867397,40.53646851361401,225.41226507069337,452.87580692051296,0.0,0.9995742114179298
qwen25_7b_int8,Qwen2.5,7.0,4096,16,npu_npu,NPU -> NPU,NPU,NPU,NPU,1,91.8982109958306,8,78,42,61.69841598845544,0.32023883443698414,66646.767735,98.39471699999969,3215.3981919999997,0.24007165754262816,206.7984259963519,3117.003475,3119.2727516,19806.727156,10.639518834696176,65.38058824345475,466.07874309320357,902.5451229881696,0.0,0.0,22.149093415625188,206.80965939066346,332.0053087764693,0.0,0.9952697810566034,2.3015350236577206,2.9612952206285215,18.495152896654588,39.50765217857249,0.0,0.9699940143525466,8.337983811038455,40.27019960720105,240.77393080588556,531.0321620331279,0.0,0.9994983480482004
qwen25_7b_int8,Qwen2.5,7.0,4096,16,npu_npu,NPU -> NPU,NPU,NPU,NPU,2,91.8982109958306,8,78,42,61.753592102145774,0.3208704243547605,66587.219626,100.8378630000002,3215.249683,0.2402863505920069,206.45809265914454,3114.41182,3119.5484458000005,19839.377315,5.428541698826015,65.32491963790372,449.2388701894724,850.4708896143052,0.0,0.0,22.17420215555729,210.98553741836523,345.87792798726304,0.0,0.993698375054066,3.5182623040303636,2.965217463641011,19.279006159266974,40.037793027720824,0.0,0.9699302721305951,1.9102793947956513,40.18550001870541,218.97432661184018,464.55516859932135,0.0,0.9994720592867878
qwen25_7b_int8,Qwen2.5,7.0,4096,16,openvino_auto,OpenVINO AUTO,GPU.0,GPU.0,GPU.0,0,4.355639208108187,8,78,42,727.6852265960254,9.882898549728518,5650.794945000001,25.823833500000003,124.99145200000001,2.8314600256654683,991.042485960161,99.1676185,101.0761278,4133.021599,21.185379824970724,10.527005259117102,133.9744375451977,208.97601589071692,94.46216848640375,12.022670475686361,6.440626681949746,103.25986103264566,159.27216435391827,79.83317709927103,0.0,2.21085563050913,0.2814716578326655,3.6234320352100173,5.095482996002419,0.932236670553433,0.0,6.951853718775235,3.80490691933469,27.091144477342013,44.60836854079622,13.696754716579296,0.0
qwen25_7b_int8,Qwen2.5,7.0,4096,16,openvino_auto,OpenVINO AUTO,GPU.0,GPU.0,GPU.0,1,4.355639208108187,8,78,42,714.4608146469755,10.009762481308972,5755.389121,15.131089000000001,113.749001,2.780003169832589,962.2133767995998,98.617912,100.25095085,4256.852065,19.732244080258,10.687357671313622,132.80565011026948,207.5052080197551,94.44468098719746,12.777167513428136,6.603493378204988,104.30629507945967,160.8708563082891,79.85324815074647,0.0,1.7781494616217088,0.2771114180088613,3.1113895504302516,4.445985444053223,0.8501677263000202,0.0,5.1769271052081525,3.8067528750997734,25.38796548037957,42.18836626741277,13.741265110150966,0.0
qwen25_7b_int8,Qwen2.5,7.0,4096,16,openvino_auto,OpenVINO AUTO,GPU.0,GPU.0,GPU.0,2,4.355639208108187,8,78,42,716.1018673164069,9.914042868955864,5742.199801,23.09473449999999,122.330882,2.7863885887797935,968.5059547726763,99.23614750000002,99.88709870000001,4229.194441,23.02044265879872,10.655797934263944,136.20602309494888,211.0662106117135,94.58081703553592,14.724393806556048,6.575028521503135,106.38529178406702,162.879358459394,80.00754087033282,0.0,2.2089419570754805,0.2757575674525501,3.564189285071146,4.996699583041536,0.8862821267860372,0.0,6.087106895167193,3.8050118453082593,26.256542025810703,43.19015256927794,13.686994038417053,0.0
qwen25_7b_int8,Qwen2.5,7.0,8192,16,gpu_gpu,iGPU -> iGPU,GPU,GPU,GPU.0,0,3.3595950677990913,8,78,42,674.5417019167817,9.059728667504457,12144.541956,45.550035499999986,152.59735999999998,1.3174642615562142,779.4934321439343,107.0473245,108.79146595,10488.863232,30.221557754888195,19.792209487736603,275.07241354660107,427.6679408906359,210.15332726709923,21.7828731344033,15.510395131203932,243.21732131456315,375.371987261469,194.01009669298017,0.0,2.8686880418621,0.30398106500374183,4.456418713456659,6.115516412772544,1.0663960570250164,0.0,5.569996578622795,3.9778332915289294,27.398673518581262,46.180437216394424,15.076834517094055,0.0
qwen25_7b_int8,Qwen2.5,7.0,8192,16,gpu_gpu,iGPU -> iGPU,GPU,GPU,GPU.0,1,3.3595950677990913,8,78,42,662.1938724429663,9.10817786493454,12370.999402000001,34.765646999999994,142.039109,1.2933474071151685,762.3930073100018,107.273462,108.53572775,10724.127742,34.935896457615925,20.08323453463787,281.60634025495267,442.7204948718236,211.09915085364634,27.01037354855048,15.804101720883423,250.37752624320402,390.9023978792123,195.09854121821343,0.0,2.251179980295029,0.3002465638479956,3.749501136390283,5.475199935227644,0.9801137096307926,0.0,5.674342928770414,3.9788862499064503,27.47931287535836,46.34289705738366,15.020495925802111,0.0
qwen25_7b_int8,Qwen2.5,7.0,8192,16,gpu_gpu,iGPU -> iGPU,GPU,GPU,GPU.0,2,3.3595950677990913,8,78,42,662.6648304658872,9.195399959484455,12362.207293000001,32.99002350000001,139.381786,1.294267247003686,761.9078235941821,106.3917625,107.53274794999999,10730.956878,34.09951132285531,20.01127231411451,279.80787420842813,438.59234938638997,210.60789788429085,25.848060113486557,15.736874711810966,248.26032110386785,386.9006641008858,194.60627921318653,0.0,2.463429095989513,0.29892580649105355,3.9576977914813822,5.605631336020913,0.9820111592045279,0.0,5.7880221133792356,3.9754717958124908,27.589855313078917,46.08605394948323,15.019607511899787,0.0
qwen25_7b_int8,Qwen2.5,7.0,8192,16,gpu_npu,iGPU -> NPU,GPU,NPU,NPU,0,8.144090397283435,0,644,15,68.71634261671502,0.3145619633886667,119447.56789199999,509.4449095,3653.640405,0.1339499856076316,114.15479082022063,3144.1954955,3162.82056255,71762.20937499999,158.65603449926414,165.04685863551322,1227.8298047144829,2538.97465360554,589.3931317967414,143.97997359826854,121.1479624528406,1001.5229034229253,2021.6776418851418,589.3931317967414,0.000148016624522996,14.676060900995607,3.3521501188284484,31.0667076104723,57.971615532553564,0.0,0.8986450871045697,0.0,40.54674606384417,195.2401936810852,459.3253961878447,0.0,0.9992221718009531
qwen25_7b_int8,Qwen2.5,7.0,8192,16,gpu_npu,iGPU -> NPU,GPU,NPU,NPU,1,8.144090397283435,0,644,15,68.85520451643045,0.31596201979156163,119206.675191,346.80838400000005,3486.597088,0.13422067157198916,114.20188737916114,3139.788704,3155.7987533,71732.61482799999,173.45678860592838,164.92699950193878,1251.4010799975238,2562.7198054033206,589.4863314885225,160.42600442467875,121.06043399273747,1018.2256058281027,2044.1740895261964,589.4863314885225,0.0001135187950352184,13.030784181249617,3.322430461449667,29.04758328823223,53.60219027947081,0.0,0.9251943710680917,0.0,40.54413504775165,204.1278908811887,464.94352559765326,0.0,0.9992494162531358
qwen25_7b_int8,Qwen2.5,7.0,8192,16,gpu_npu,iGPU -> NPU,GPU,NPU,NPU,2,8.144090397283435,0,0,0,69.77228892265961,0.3164747530168819,117639.82702499999,341.5163275000004,3482.2003010000003,0.1360083604730207,116.62424971783636,3140.6839735,3159.47481345,70242.68125899999,170.83638475462686,158.80057543900415,1185.8641252158527,2449.812185331711,539.2448870082486,158.91330506285067,115.02922575677155,955.1845307621152,1945.462863127717,539.2448870082486,0.00011555652282222628,11.923079691776188,3.3329277272460502,27.96042728303867,53.402561023333966,0.0,0.9257649535766896,0.0,40.43842195498655,202.71916717069882,450.9467611806604,0.0,0.9991671294450506
qwen25_7b_int8,Qwen2.5,7.0,8192,16,npu_npu,NPU -> NPU,NPU,NPU,NPU,0,150.73440031148493,220,78,8036,92.00799762050352,0.3177078982691016,89209.636252,271.4891420000001,3403.586284,0.17935282187232654,195.0640748155239,3132.097142,3147.5422294,41996.456845,13.671352663587355,91.80854267298608,664.6685221816351,1165.6860223198591,0.0,0.0,48.14562753022312,446.66826365525,693.1648049466164,0.0,0.9952648423238669,13.671352663587355,3.244136365247708,29.653727582780085,50.665097420090014,0.0,0.9489390691174849,0.0,40.41877877751525,188.34653094360507,421.8561199531528,0.0,0.9993316047716355
qwen25_7b_int8,Qwen2.5,7.0,8192,16,npu_npu,NPU -> NPU,NPU,NPU,NPU,1,150.73440031148493,220,78,8036,92.05521300193863,0.31803378423467477,89163.880375,168.96801250000016,3301.702419,0.17944485965290183,195.05189240237695,3132.7344065,3137.2341665,41999.07983,1.1731089798004088,91.32293927558648,671.9038256129078,1193.870036239513,0.0,0.0,48.158989916360554,443.6531109195347,703.2732865003379,0.0,0.9945579800575359,1.1731089798004088,2.980403506907024,16.70784987057086,37.39815832179692,0.0,0.9560867696114439,0.0,40.1835458523189,211.54286482280222,453.1985914173782,0.0,0.9994913007299233
qwen25_7b_int8,Qwen2.5,7.0,8192,16,npu_npu,NPU -> NPU,NPU,NPU,NPU,2,150.73440031148493,220,78,8036,92.04195096370552,0.3179001934955923,89176.72772099999,187.30847250000028,3320.092051,0.17941900772652147,195.084280121615,3132.7835784999997,3136.35809115,41992.10718,2.1275325048950293,91.30853157861502,653.9579520692159,1208.5317828225586,0.0,0.0,48.101961604063234,434.0193873313766,725.4193850759809,0.0,0.9951753033223231,2.1275325048950293,2.970596456585124,17.315632701806198,34.42829148884107,0.0,0.9507796625847227,0.0,40.23597351796666,202.62293203603312,448.68410625773663,0.0,0.9994156442373285
qwen25_7b_int8,Qwen2.5,7.0,8192,16,openvino_auto,OpenVINO AUTO,GPU.0,GPU.0,GPU.0,0,4.340634595602751,220,78,15,678.3904365155233,9.071646208903985,12099.227168000001,45.99771250000001,152.48209200000002,1.3223985117261665,784.2443824679472,106.4843795,110.43774169999998,10445.723531,37.98613270681614,19.738387639723673,280.1391615049702,433.5935946218098,207.6241921975704,28.6234939453843,15.460338615613232,247.3460727125502,380.64791032682115,191.48211716283552,0.0,2.4179060263949825,0.3038582424243941,3.999516325391317,5.669368519389857,1.065358293413843,0.0,6.944732735036862,3.974190781686046,28.793572467028667,47.27631577559878,15.07671674132104,0.0
qwen25_7b_int8,Qwen2.5,7.0,8192,16,openvino_auto,OpenVINO AUTO,GPU.0,GPU.0,GPU.0,1,4.340634595602751,220,78,15,667.7517225932329,9.151553356754537,12291.993749,36.74215849999998,143.24604599999998,1.3016602779595183,768.9904781916824,106.5038875,108.42635599999998,10652.927743999999,41.67922339616999,19.979936234584862,284.4377505135347,441.945097018373,207.8091598765286,33.983509928423786,15.71132207681992,253.37335131340922,390.391153650081,191.71875123344722,0.0,1.9931792223469156,0.2989549346486531,3.509146430213546,5.175572330668006,1.0080652344735854,0.0,5.702534245399286,3.9696592231162873,27.555252769911938,46.37837103762401,15.082343408607796,0.0
qwen25_7b_int8,Qwen2.5,7.0,8192,16,openvino_auto,OpenVINO AUTO,GPU.0,GPU.0,GPU.0,2,4.340634595602751,220,78,15,668.1242406928361,9.120376574365787,12285.140248,33.088638,140.372783,1.3023864340990958,769.8907084765831,107.284145,108.2556609,10640.471316,40.37304594823206,20.062800752400886,283.89406867368143,440.8836168213007,208.45052993152268,31.04638048808439,15.778020080459964,251.24513234668825,387.7298996556236,192.40358977878847,0.0,2.431626902153127,0.2989660386948381,3.922726207152599,5.822368765008685,0.9846951268918498,0.0,6.895038557994543,3.9858146332460826,28.72621011984056,47.331348400668354,15.062245025842358,0.0
