run_id,status,error,started_at_utc,ended_at_utc,pilot_mode,condition_name,pressure_mode,requested_fraction_of_ram,actual_fraction_of_ram,requested_size_bytes,actual_size_bytes,trial_id,num_requests,successful_requests,error_requests,stabilization_seconds,wall_time_s,inference_batch_time_s,pressure_worker_pid,size_capped,host_name,platform_system,platform_release,python_version,model_name,prompt_id,page_fault_support,system_memory_total_bytes_before,system_memory_total_bytes_after,system_memory_total_bytes_delta,system_memory_available_bytes_before,system_memory_available_bytes_after,system_memory_available_bytes_delta,system_memory_used_bytes_before,system_memory_used_bytes_after,system_memory_used_bytes_delta,system_swap_used_bytes_before,system_swap_used_bytes_after,system_swap_used_bytes_delta,system_disk_read_bytes_before,system_disk_read_bytes_after,system_disk_read_bytes_delta,system_disk_write_bytes_before,system_disk_write_bytes_after,system_disk_write_bytes_delta,system_disk_read_count_before,system_disk_read_count_after,system_disk_read_count_delta,system_disk_write_count_before,system_disk_write_count_after,system_disk_write_count_delta,managed_process_count_before,managed_process_count_during,managed_process_count_delta,managed_rss_bytes_before,managed_rss_bytes_during,managed_rss_bytes_delta,managed_vms_bytes_before,managed_vms_bytes_during,managed_vms_bytes_delta,managed_cpu_user_seconds_before,managed_cpu_user_seconds_during,managed_cpu_user_seconds_delta,managed_cpu_system_seconds_before,managed_cpu_system_seconds_during,managed_cpu_system_seconds_delta,managed_io_read_bytes_before,managed_io_read_bytes_during,managed_io_read_bytes_delta,managed_io_write_bytes_before,managed_io_write_bytes_during,managed_io_write_bytes_delta,managed_minor_faults_before,managed_minor_faults_during,managed_minor_faults_delta,managed_major_faults_before,managed_major_faults_during,managed_major_faults_delta,managed_page_faults_total_before,managed_page_faults_total_during,managed_page_faults_total_delta
pilot=1|mode=none|requested=0.0000|actual_bytes=0|trial=1,completed,,2026-04-05T21:10:15.381878+00:00,2026-04-05T21:10:21.034404+00:00,True,none_baseline,none,0.0,0.0,0,0,1,5,5,0,0.0,5.653304499981459,5.087101000011899,,False,Mac,Windows,11,3.12.3,qwen3:4b,locality_prompt_v1,Windows exposes total process page-fault counts via GetProcessMemoryInfo; minor and major faults are unavailable.,102744223744.0,102744223744.0,0.0,71296118784.0,71344996352.0,48877568.0,31448104960.0,31399227392.0,-48877568.0,0.0,0.0,0.0,41962178560.0,42774370816.0,812192256.0,76101902336.0,76106559488.0,4657152.0,812636.0,819436.0,6800.0,3747801.0,3747836.0,35.0,1.0,1.0,0.0,121675776.0,125964288.0,4288512.0,865603584.0,866107392.0,503808.0,0.484375,0.515625,0.03125,2.921875,3.03125,0.109375,24263477.0,24603937.0,340460.0,5137209338.0,5137211028.0,1690.0,,,,,,,66838.0,66846.0,8.0
pilot=1|mode=file_seq|requested=0.0100|actual_bytes=1027440640|trial=1,failed,[WinError 5] 拒绝访问。,2026-04-05T21:10:21.035953+00:00,2026-04-05T21:10:21.058278+00:00,True,file_seq__req_0.01x__actual_0.01x,file_seq,0.01,0.009999984452264646,1027440640,1027440640,1,5,0,0,2.0,0.023132900008931756,0.0,,False,Mac,Windows,11,3.12.3,qwen3:4b,locality_prompt_v1,Windows exposes total process page-fault counts via GetProcessMemoryInfo; minor and major faults are unavailable.,102744223744.0,102744223744.0,0.0,71344787456.0,71341301760.0,-3485696.0,31399436288.0,31402921984.0,3485696.0,0.0,0.0,0.0,42774370816.0,42774617600.0,246784.0,76106559488.0,76106559488.0,0.0,819436.0,819448.0,12.0,3747836.0,3747836.0,0.0,1.0,1.0,0.0,125972480.0,125972480.0,0.0,866107392.0,866107392.0,0.0,0.515625,0.515625,0.0,3.03125,3.03125,0.0,24603937.0,24603937.0,0.0,5137214489.0,5137214489.0,0.0,,,,,,,66847.0,66847.0,0.0
pilot=1|mode=file_seq|requested=0.0200|actual_bytes=2054881280|trial=1,failed,[WinError 5] 拒绝访问。,2026-04-05T21:10:21.059279+00:00,2026-04-05T21:10:21.060279+00:00,True,file_seq__req_0.02x__actual_0.02x,file_seq,0.02,0.01999996890452929,2054881280,2054881280,1,5,0,0,2.0,0.0014375000027939677,0.0,,False,Mac,Windows,11,3.12.3,qwen3:4b,locality_prompt_v1,Windows exposes total process page-fault counts via GetProcessMemoryInfo; minor and major faults are unavailable.,102744223744.0,102744223744.0,0.0,71340843008.0,71340838912.0,-4096.0,31403380736.0,31403384832.0,4096.0,0.0,0.0,0.0,42774617600.0,42774617600.0,0.0,76106559488.0,76106559488.0,0.0,819448.0,819448.0,0.0,3747836.0,3747836.0,0.0,1.0,1.0,0.0,126435328.0,126435328.0,0.0,867168256.0,867168256.0,0.0,0.515625,0.515625,0.0,3.03125,3.03125,0.0,24799710.0,24799710.0,0.0,5137218178.0,5137218178.0,0.0,,,,,,,66964.0,66964.0,0.0
pilot=1|mode=file_seq|requested=0.0500|actual_bytes=5137207296|trial=1,failed,[WinError 5] 拒绝访问。,2026-04-05T21:10:21.062280+00:00,2026-04-05T21:10:21.062280+00:00,True,file_seq__req_0.05x__actual_0.05x,file_seq,0.05,0.049999962127311316,5137207296,5137207296,1,5,0,0,2.0,0.0011027000145986676,0.0,,False,Mac,Windows,11,3.12.3,qwen3:4b,locality_prompt_v1,Windows exposes total process page-fault counts via GetProcessMemoryInfo; minor and major faults are unavailable.,102744223744.0,102744223744.0,0.0,71340077056.0,71339945984.0,-131072.0,31404146688.0,31404277760.0,131072.0,0.0,0.0,0.0,42774617600.0,42774617600.0,0.0,76106559488.0,76106559488.0,0.0,819448.0,819448.0,0.0,3747836.0,3747836.0,0.0,1.0,1.0,0.0,126455808.0,126455808.0,0.0,867168256.0,867168256.0,0.0,0.515625,0.515625,0.0,3.03125,3.03125,0.0,24799710.0,24799710.0,0.0,5137221851.0,5137221851.0,0.0,,,,,,,66967.0,66967.0,0.0
pilot=1|mode=mmap_random|requested=0.0100|actual_bytes=1027440640|trial=1,failed,[WinError 5] 拒绝访问。,2026-04-05T21:10:21.063279+00:00,2026-04-05T21:10:21.064280+00:00,True,mmap_random__req_0.01x__actual_0.01x,mmap_random,0.01,0.009999984452264646,1027440640,1027440640,1,5,0,0,2.0,0.0010145999840460718,0.0,,False,Mac,Windows,11,3.12.3,qwen3:4b,locality_prompt_v1,Windows exposes total process page-fault counts via GetProcessMemoryInfo; minor and major faults are unavailable.,102744223744.0,102744223744.0,0.0,71339945984.0,71339945984.0,0.0,31404277760.0,31404277760.0,0.0,0.0,0.0,0.0,42774617600.0,42774617600.0,0.0,76106559488.0,76106559488.0,0.0,819448.0,819448.0,0.0,3747836.0,3747836.0,0.0,1.0,1.0,0.0,126459904.0,126459904.0,0.0,867168256.0,867168256.0,0.0,0.53125,0.53125,0.0,3.03125,3.03125,0.0,24799710.0,24799710.0,0.0,5137225543.0,5137225543.0,0.0,,,,,,,66969.0,66969.0,0.0
pilot=1|mode=mmap_random|requested=0.0200|actual_bytes=2054881280|trial=1,failed,[WinError 5] 拒绝访问。,2026-04-05T21:10:21.065283+00:00,2026-04-05T21:10:21.066280+00:00,True,mmap_random__req_0.02x__actual_0.02x,mmap_random,0.02,0.01999996890452929,2054881280,2054881280,1,5,0,0,2.0,0.0009797999518923461,0.0,,False,Mac,Windows,11,3.12.3,qwen3:4b,locality_prompt_v1,Windows exposes total process page-fault counts via GetProcessMemoryInfo; minor and major faults are unavailable.,102744223744.0,102744223744.0,0.0,71339675648.0,71339536384.0,-139264.0,31404548096.0,31404687360.0,139264.0,0.0,0.0,0.0,42774617600.0,42774617600.0,0.0,76106559488.0,76106559488.0,0.0,819448.0,819448.0,0.0,3747836.0,3747836.0,0.0,1.0,1.0,0.0,126484480.0,126484480.0,0.0,867168256.0,867168256.0,0.0,0.53125,0.53125,0.0,3.03125,3.03125,0.0,24799710.0,24799710.0,0.0,5137229233.0,5137229233.0,0.0,,,,,,,66975.0,66975.0,0.0
pilot=1|mode=mmap_random|requested=0.0500|actual_bytes=5137207296|trial=1,failed,[WinError 5] 拒绝访问。,2026-04-05T21:10:21.066280+00:00,2026-04-05T21:10:21.067280+00:00,True,mmap_random__req_0.05x__actual_0.05x,mmap_random,0.05,0.049999962127311316,5137207296,5137207296,1,5,0,0,2.0,0.0010204000282101333,0.0,,False,Mac,Windows,11,3.12.3,qwen3:4b,locality_prompt_v1,Windows exposes total process page-fault counts via GetProcessMemoryInfo; minor and major faults are unavailable.,102744223744.0,102744223744.0,0.0,71339405312.0,71339339776.0,-65536.0,31404818432.0,31404883968.0,65536.0,0.0,0.0,0.0,42774617600.0,42774617600.0,0.0,76106559488.0,76106559488.0,0.0,819448.0,819448.0,0.0,3747836.0,3747836.0,0.0,1.0,1.0,0.0,126500864.0,126500864.0,0.0,867168256.0,867168256.0,0.0,0.53125,0.53125,0.0,3.03125,3.03125,0.0,24799710.0,24799710.0,0.0,5137232929.0,5137232929.0,0.0,,,,,,,66979.0,66979.0,0.0
pilot=1|mode=anon|requested=0.0100|actual_bytes=1027440640|trial=1,failed,[WinError 5] 拒绝访问。,2026-04-05T21:10:21.068280+00:00,2026-04-05T21:10:21.069280+00:00,True,anon__req_0.01x__actual_0.01x,anon,0.01,0.009999984452264646,1027440640,1027440640,1,5,0,0,2.0,0.0009649000130593777,0.0,,False,Mac,Windows,11,3.12.3,qwen3:4b,locality_prompt_v1,Windows exposes total process page-fault counts via GetProcessMemoryInfo; minor and major faults are unavailable.,102744223744.0,102744223744.0,0.0,71339274240.0,71339143168.0,-131072.0,31404949504.0,31405080576.0,131072.0,0.0,0.0,0.0,42774617600.0,42774617600.0,0.0,76106559488.0,76106559488.0,0.0,819448.0,819448.0,0.0,3747836.0,3747836.0,0.0,1.0,1.0,0.0,126513152.0,126513152.0,0.0,867168256.0,867168256.0,0.0,0.53125,0.53125,0.0,3.03125,3.03125,0.0,24799710.0,24799710.0,0.0,5137236618.0,5137236618.0,0.0,,,,,,,66983.0,66983.0,0.0
pilot=1|mode=anon|requested=0.0200|actual_bytes=2054881280|trial=1,failed,[WinError 5] 拒绝访问。,2026-04-05T21:10:21.070280+00:00,2026-04-05T21:10:21.070280+00:00,True,anon__req_0.02x__actual_0.02x,anon,0.02,0.01999996890452929,2054881280,2054881280,1,5,0,0,2.0,0.0009697999921627343,0.0,,False,Mac,Windows,11,3.12.3,qwen3:4b,locality_prompt_v1,Windows exposes total process page-fault counts via GetProcessMemoryInfo; minor and major faults are unavailable.,102744223744.0,102744223744.0,0.0,71339143168.0,71339143168.0,0.0,31405080576.0,31405080576.0,0.0,0.0,0.0,0.0,42774617600.0,42774617600.0,0.0,76106559488.0,76106559488.0,0.0,819448.0,819448.0,0.0,3747836.0,3747836.0,0.0,1.0,1.0,0.0,126525440.0,126525440.0,0.0,867168256.0,867168256.0,0.0,0.53125,0.53125,0.0,3.03125,3.03125,0.0,24799710.0,24799710.0,0.0,5137240270.0,5137240270.0,0.0,,,,,,,66985.0,66985.0,0.0
pilot=1|mode=anon|requested=0.0500|actual_bytes=5137207296|trial=1,failed,[WinError 5] 拒绝访问。,2026-04-05T21:10:21.071280+00:00,2026-04-05T21:10:21.072290+00:00,True,anon__req_0.05x__actual_0.05x,anon,0.05,0.049999962127311316,5137207296,5137207296,1,5,0,0,2.0,0.0010569000151008368,0.0,,False,Mac,Windows,11,3.12.3,qwen3:4b,locality_prompt_v1,Windows exposes total process page-fault counts via GetProcessMemoryInfo; minor and major faults are unavailable.,102744223744.0,102744223744.0,0.0,71339077632.0,71339012096.0,-65536.0,31405146112.0,31405211648.0,65536.0,0.0,0.0,0.0,42774617600.0,42774617600.0,0.0,76106559488.0,76106559488.0,0.0,819448.0,819448.0,0.0,3747836.0,3747836.0,0.0,1.0,1.0,0.0,126550016.0,126550016.0,0.0,867168256.0,867168256.0,0.0,0.53125,0.53125,0.0,3.03125,3.03125,0.0,24799710.0,24799710.0,0.0,5137243906.0,5137243906.0,0.0,,,,,,,66990.0,66990.0,0.0
pilot=1|mode=none|requested=0.0000|actual_bytes=0|trial=1,completed,,2026-04-05T21:11:32.985823+00:00,2026-04-05T21:11:38.565533+00:00,True,none_baseline,none,0.0,0.0,0,0,1,5,5,0,0.0,5.580079499981366,4.968700500030536,,False,Mac,Windows,11,3.12.3,qwen3:4b,locality_prompt_v1,Windows exposes total process page-fault counts via GetProcessMemoryInfo; minor and major faults are unavailable.,102744223744.0,102744223744.0,0.0,71376408576.0,71374233600.0,-2174976.0,31367815168.0,31369990144.0,2174976.0,0.0,0.0,0.0,42775817216.0,42775817216.0,0.0,76124909568.0,76125339648.0,430080.0,819505.0,819505.0,0.0,3748733.0,3748771.0,38.0,1.0,1.0,0.0,122744832.0,126906368.0,4161536.0,866742272.0,867254272.0,512000.0,0.4375,0.453125,0.015625,1.53125,1.625,0.09375,23741263.0,23741968.0,705.0,2014.0,3561.0,1547.0,,,,,,,67730.0,67737.0,7.0
pilot=1|mode=file_seq|requested=0.0100|actual_bytes=1027440640|trial=1,completed,,2026-04-05T21:11:38.566575+00:00,2026-04-05T21:11:47.825520+00:00,True,file_seq__req_0.01x__actual_0.01x,file_seq,0.01,0.009999984452264646,1027440640,1027440640,1,5,5,0,2.0,9.260041300032753,5.417348100047093,53328,False,Mac,Windows,11,3.12.3,qwen3:4b,locality_prompt_v1,Windows exposes total process page-fault counts via GetProcessMemoryInfo; minor and major faults are unavailable.,102744223744.0,102744223744.0,0.0,71374090240.0,71420342272.0,46252032.0,31370133504.0,31323881472.0,-46252032.0,0.0,0.0,0.0,42775817216.0,42775835648.0,18432.0,76125339648.0,76126003200.0,663552.0,819505.0,819507.0,2.0,3748771.0,3748840.0,69.0,1.0,2.0,1.0,126914560.0,246554624.0,119640064.0,867254272.0,1731022848.0,863768576.0,0.453125,0.9375,0.484375,1.625,10.109375,8.484375,23741968.0,63094165155.0,63070423187.0,4952.0,8930.0,3978.0,,,,,,,67738.0,97209.0,29471.0
pilot=1|mode=file_seq|requested=0.0200|actual_bytes=2054881280|trial=1,completed,,2026-04-05T21:11:47.827522+00:00,2026-04-05T21:11:57.165101+00:00,True,file_seq__req_0.02x__actual_0.02x,file_seq,0.02,0.01999996890452929,2054881280,2054881280,1,5,5,0,2.0,9.337762399984058,5.488449700002093,9004,False,Mac,Windows,11,3.12.3,qwen3:4b,locality_prompt_v1,Windows exposes total process page-fault counts via GetProcessMemoryInfo; minor and major faults are unavailable.,102744223744.0,102744223744.0,0.0,71420403712.0,71401070592.0,-19333120.0,31323820032.0,31343153152.0,19333120.0,0.0,0.0,0.0,42775835648.0,42775835648.0,0.0,76126003200.0,76127166464.0,1163264.0,819507.0,819507.0,0.0,3748840.0,3749019.0,179.0,1.0,2.0,1.0,127315968.0,246685696.0,119369728.0,867262464.0,1731088384.0,863825920.0,0.453125,1.09375,0.640625,1.640625,10.015625,8.375,23969710.0,64344007604.0,64320037894.0,10395.0,14374.0,3979.0,,,,,,,67836.0,97262.0,29426.0
pilot=1|mode=file_seq|requested=0.0500|actual_bytes=5137207296|trial=1,completed,,2026-04-05T21:11:57.167102+00:00,2026-04-05T21:12:06.396498+00:00,True,file_seq__req_0.05x__actual_0.05x,file_seq,0.05,0.049999962127311316,5137207296,5137207296,1,5,5,0,2.0,9.230160399980377,5.3881043999572285,39632,False,Mac,Windows,11,3.12.3,qwen3:4b,locality_prompt_v1,Windows exposes total process page-fault counts via GetProcessMemoryInfo; minor and major faults are unavailable.,102744223744.0,102744223744.0,0.0,71401197568.0,71409037312.0,7839744.0,31343026176.0,31335186432.0,-7839744.0,0.0,0.0,0.0,42775835648.0,42775835648.0,0.0,76127166464.0,76127903744.0,737280.0,819507.0,819507.0,0.0,3749019.0,3749111.0,92.0,1.0,2.0,1.0,127348736.0,246960128.0,119611392.0,867262464.0,1731383296.0,864120832.0,0.453125,0.9375,0.484375,1.640625,10.078125,8.4375,24073407.0,62360582345.0,62336508938.0,15834.0,19819.0,3985.0,,,,,,,67845.0,97362.0,29517.0
pilot=1|mode=mmap_random|requested=0.0100|actual_bytes=1027440640|trial=1,completed,,2026-04-05T21:12:06.398498+00:00,2026-04-05T21:12:15.598939+00:00,True,mmap_random__req_0.01x__actual_0.01x,mmap_random,0.01,0.009999984452264646,1027440640,1027440640,1,5,5,0,2.0,9.201215600012802,5.2182737000402994,35472,False,Mac,Windows,11,3.12.3,qwen3:4b,locality_prompt_v1,Windows exposes total process page-fault counts via GetProcessMemoryInfo; minor and major faults are unavailable.,102744223744.0,102744223744.0,0.0,71409098752.0,71419604992.0,10506240.0,31335124992.0,31324618752.0,-10506240.0,0.0,0.0,0.0,42775835648.0,42775835648.0,0.0,76127903744.0,76128403456.0,499712.0,819507.0,819507.0,0.0,3749111.0,3749180.0,69.0,1.0,2.0,1.0,127381504.0,1270444032.0,1143062528.0,868315136.0,1730523136.0,862208000.0,0.453125,5.1875,4.734375,1.640625,5.828125,4.1875,24177106.0,47304153.0,23127047.0,21290.0,25320.0,4030.0,,,,,,,67852.0,347668.0,279816.0
pilot=1|mode=mmap_random|requested=0.0200|actual_bytes=2054881280|trial=1,completed,,2026-04-05T21:12:15.600945+00:00,2026-04-05T21:12:25.058357+00:00,True,mmap_random__req_0.02x__actual_0.02x,mmap_random,0.02,0.01999996890452929,2054881280,2054881280,1,5,5,0,2.0,9.458404399978463,5.3732696999795735,32284,False,Mac,Windows,11,3.12.3,qwen3:4b,locality_prompt_v1,Windows exposes total process page-fault counts via GetProcessMemoryInfo; minor and major faults are unavailable.,102744223744.0,102744223744.0,0.0,71419670528.0,71426342912.0,6672384.0,31324553216.0,31317880832.0,-6672384.0,0.0,0.0,0.0,42775835648.0,42775835648.0,0.0,76128403456.0,76129234944.0,831488.0,819507.0,819507.0,0.0,3749180.0,3749260.0,80.0,1.0,2.0,1.0,127401984.0,2286002176.0,2158600192.0,868315136.0,1732313088.0,863997952.0,0.453125,4.953125,4.5,1.65625,6.234375,4.578125,24280803.0,47407850.0,23127047.0,26803.0,30827.0,4024.0,,,,,,,67857.0,596153.0,528296.0
pilot=1|mode=mmap_random|requested=0.0500|actual_bytes=5137207296|trial=1,completed,,2026-04-05T21:12:25.060355+00:00,2026-04-05T21:12:34.695693+00:00,True,mmap_random__req_0.05x__actual_0.05x,mmap_random,0.05,0.049999962127311316,5137207296,5137207296,1,5,5,0,2.0,9.636764499999117,5.28648000000976,22952,False,Mac,Windows,11,3.12.3,qwen3:4b,locality_prompt_v1,Windows exposes total process page-fault counts via GetProcessMemoryInfo; minor and major faults are unavailable.,102744223744.0,102744223744.0,0.0,71426412544.0,71427096576.0,684032.0,31317811200.0,31317127168.0,-684032.0,0.0,0.0,0.0,42775835648.0,42775835648.0,0.0,76129234944.0,76129710080.0,475136.0,819507.0,819507.0,0.0,3749260.0,3749339.0,79.0,1.0,2.0,1.0,127401984.0,4507680768.0,4380278784.0,868315136.0,1737973760.0,869658624.0,0.453125,4.234375,3.78125,1.65625,6.8125,5.15625,24384500.0,47511551.0,23127051.0,32301.0,36333.0,4032.0,,,,,,,67857.0,1140015.0,1072158.0
pilot=1|mode=anon|requested=0.0100|actual_bytes=1027440640|trial=1,completed,,2026-04-05T21:12:34.697693+00:00,2026-04-05T21:12:44.769381+00:00,True,anon__req_0.01x__actual_0.01x,anon,0.01,0.009999984452264646,1027440640,1027440640,1,5,5,0,2.0,10.07268560002558,5.2293983999988995,47656,False,Mac,Windows,11,3.12.3,qwen3:4b,locality_prompt_v1,Windows exposes total process page-fault counts via GetProcessMemoryInfo; minor and major faults are unavailable.,102744223744.0,102744223744.0,0.0,71427158016.0,71471927296.0,44769280.0,31317065728.0,31272296448.0,-44769280.0,0.0,0.0,0.0,42775835648.0,42775835648.0,0.0,76129710080.0,76130267136.0,557056.0,819507.0,819507.0,0.0,3749339.0,3749417.0,78.0,1.0,2.0,1.0,127340544.0,1270276096.0,1142935552.0,868204544.0,1730125824.0,861921280.0,0.46875,4.96875,4.5,1.65625,7.015625,5.359375,24488199.0,47615142.0,23126943.0,37799.0,41603.0,3804.0,,,,,,,67857.0,347660.0,279803.0
pilot=1|mode=anon|requested=0.0200|actual_bytes=2054881280|trial=1,completed,,2026-04-05T21:12:44.771381+00:00,2026-04-05T21:12:55.969540+00:00,True,anon__req_0.02x__actual_0.02x,anon,0.02,0.01999996890452929,2054881280,2054881280,1,5,5,0,2.0,11.198691900004633,5.401652499975171,28048,False,Mac,Windows,11,3.12.3,qwen3:4b,locality_prompt_v1,Windows exposes total process page-fault counts via GetProcessMemoryInfo; minor and major faults are unavailable.,102744223744.0,102744223744.0,0.0,71471988736.0,70852694016.0,-619294720.0,31272235008.0,31891529728.0,619294720.0,0.0,0.0,0.0,42775835648.0,42775835648.0,0.0,76130267136.0,76131405824.0,1138688.0,819507.0,819507.0,0.0,3749417.0,3749532.0,115.0,1.0,2.0,1.0,127361024.0,2297573376.0,2170212352.0,868204544.0,1732014080.0,863809536.0,0.46875,5.46875,5.0,1.65625,7.4375,5.78125,24591896.0,47718839.0,23126943.0,43033.0,46835.0,3802.0,,,,,,,67862.0,598993.0,531131.0
pilot=1|mode=anon|requested=0.0500|actual_bytes=5137207296|trial=1,completed,,2026-04-05T21:12:55.971537+00:00,2026-04-05T21:13:09.924855+00:00,True,anon__req_0.05x__actual_0.05x,anon,0.05,0.049999962127311316,5137207296,5137207296,1,5,5,0,2.0,13.954908800020348,5.266422799963038,31884,False,Mac,Windows,11,3.12.3,qwen3:4b,locality_prompt_v1,Windows exposes total process page-fault counts via GetProcessMemoryInfo; minor and major faults are unavailable.,102744223744.0,102744223744.0,0.0,70848958464.0,71345729536.0,496771072.0,31895265280.0,31398494208.0,-496771072.0,0.0,0.0,0.0,42775835648.0,42775835648.0,0.0,76131405824.0,76135424000.0,4018176.0,819507.0,819507.0,0.0,3749532.0,3750031.0,499.0,1.0,2.0,1.0,127377408.0,5379817472.0,5252440064.0,868204544.0,1737834496.0,869629952.0,0.46875,6.453125,5.984375,1.65625,8.984375,7.328125,24695593.0,47822540.0,23126947.0,48261.0,52077.0,3816.0,,,,,,,67866.0,1352970.0,1285104.0
pilot=0|mode=none|requested=0.0000|actual_bytes=0|trial=1,completed,,2026-04-05T21:16:19.308217+00:00,2026-04-05T21:16:39.869582+00:00,False,none_baseline,none,0.0,0.0,0,0,1,20,20,0,0.0,20.561679500038736,20.002037399972323,,False,Mac,Windows,11,3.12.3,qwen3:4b,locality_prompt_v1,Windows exposes total process page-fault counts via GetProcessMemoryInfo; minor and major faults are unavailable.,102744223744.0,102744223744.0,0.0,72295419904.0,72299728896.0,4308992.0,30448803840.0,30444494848.0,-4308992.0,0.0,0.0,0.0,42824570880.0,42826056704.0,1485824.0,225205542912.0,225208238080.0,2695168.0,821199.0,821306.0,107.0,3902984.0,3903420.0,436.0,1.0,1.0,0.0,123920384.0,128045056.0,4124672.0,867803136.0,868294656.0,491520.0,0.75,0.78125,0.03125,32.859375,32.921875,0.0625,23763009.0,23765049.0,2040.0,148979128324.0,148979133784.0,5460.0,,,,,,,70207.0,70214.0,7.0
pilot=0|mode=none|requested=0.0000|actual_bytes=0|trial=2,completed,,2026-04-05T21:16:39.871144+00:00,2026-04-05T21:17:00.175917+00:00,False,none_baseline,none,0.0,0.0,0,0,2,20,20,0,0.0,20.305104000028223,20.30346130003454,,False,Mac,Windows,11,3.12.3,qwen3:4b,locality_prompt_v1,Windows exposes total process page-fault counts via GetProcessMemoryInfo; minor and major faults are unavailable.,102744223744.0,102744223744.0,0.0,72299663360.0,72321232896.0,21569536.0,30444560384.0,30422990848.0,-21569536.0,0.0,0.0,0.0,42826060800.0,42826951168.0,890368.0,225208238080.0,225209303040.0,1064960.0,821307.0,821364.0,57.0,3903420.0,3903572.0,152.0,1.0,1.0,0.0,128053248.0,128069632.0,16384.0,868294656.0,868294656.0,0.0,0.78125,0.78125,0.0,32.921875,32.9375,0.015625,23765049.0,23766829.0,1780.0,148979135188.0,148979140415.0,5227.0,,,,,,,70217.0,70220.0,3.0
pilot=0|mode=none|requested=0.0000|actual_bytes=0|trial=3,completed,,2026-04-05T21:17:00.176993+00:00,2026-04-05T21:17:21.336549+00:00,False,none_baseline,none,0.0,0.0,0,0,3,20,20,0,0.0,21.160304100019857,21.15856700000586,,False,Mac,Windows,11,3.12.3,qwen3:4b,locality_prompt_v1,Windows exposes total process page-fault counts via GetProcessMemoryInfo; minor and major faults are unavailable.,102744223744.0,102744223744.0,0.0,72321462272.0,72334585856.0,13123584.0,30422761472.0,30409637888.0,-13123584.0,0.0,0.0,0.0,42826951168.0,42834376704.0,7425536.0,225209303040.0,225211375616.0,2072576.0,821364.0,821546.0,182.0,3903572.0,3903810.0,238.0,1.0,1.0,0.0,128073728.0,128045056.0,-28672.0,868294656.0,868200448.0,-94208.0,0.78125,0.828125,0.046875,32.9375,32.953125,0.015625,23766829.0,23768609.0,1780.0,148979141810.0,148979147048.0,5238.0,,,,,,,70221.0,70226.0,5.0
pilot=0|mode=file_seq|requested=0.2500|actual_bytes=25686052864|trial=1,completed,,2026-04-05T21:17:21.338136+00:00,2026-04-05T21:17:48.321269+00:00,False,file_seq__req_0.25x__actual_0.25x,file_seq,0.25,0.24999997010050892,25686052864,25686052864,1,20,20,0,2.0,26.984615699970163,22.554764000000432,46540,False,Mac,Windows,11,3.12.3,qwen3:4b,locality_prompt_v1,Windows exposes total process page-fault counts via GetProcessMemoryInfo; minor and major faults are unavailable.,102744223744.0,102744223744.0,0.0,72334581760.0,72350044160.0,15462400.0,30409641984.0,30394179584.0,-15462400.0,0.0,0.0,0.0,42834376704.0,68559758336.0,25725381632.0,225211375616.0,225212940288.0,1564672.0,821546.0,840718.0,19172.0,3903810.0,3904030.0,220.0,1.0,2.0,1.0,128049152.0,247775232.0,119726080.0,868200448.0,1733226496.0,865026048.0,0.828125,1.734375,0.90625,32.953125,55.28125,22.328125,23768609.0,195573939657.0,195550171048.0,148979148477.0,148979157534.0,9057.0,,,,,,,70226.0,99776.0,29550.0
pilot=0|mode=file_seq|requested=0.2500|actual_bytes=25686052864|trial=2,completed,,2026-04-05T21:17:48.323268+00:00,2026-04-05T21:18:15.284557+00:00,False,file_seq__req_0.25x__actual_0.25x,file_seq,0.25,0.24999997010050892,25686052864,25686052864,2,20,20,0,2.0,26.962226000032388,22.846285000036005,44676,False,Mac,Windows,11,3.12.3,qwen3:4b,locality_prompt_v1,Windows exposes total process page-fault counts via GetProcessMemoryInfo; minor and major faults are unavailable.,102744223744.0,102744223744.0,0.0,72350040064.0,72339316736.0,-10723328.0,30394183680.0,30404907008.0,10723328.0,0.0,0.0,0.0,68559758336.0,68561125376.0,1367040.0,225212940288.0,225215963136.0,3022848.0,840718.0,840814.0,96.0,3904030.0,3904479.0,449.0,1.0,2.0,1.0,128425984.0,247926784.0,119500800.0,869265408.0,1733206016.0,863940608.0,0.828125,1.65625,0.828125,32.984375,58.546875,25.5625,23997688.0,234426162320.0,234402164632.0,148979159047.0,148979168101.0,9054.0,,,,,,,70319.0,99780.0,29461.0
pilot=0|mode=file_seq|requested=0.2500|actual_bytes=25686052864|trial=3,completed,,2026-04-05T21:18:15.286559+00:00,2026-04-05T21:18:42.380056+00:00,False,file_seq__req_0.25x__actual_0.25x,file_seq,0.25,0.24999997010050892,25686052864,25686052864,3,20,20,0,2.0,27.09457889996702,22.835504600021522,49472,False,Mac,Windows,11,3.12.3,qwen3:4b,locality_prompt_v1,Windows exposes total process page-fault counts via GetProcessMemoryInfo; minor and major faults are unavailable.,102744223744.0,102744223744.0,0.0,72339398656.0,72356888576.0,17489920.0,30404825088.0,30387335168.0,-17489920.0,0.0,0.0,0.0,68561125376.0,68561806336.0,680960.0,225215963136.0,225217818624.0,1855488.0,840814.0,840915.0,101.0,3904479.0,3904753.0,274.0,1.0,2.0,1.0,128446464.0,247779328.0,119332864.0,869265408.0,1733099520.0,863834112.0,0.890625,1.578125,0.6875,33.015625,58.640625,25.625,24102722.0,231322482394.0,231298379672.0,148979169606.0,148979178660.0,9054.0,,,,,,,70324.0,99863.0,29539.0
pilot=0|mode=file_seq|requested=0.5000|actual_bytes=51372109824|trial=1,completed,,2026-04-05T21:18:42.382056+00:00,2026-04-05T21:19:09.783379+00:00,False,file_seq__req_0.50x__actual_0.50x,file_seq,0.5,0.49999998006700597,51372109824,51372109824,1,20,20,0,2.0,27.401725099945907,23.215130299970042,51864,False,Mac,Windows,11,3.12.3,qwen3:4b,locality_prompt_v1,Windows exposes total process page-fault counts via GetProcessMemoryInfo; minor and major faults are unavailable.,102744223744.0,102744223744.0,0.0,72356950016.0,72319963136.0,-36986880.0,30387273728.0,30424260608.0,36986880.0,0.0,0.0,0.0,68561806336.0,94317671424.0,25755865088.0,225217818624.0,225233223680.0,15405056.0,840915.0,859483.0,18568.0,3904753.0,3905481.0,728.0,1.0,2.0,1.0,128417792.0,247422976.0,119005184.0,869191680.0,1732542464.0,863350784.0,0.890625,1.703125,0.8125,33.046875,56.34375,23.296875,24207756.0,192759652533.0,192735444777.0,148979180162.0,148979189205.0,9043.0,,,,,,,70327.0,99669.0,29342.0
pilot=0|mode=file_seq|requested=0.5000|actual_bytes=51372109824|trial=2,completed,,2026-04-05T21:19:09.785379+00:00,2026-04-05T21:19:37.072907+00:00,False,file_seq__req_0.50x__actual_0.50x,file_seq,0.5,0.49999998006700597,51372109824,51372109824,2,20,20,0,2.0,27.288280499982648,22.969338199996855,9576,False,Mac,Windows,11,3.12.3,qwen3:4b,locality_prompt_v1,Windows exposes total process page-fault counts via GetProcessMemoryInfo; minor and major faults are unavailable.,102744223744.0,102744223744.0,0.0,72320024576.0,72170921984.0,-149102592.0,30424199168.0,30573301760.0,149102592.0,0.0,0.0,0.0,94317671424.0,94398343168.0,80671744.0,225233223680.0,225293369344.0,60145664.0,859483.0,863173.0,3690.0,3905481.0,3907487.0,2006.0,1.0,2.0,1.0,128417792.0,247939072.0,119521280.0,869191680.0,1733066752.0,863875072.0,0.9375,1.84375,0.90625,33.078125,59.0,25.921875,24312790.0,219024874350.0,219000561560.0,148979190717.0,148979199752.0,9035.0,,,,,,,70327.0,99777.0,29450.0
pilot=0|mode=file_seq|requested=0.5000|actual_bytes=51372109824|trial=3,completed,,2026-04-05T21:19:37.075140+00:00,2026-04-05T21:20:04.749714+00:00,False,file_seq__req_0.50x__actual_0.50x,file_seq,0.5,0.49999998006700597,51372109824,51372109824,3,20,20,0,2.0,27.676259999978356,23.36528410000028,54740,False,Mac,Windows,11,3.12.3,qwen3:4b,locality_prompt_v1,Windows exposes total process page-fault counts via GetProcessMemoryInfo; minor and major faults are unavailable.,102744223744.0,102744223744.0,0.0,72171012096.0,72204505088.0,33492992.0,30573211648.0,30539718656.0,-33492992.0,0.0,0.0,0.0,94398343168.0,94416144896.0,17801728.0,225293369344.0,225359118336.0,65748992.0,863173.0,863530.0,357.0,3907487.0,3909061.0,1574.0,1.0,2.0,1.0,128425984.0,248172544.0,119746560.0,869154816.0,1733332992.0,864178176.0,0.984375,1.875,0.890625,33.109375,59.40625,26.296875,24417824.0,219113059768.0,219088641944.0,148979201256.0,148979210295.0,9039.0,,,,,,,70334.0,99838.0,29504.0
pilot=0|mode=file_seq|requested=0.9000|actual_bytes=92469800960|trial=1,completed,,2026-04-05T21:20:04.752722+00:00,2026-04-05T21:20:32.417742+00:00,False,file_seq__req_0.90x__actual_0.90x,file_seq,0.9,0.8999999960134012,92469800960,92469800960,1,20,20,0,2.0,27.665955499978736,23.40882589999819,53828,False,Mac,Windows,11,3.12.3,qwen3:4b,locality_prompt_v1,Windows exposes total process page-fault counts via GetProcessMemoryInfo; minor and major faults are unavailable.,102744223744.0,102744223744.0,0.0,72204562432.0,72338984960.0,134422528.0,30539661312.0,30405238784.0,-134422528.0,0.0,0.0,0.0,94416144896.0,167685935104.0,73269790208.0,225359118336.0,225405048832.0,45930496.0,863530.0,913190.0,49660.0,3909061.0,3909893.0,832.0,1.0,2.0,1.0,128581632.0,248299520.0,119717888.0,869228544.0,1733410816.0,864182272.0,1.046875,1.765625,0.71875,33.125,51.421875,18.296875,24522858.0,124675293186.0,124650770328.0,148979211801.0,148979220817.0,9016.0,,,,,,,70375.0,99885.0,29510.0
pilot=0|mode=file_seq|requested=0.9000|actual_bytes=92469800960|trial=2,completed,,2026-04-05T21:20:32.419796+00:00,2026-04-05T21:21:00.268046+00:00,False,file_seq__req_0.90x__actual_0.90x,file_seq,0.9,0.8999999960134012,92469800960,92469800960,2,20,20,0,2.0,27.849595799983945,23.304409999982454,9784,False,Mac,Windows,11,3.12.3,qwen3:4b,locality_prompt_v1,Windows exposes total process page-fault counts via GetProcessMemoryInfo; minor and major faults are unavailable.,102744223744.0,102744223744.0,0.0,72339046400.0,72294301696.0,-44744704.0,30405177344.0,30449922048.0,44744704.0,0.0,0.0,0.0,167685939200.0,247056764928.0,79370825728.0,225405048832.0,225409570816.0,4521984.0,913191.0,968002.0,54811.0,3909893.0,3910469.0,576.0,1.0,2.0,1.0,128589824.0,247394304.0,118804480.0,869228544.0,1732538368.0,863309824.0,1.0625,1.828125,0.765625,33.125,50.078125,16.953125,24627892.0,111509477964.0,111484850072.0,148979222329.0,148979231348.0,9019.0,,,,,,,70376.0,99909.0,29533.0
pilot=0|mode=file_seq|requested=0.9000|actual_bytes=92469800960|trial=3,completed,,2026-04-05T21:21:00.270046+00:00,2026-04-05T21:21:28.552686+00:00,False,file_seq__req_0.90x__actual_0.90x,file_seq,0.9,0.8999999960134012,92469800960,92469800960,3,20,20,0,2.0,28.2833757000044,23.75264550000429,17896,False,Mac,Windows,11,3.12.3,qwen3:4b,locality_prompt_v1,Windows exposes total process page-fault counts via GetProcessMemoryInfo; minor and major faults are unavailable.,102744223744.0,102744223744.0,0.0,72294363136.0,73861066752.0,1566703616.0,30449860608.0,28883156992.0,-1566703616.0,0.0,0.0,0.0,247056765952.0,332126519296.0,85069753344.0,225409570816.0,225412384768.0,2813952.0,968003.0,1027111.0,59108.0,3910469.0,3910814.0,345.0,1.0,2.0,1.0,128589824.0,247873536.0,119283712.0,869228544.0,1733103616.0,863875072.0,1.125,1.921875,0.796875,33.15625,50.1875,17.03125,24732926.0,104018556054.0,103993823128.0,148979232857.0,148979241876.0,9019.0,,,,,,,70376.0,99806.0,29430.0
pilot=0|mode=file_seq|requested=1.1000|actual_bytes=113018642432|trial=1,completed,,2026-04-05T21:21:28.555688+00:00,2026-04-05T21:21:57.031533+00:00,False,file_seq__req_1.10x__actual_1.10x,file_seq,1.1,1.0999999641206106,113018642432,113018642432,1,20,20,0,2.0,28.476758799981326,23.916776300000492,53272,False,Mac,Windows,11,3.12.3,qwen3:4b,locality_prompt_v1,Windows exposes total process page-fault counts via GetProcessMemoryInfo; minor and major faults are unavailable.,102744223744.0,102744223744.0,0.0,73861124096.0,73911758848.0,50634752.0,28883099648.0,28832464896.0,-50634752.0,0.0,0.0,0.0,332126521344.0,421140594688.0,89014073344.0,225412384768.0,225414264832.0,1880064.0,1027112.0,1088389.0,61277.0,3910814.0,3911065.0,251.0,1.0,2.0,1.0,128569344.0,248033280.0,119463936.0,869191680.0,1733181440.0,863989760.0,1.125,1.96875,0.84375,33.171875,49.546875,16.375,24837960.0,100531019490.0,100506181530.0,148979243390.0,148979252479.0,9089.0,,,,,,,70376.0,99810.0,29434.0
pilot=0|mode=file_seq|requested=1.1000|actual_bytes=113018642432|trial=2,completed,,2026-04-05T21:21:57.033533+00:00,2026-04-05T21:22:25.329305+00:00,False,file_seq__req_1.10x__actual_1.10x,file_seq,1.1,1.0999999641206106,113018642432,113018642432,2,20,20,0,2.0,28.296600300003774,23.682990700006485,40164,False,Mac,Windows,11,3.12.3,qwen3:4b,locality_prompt_v1,Windows exposes total process page-fault counts via GetProcessMemoryInfo; minor and major faults are unavailable.,102744223744.0,102744223744.0,0.0,73911816192.0,73926078464.0,14262272.0,28832407552.0,28818145280.0,-14262272.0,0.0,0.0,0.0,421140597760.0,513633310208.0,92492712448.0,225414264832.0,225416263680.0,1998848.0,1088390.0,1152039.0,63649.0,3911065.0,3911333.0,268.0,1.0,2.0,1.0,128552960.0,247947264.0,119394304.0,869154816.0,1733070848.0,863916032.0,1.140625,1.828125,0.6875,33.1875,48.78125,15.59375,24942994.0,92494838060.0,92469895066.0,148979253999.0,148979263086.0,9087.0,,,,,,,70377.0,99904.0,29527.0
pilot=0|mode=file_seq|requested=1.1000|actual_bytes=113018642432|trial=3,completed,,2026-04-05T21:22:25.331606+00:00,2026-04-05T21:22:54.131965+00:00,False,file_seq__req_1.10x__actual_1.10x,file_seq,1.1,1.0999999641206106,113018642432,113018642432,3,20,20,0,2.0,28.80115489999298,24.12852369999746,53148,False,Mac,Windows,11,3.12.3,qwen3:4b,locality_prompt_v1,Windows exposes total process page-fault counts via GetProcessMemoryInfo; minor and major faults are unavailable.,102744223744.0,102744223744.0,0.0,73926139904.0,73893732352.0,-32407552.0,28818083840.0,28850491392.0,32407552.0,0.0,0.0,0.0,513633314304.0,606510667264.0,92877352960.0,225416263680.0,225418323968.0,2060288.0,1152040.0,1216081.0,64041.0,3911333.0,3911613.0,280.0,1.0,2.0,1.0,128561152.0,247881728.0,119320576.0,869154816.0,1732907008.0,863752192.0,1.140625,1.984375,0.84375,33.21875,49.265625,16.046875,25048028.0,92880819062.0,92855771034.0,148979264606.0,148979273690.0,9084.0,,,,,,,70379.0,99817.0,29438.0
pilot=0|mode=file_seq|requested=1.5000|actual_bytes=154116333568|trial=1,completed,,2026-04-05T21:22:54.134157+00:00,2026-04-05T21:23:23.010210+00:00,False,file_seq__req_1.50x__actual_1.50x,file_seq,1.5,1.4999999800670059,154116333568,154116333568,1,20,20,0,2.0,28.877265999966767,24.07267010002397,35904,False,Mac,Windows,11,3.12.3,qwen3:4b,locality_prompt_v1,Windows exposes total process page-fault counts via GetProcessMemoryInfo; minor and major faults are unavailable.,102744223744.0,102744223744.0,0.0,73893535744.0,73915576320.0,22040576.0,28850688000.0,28828647424.0,-22040576.0,0.0,0.0,0.0,606510668288.0,698483344384.0,91972676096.0,225418323968.0,225431599104.0,13275136.0,1216082.0,1279581.0,63499.0,3911613.0,3911929.0,316.0,1.0,2.0,1.0,128540672.0,247504896.0,118964224.0,869117952.0,1732476928.0,863358976.0,1.1875,2.265625,1.078125,33.21875,48.9375,15.71875,25153062.0,91974954432.0,91949801370.0,148979275212.0,148979284303.0,9091.0,,,,,,,70379.0,99744.0,29365.0
pilot=0|mode=file_seq|requested=1.5000|actual_bytes=154116333568|trial=2,completed,,2026-04-05T21:23:23.012850+00:00,2026-04-05T21:23:51.912421+00:00,False,file_seq__req_1.50x__actual_1.50x,file_seq,1.5,1.4999999800670059,154116333568,154116333568,2,20,20,0,2.0,28.900633900018875,24.148666199995205,28800,False,Mac,Windows,11,3.12.3,qwen3:4b,locality_prompt_v1,Windows exposes total process page-fault counts via GetProcessMemoryInfo; minor and major faults are unavailable.,102744223744.0,102744223744.0,0.0,73915637760.0,73978413056.0,62775296.0,28828585984.0,28765810688.0,-62775296.0,0.0,0.0,0.0,698483346432.0,790900083200.0,92416736768.0,225431599104.0,225435260928.0,3661824.0,1279582.0,1343708.0,64126.0,3911929.0,3912423.0,494.0,1.0,2.0,1.0,128544768.0,247762944.0,119218176.0,869117952.0,1733111808.0,863993856.0,1.234375,2.15625,0.921875,33.265625,49.34375,16.078125,25258096.0,92419655690.0,92394397594.0,148979285823.0,148979294916.0,9093.0,,,,,,,70380.0,100011.0,29631.0
pilot=0|mode=file_seq|requested=1.5000|actual_bytes=154116333568|trial=3,completed,,2026-04-05T21:23:51.914759+00:00,2026-04-05T21:24:20.773633+00:00,False,file_seq__req_1.50x__actual_1.50x,file_seq,1.5,1.4999999800670059,154116333568,154116333568,3,20,20,0,2.0,28.859907900041435,24.01734750001924,11528,False,Mac,Windows,11,3.12.3,qwen3:4b,locality_prompt_v1,Windows exposes total process page-fault counts via GetProcessMemoryInfo; minor and major faults are unavailable.,102744223744.0,102744223744.0,0.0,73978470400.0,73912578048.0,-65892352.0,28765753344.0,28831645696.0,65892352.0,0.0,0.0,0.0,790900086272.0,881251409920.0,90351323648.0,225435260928.0,225437751296.0,2490368.0,1343709.0,1406428.0,62719.0,3912423.0,3912716.0,293.0,1.0,2.0,1.0,128544768.0,248049664.0,119504896.0,869117952.0,1733283840.0,864165888.0,1.265625,2.3125,1.046875,33.296875,49.421875,16.125,25363130.0,90326803028.0,90301439898.0,148979296441.0,148979305536.0,9095.0,,,,,,,70380.0,99820.0,29440.0
pilot=0|mode=mmap_random|requested=0.2500|actual_bytes=25686052864|trial=1,completed,,2026-04-05T21:24:20.775635+00:00,2026-04-05T21:24:49.442074+00:00,False,mmap_random__req_0.25x__actual_0.25x,mmap_random,0.25,0.24999997010050892,25686052864,25686052864,1,20,20,0,2.0,28.6665957000223,23.67786769999657,20636,False,Mac,Windows,11,3.12.3,qwen3:4b,locality_prompt_v1,Windows exposes total process page-fault counts via GetProcessMemoryInfo; minor and major faults are unavailable.,102744223744.0,102744223744.0,0.0,73912643584.0,73951830016.0,39186432.0,28831580160.0,28792393728.0,-39186432.0,0.0,0.0,0.0,881251414016.0,890693938176.0,9442524160.0,225437751296.0,225439471616.0,1720320.0,1406429.0,1551174.0,144745.0,3912716.0,3912893.0,177.0,1.0,2.0,1.0,128548864.0,1138823168.0,1010274304.0,869117952.0,1778917376.0,909799424.0,1.34375,2.96875,1.625,33.3125,40.1875,6.875,25468164.0,48708767.0,23240603.0,148979307058.0,148979316306.0,9248.0,,,,,,,70381.0,329633.0,259252.0
pilot=0|mode=mmap_random|requested=0.2500|actual_bytes=25686052864|trial=2,completed,,2026-04-05T21:24:49.444074+00:00,2026-04-05T21:25:18.399295+00:00,False,mmap_random__req_0.25x__actual_0.25x,mmap_random,0.25,0.24999997010050892,25686052864,25686052864,2,20,20,0,2.0,28.956815799989272,23.77404819999356,47632,False,Mac,Windows,11,3.12.3,qwen3:4b,locality_prompt_v1,Windows exposes total process page-fault counts via GetProcessMemoryInfo; minor and major faults are unavailable.,102744223744.0,102744223744.0,0.0,73951830016.0,73833091072.0,-118738944.0,28792393728.0,28911132672.0,118738944.0,0.0,0.0,0.0,890693938176.0,899761201664.0,9067263488.0,225439471616.0,225443055616.0,3584000.0,1551174.0,1689629.0,138455.0,3912893.0,3913273.0,380.0,1.0,2.0,1.0,128565248.0,1964859392.0,1836294144.0,869117952.0,1779343360.0,910225408.0,1.359375,3.671875,2.3125,33.3125,40.234375,6.921875,25573198.0,48813801.0,23240603.0,148979317826.0,148979327075.0,9249.0,,,,,,,70385.0,531293.0,460908.0
pilot=0|mode=mmap_random|requested=0.2500|actual_bytes=25686052864|trial=3,completed,,2026-04-05T21:25:18.401295+00:00,2026-04-05T21:25:46.802096+00:00,False,mmap_random__req_0.25x__actual_0.25x,mmap_random,0.25,0.24999997010050892,25686052864,25686052864,3,20,20,0,2.0,28.40206880000187,23.414699199958704,51476,False,Mac,Windows,11,3.12.3,qwen3:4b,locality_prompt_v1,Windows exposes total process page-fault counts via GetProcessMemoryInfo; minor and major faults are unavailable.,102744223744.0,102744223744.0,0.0,73833259008.0,73860804608.0,27545600.0,28910964736.0,28883419136.0,-27545600.0,0.0,0.0,0.0,899761201664.0,908238194176.0,8476992512.0,225443055616.0,225444730880.0,1675264.0,1689629.0,1819094.0,129465.0,3913273.0,3913515.0,242.0,1.0,2.0,1.0,128606208.0,2715906048.0,2587299840.0,869191680.0,1779372032.0,910180352.0,1.40625,3.53125,2.125,33.3125,40.796875,7.484375,25678232.0,48918835.0,23240603.0,148979328607.0,148979337860.0,9253.0,,,,,,,70397.0,714595.0,644198.0
pilot=0|mode=mmap_random|requested=0.5000|actual_bytes=51372109824|trial=1,completed,,2026-04-05T21:25:46.805096+00:00,2026-04-05T21:26:15.914273+00:00,False,mmap_random__req_0.50x__actual_0.50x,mmap_random,0.5,0.49999998006700597,51372109824,51372109824,1,20,20,0,2.0,29.110354600008577,23.860870399978012,15816,False,Mac,Windows,11,3.12.3,qwen3:4b,locality_prompt_v1,Windows exposes total process page-fault counts via GetProcessMemoryInfo; minor and major faults are unavailable.,102744223744.0,102744223744.0,0.0,73861251072.0,73796796416.0,-64454656.0,28882972672.0,28947427328.0,64454656.0,0.0,0.0,0.0,908238194176.0,917171767808.0,8933573632.0,225444730880.0,225448032256.0,3301376.0,1819094.0,1955371.0,136277.0,3913515.0,3913951.0,436.0,1.0,2.0,1.0,128606208.0,1927925760.0,1799319552.0,869191680.0,1829421056.0,960229376.0,1.484375,3.5,2.015625,33.3125,40.34375,7.03125,25783266.0,49023869.0,23240603.0,148979339387.0,148979348617.0,9230.0,,,,,,,70397.0,534504.0,464107.0
pilot=0|mode=mmap_random|requested=0.5000|actual_bytes=51372109824|trial=2,completed,,2026-04-05T21:26:15.916553+00:00,2026-04-05T21:26:44.730445+00:00,False,mmap_random__req_0.50x__actual_0.50x,mmap_random,0.5,0.49999998006700597,51372109824,51372109824,2,20,20,0,2.0,28.814972100022715,23.47356850001961,12100,False,Mac,Windows,11,3.12.3,qwen3:4b,locality_prompt_v1,Windows exposes total process page-fault counts via GetProcessMemoryInfo; minor and major faults are unavailable.,102744223744.0,102744223744.0,0.0,73796861952.0,73894547456.0,97685504.0,28947361792.0,28849676288.0,-97685504.0,0.0,0.0,0.0,917171767808.0,925215948288.0,8044180480.0,225448032256.0,225449818112.0,1785856.0,1955371.0,2078334.0,122963.0,3913951.0,3914192.0,241.0,1.0,2.0,1.0,128565248.0,3396034560.0,3267469312.0,869117952.0,1829363712.0,960245760.0,1.484375,4.375,2.890625,33.359375,41.21875,7.859375,25888300.0,49128903.0,23240603.0,148979350142.0,148979359365.0,9223.0,,,,,,,70397.0,893002.0,822605.0
pilot=0|mode=mmap_random|requested=0.5000|actual_bytes=51372109824|trial=3,completed,,2026-04-05T21:26:44.732445+00:00,2026-04-05T21:27:13.797469+00:00,False,mmap_random__req_0.50x__actual_0.50x,mmap_random,0.5,0.49999998006700597,51372109824,51372109824,3,20,20,0,2.0,29.065443100000266,23.717181000043638,36700,False,Mac,Windows,11,3.12.3,qwen3:4b,locality_prompt_v1,Windows exposes total process page-fault counts via GetProcessMemoryInfo; minor and major faults are unavailable.,102744223744.0,102744223744.0,0.0,73894608896.0,73874067456.0,-20541440.0,28849614848.0,28870156288.0,20541440.0,0.0,0.0,0.0,925215948288.0,932653297152.0,7437348864.0,225449818112.0,225451812864.0,1994752.0,2078334.0,2192101.0,113767.0,3914192.0,3914460.0,268.0,1.0,2.0,1.0,128569344.0,4722044928.0,4593475584.0,869117952.0,1829535744.0,960417792.0,1.515625,4.921875,3.40625,33.375,42.09375,8.71875,25993334.0,49233937.0,23240603.0,148979360894.0,148979370123.0,9229.0,,,,,,,70398.0,1216716.0,1146318.0
pilot=0|mode=mmap_random|requested=0.9000|actual_bytes=92469800960|trial=1,completed,,2026-04-05T21:27:13.799469+00:00,2026-04-05T21:27:43.362739+00:00,False,mmap_random__req_0.90x__actual_0.90x,mmap_random,0.9,0.8999999960134012,92469800960,92469800960,1,20,20,0,2.0,29.56427580001764,23.957421400002204,35904,False,Mac,Windows,11,3.12.3,qwen3:4b,locality_prompt_v1,Windows exposes total process page-fault counts via GetProcessMemoryInfo; minor and major faults are unavailable.,102744223744.0,102744223744.0,0.0,73874063360.0,73935429632.0,61366272.0,28870160384.0,28808794112.0,-61366272.0,0.0,0.0,0.0,932653297152.0,940960092672.0,8306795520.0,225451812864.0,225464457216.0,12644352.0,2192101.0,2319190.0,127089.0,3914460.0,3914715.0,255.0,1.0,2.0,1.0,128569344.0,2754027520.0,2625458176.0,869117952.0,1909497856.0,1040379904.0,1.53125,4.1875,2.65625,33.390625,41.296875,7.90625,26098368.0,49338971.0,23240603.0,148979371653.0,148979380873.0,9220.0,,,,,,,70398.0,755821.0,685423.0
pilot=0|mode=mmap_random|requested=0.9000|actual_bytes=92469800960|trial=2,completed,,2026-04-05T21:27:43.364965+00:00,2026-04-05T21:28:13.330226+00:00,False,mmap_random__req_0.90x__actual_0.90x,mmap_random,0.9,0.8999999960134012,92469800960,92469800960,2,20,20,0,2.0,29.966014600009657,24.232325699995272,39356,False,Mac,Windows,11,3.12.3,qwen3:4b,locality_prompt_v1,Windows exposes total process page-fault counts via GetProcessMemoryInfo; minor and major faults are unavailable.,102744223744.0,102744223744.0,0.0,73935495168.0,73860009984.0,-75485184.0,28808728576.0,28884213760.0,75485184.0,0.0,0.0,0.0,940960092672.0,948270120448.0,7310027776.0,225464457216.0,225466644480.0,2187264.0,2319190.0,2431117.0,111927.0,3914715.0,3914997.0,282.0,1.0,2.0,1.0,128569344.0,4896989184.0,4768419840.0,869117952.0,1910247424.0,1041129472.0,1.5625,5.25,3.6875,33.40625,42.59375,9.1875,26203402.0,49444005.0,23240603.0,148979382402.0,148979391614.0,9212.0,,,,,,,70398.0,1279059.0,1208661.0
pilot=0|mode=mmap_random|requested=0.9000|actual_bytes=92469800960|trial=3,completed,,2026-04-05T21:28:13.332226+00:00,2026-04-05T21:28:43.091510+00:00,False,mmap_random__req_0.90x__actual_0.90x,mmap_random,0.9,0.8999999960134012,92469800960,92469800960,3,20,20,0,2.0,29.759981100040022,23.865227399975993,40700,False,Mac,Windows,11,3.12.3,qwen3:4b,locality_prompt_v1,Windows exposes total process page-fault counts via GetProcessMemoryInfo; minor and major faults are unavailable.,102744223744.0,102744223744.0,0.0,73860075520.0,73891311616.0,31236096.0,28884148224.0,28852912128.0,-31236096.0,0.0,0.0,0.0,948270120448.0,954475246080.0,6205125632.0,225466644480.0,225468844032.0,2199552.0,2431117.0,2526285.0,95168.0,3914997.0,3915287.0,290.0,1.0,2.0,1.0,128569344.0,6680883200.0,6552313856.0,869117952.0,1910235136.0,1041117184.0,1.59375,6.84375,5.25,33.421875,42.828125,9.40625,26308436.0,49549039.0,23240603.0,148979393138.0,148979402347.0,9209.0,,,,,,,70398.0,1714584.0,1644186.0
pilot=0|mode=mmap_random|requested=1.1000|actual_bytes=113018642432|trial=1,completed,,2026-04-05T21:28:43.093510+00:00,2026-04-05T21:29:12.428084+00:00,False,mmap_random__req_1.10x__actual_1.10x,mmap_random,1.1,1.0999999641206106,113018642432,113018642432,1,20,20,0,2.0,29.33570110000437,23.637262400006875,40320,False,Mac,Windows,11,3.12.3,qwen3:4b,locality_prompt_v1,Windows exposes total process page-fault counts via GetProcessMemoryInfo; minor and major faults are unavailable.,102744223744.0,102744223744.0,0.0,73891377152.0,73835765760.0,-55611392.0,28852846592.0,28908457984.0,55611392.0,0.0,0.0,0.0,954475246080.0,963261101568.0,8785855488.0,225468844032.0,225470433280.0,1589248.0,2526285.0,2660631.0,134346.0,3915287.0,3915498.0,211.0,1.0,2.0,1.0,128569344.0,1803763712.0,1675194368.0,869117952.0,1950138368.0,1081020416.0,1.671875,3.828125,2.15625,33.421875,40.078125,6.65625,26413470.0,49654073.0,23240603.0,148979403879.0,148979413152.0,9273.0,,,,,,,70398.0,533619.0,463221.0
pilot=0|mode=mmap_random|requested=1.1000|actual_bytes=113018642432|trial=2,completed,,2026-04-05T21:29:12.430085+00:00,2026-04-05T21:29:42.676345+00:00,False,mmap_random__req_1.10x__actual_1.10x,mmap_random,1.1,1.0999999641206106,113018642432,113018642432,2,20,20,0,2.0,30.24718710000161,24.47716579999542,38816,False,Mac,Windows,11,3.12.3,qwen3:4b,locality_prompt_v1,Windows exposes total process page-fault counts via GetProcessMemoryInfo; minor and major faults are unavailable.,102744223744.0,102744223744.0,0.0,73835761664.0,73822392320.0,-13369344.0,28908462080.0,28921831424.0,13369344.0,0.0,0.0,0.0,963261101568.0,971686109184.0,8425007616.0,225470433280.0,225472776192.0,2342912.0,2660631.0,2789962.0,129331.0,3915498.0,3915751.0,253.0,1.0,2.0,1.0,128573440.0,3270918144.0,3142344704.0,869117952.0,1950142464.0,1081024512.0,1.734375,4.921875,3.1875,33.421875,41.421875,8.0,26518504.0,49759107.0,23240603.0,148979414694.0,148979423977.0,9283.0,,,,,,,70401.0,891862.0,821461.0
pilot=0|mode=mmap_random|requested=1.1000|actual_bytes=113018642432|trial=3,completed,,2026-04-05T21:29:42.678345+00:00,2026-04-05T21:30:13.678096+00:00,False,mmap_random__req_1.10x__actual_1.10x,mmap_random,1.1,1.0999999641206106,113018642432,113018642432,3,20,20,0,2.0,31.000399200012907,24.419957399950363,31700,False,Mac,Windows,11,3.12.3,qwen3:4b,locality_prompt_v1,Windows exposes total process page-fault counts via GetProcessMemoryInfo; minor and major faults are unavailable.,102744223744.0,102744223744.0,0.0,73822388224.0,73747939328.0,-74448896.0,28921835520.0,28996284416.0,74448896.0,0.0,0.0,0.0,971686109184.0,979736162304.0,8050053120.0,225472776192.0,225532755456.0,59979264.0,2789962.0,2914142.0,124180.0,3915751.0,3916553.0,802.0,1.0,2.0,1.0,128581632.0,4598493184.0,4469911552.0,869117952.0,1950093312.0,1080975360.0,1.765625,4.765625,3.0,33.4375,42.53125,9.09375,26623538.0,49864141.0,23240603.0,148979425513.0,148979434796.0,9283.0,,,,,,,70401.0,1216017.0,1145616.0
pilot=0|mode=mmap_random|requested=1.5000|actual_bytes=154116333568|trial=1,completed,,2026-04-05T21:30:13.680297+00:00,2026-04-05T21:30:43.810666+00:00,False,mmap_random__req_1.50x__actual_1.50x,mmap_random,1.5,1.4999999800670059,154116333568,154116333568,1,20,20,0,2.0,30.13163189997431,24.27569429995492,50640,False,Mac,Windows,11,3.12.3,qwen3:4b,locality_prompt_v1,Windows exposes total process page-fault counts via GetProcessMemoryInfo; minor and major faults are unavailable.,102744223744.0,102744223744.0,0.0,73747939328.0,73711689728.0,-36249600.0,28996284416.0,29032534016.0,36249600.0,0.0,0.0,0.0,979736162304.0,989086263808.0,9350101504.0,225532755456.0,225576793088.0,44037632.0,2914142.0,3057049.0,142907.0,3916553.0,3917191.0,638.0,1.0,2.0,1.0,128581632.0,1353162752.0,1224581120.0,869117952.0,2030358528.0,1161240576.0,1.828125,3.609375,1.78125,33.484375,40.1875,6.703125,26728572.0,49969175.0,23240603.0,148979436335.0,148979445616.0,9281.0,,,,,,,70401.0,441509.0,371108.0
pilot=0|mode=mmap_random|requested=1.5000|actual_bytes=154116333568|trial=2,completed,,2026-04-05T21:30:43.813665+00:00,2026-04-05T21:31:13.789794+00:00,False,mmap_random__req_1.50x__actual_1.50x,mmap_random,1.5,1.4999999800670059,154116333568,154116333568,2,20,20,0,2.0,29.97764970001299,23.737609900010284,14308,False,Mac,Windows,11,3.12.3,qwen3:4b,locality_prompt_v1,Windows exposes total process page-fault counts via GetProcessMemoryInfo; minor and major faults are unavailable.,102744223744.0,102744223744.0,0.0,73711693824.0,73667874816.0,-43819008.0,29032529920.0,29076348928.0,43819008.0,0.0,0.0,0.0,989086263808.0,997649468928.0,8563205120.0,225576793088.0,225578943488.0,2150400.0,3057049.0,3187945.0,130896.0,3917191.0,3917421.0,230.0,1.0,2.0,1.0,128581632.0,2363002880.0,2234421248.0,869117952.0,2030698496.0,1161580544.0,1.84375,4.09375,2.25,33.53125,40.9375,7.40625,26833606.0,50074209.0,23240603.0,148979447157.0,148979456438.0,9281.0,,,,,,,70401.0,689777.0,619376.0
pilot=0|mode=mmap_random|requested=1.5000|actual_bytes=154116333568|trial=3,completed,,2026-04-05T21:31:13.792794+00:00,2026-04-05T21:31:43.503612+00:00,False,mmap_random__req_1.50x__actual_1.50x,mmap_random,1.5,1.4999999800670059,154116333568,154116333568,3,20,20,0,2.0,29.712362899968866,23.819906199991237,28756,False,Mac,Windows,11,3.12.3,qwen3:4b,locality_prompt_v1,Windows exposes total process page-fault counts via GetProcessMemoryInfo; minor and major faults are unavailable.,102744223744.0,102744223744.0,0.0,73667944448.0,73717772288.0,49827840.0,29076279296.0,29026451456.0,-49827840.0,0.0,0.0,0.0,997649468928.0,1005877355008.0,8227886080.0,225578943488.0,225592722432.0,13778944.0,3187945.0,3313712.0,125767.0,3917421.0,3917879.0,458.0,1.0,2.0,1.0,128581632.0,3323486208.0,3194904576.0,869117952.0,2030280704.0,1161162752.0,1.859375,4.703125,2.84375,33.5625,40.96875,7.40625,26938640.0,50179243.0,23240603.0,148979457972.0,148979467246.0,9274.0,,,,,,,70401.0,924309.0,853908.0
pilot=0|mode=anon|requested=0.2500|actual_bytes=25686052864|trial=1,completed,,2026-04-05T21:31:43.505611+00:00,2026-04-05T21:32:42.427499+00:00,False,anon__req_0.25x__actual_0.25x,anon,0.25,0.24999997010050892,25686052864,25686052864,1,20,20,0,2.0,58.922776099992916,22.757304600032512,53328,False,Mac,Windows,11,3.12.3,qwen3:4b,locality_prompt_v1,Windows exposes total process page-fault counts via GetProcessMemoryInfo; minor and major faults are unavailable.,102744223744.0,102744223744.0,0.0,73717772288.0,73832943616.0,115171328.0,29026451456.0,28911280128.0,-115171328.0,0.0,11509760.0,11509760.0,1005877355008.0,1005878133760.0,778752.0,225592722432.0,225608012800.0,15290368.0,3313712.0,3313767.0,55.0,3917879.0,3918381.0,502.0,1.0,2.0,1.0,128585728.0,25930313728.0,25801728000.0,869117952.0,1779482624.0,910364672.0,1.890625,25.515625,23.625,33.59375,63.75,30.15625,27043674.0,50284173.0,23240499.0,148979468770.0,148979477462.0,8692.0,,,,,,,70402.0,6382246.0,6311844.0
pilot=0|mode=anon|requested=0.2500|actual_bytes=25686052864|trial=2,completed,,2026-04-05T21:32:42.430499+00:00,2026-04-05T21:33:36.903372+00:00,False,anon__req_0.25x__actual_0.25x,anon,0.25,0.24999997010050892,25686052864,25686052864,2,20,20,0,2.0,54.474064200010616,22.67401780001819,48252,False,Mac,Windows,11,3.12.3,qwen3:4b,locality_prompt_v1,Windows exposes total process page-fault counts via GetProcessMemoryInfo; minor and major faults are unavailable.,102744223744.0,102744223744.0,0.0,73833013248.0,73842454528.0,9441280.0,28911210496.0,28901769216.0,-9441280.0,11509760.0,14524416.0,3014656.0,1005878133760.0,1005901703680.0,23569920.0,225608012800.0,225635271680.0,27258880.0,3313767.0,3313990.0,223.0,3918381.0,3918869.0,488.0,1.0,2.0,1.0,128585728.0,25929732096.0,25801146368.0,869117952.0,1779011584.0,909893632.0,1.890625,24.03125,22.140625,33.609375,60.328125,26.71875,27148708.0,50389207.0,23240499.0,148979478957.0,148979487662.0,8705.0,,,,,,,70402.0,6382101.0,6311699.0
pilot=0|mode=anon|requested=0.2500|actual_bytes=25686052864|trial=3,completed,,2026-04-05T21:33:36.905373+00:00,2026-04-05T21:34:30.173913+00:00,False,anon__req_0.25x__actual_0.25x,anon,0.25,0.24999997010050892,25686052864,25686052864,3,20,20,0,2.0,53.269249200006016,22.129660700040404,51288,False,Mac,Windows,11,3.12.3,qwen3:4b,locality_prompt_v1,Windows exposes total process page-fault counts via GetProcessMemoryInfo; minor and major faults are unavailable.,102744223744.0,102744223744.0,0.0,73844850688.0,73774669824.0,-70180864.0,28899373056.0,28969553920.0,70180864.0,14524416.0,14524416.0,0.0,1005901703680.0,1005906353664.0,4649984.0,225635271680.0,225638999040.0,3727360.0,3313990.0,3314140.0,150.0,3918869.0,3919371.0,502.0,1.0,2.0,1.0,128585728.0,25930088448.0,25801502720.0,869117952.0,1779351552.0,910233600.0,1.9375,24.421875,22.484375,33.609375,59.71875,26.109375,27253742.0,50494241.0,23240499.0,148979489168.0,148979497870.0,8702.0,,,,,,,70402.0,6382195.0,6311793.0
pilot=0|mode=anon|requested=0.5000|actual_bytes=51372109824|trial=1,completed,,2026-04-05T21:34:30.175913+00:00,2026-04-05T21:35:49.327342+00:00,False,anon__req_0.50x__actual_0.50x,anon,0.5,0.49999998006700597,51372109824,51372109824,1,20,20,0,2.0,79.15197470004205,21.347283600014634,50272,False,Mac,Windows,11,3.12.3,qwen3:4b,locality_prompt_v1,Windows exposes total process page-fault counts via GetProcessMemoryInfo; minor and major faults are unavailable.,102744223744.0,102744223744.0,0.0,73774718976.0,73824800768.0,50081792.0,28969504768.0,28919422976.0,-50081792.0,14524416.0,14532608.0,8192.0,1005906353664.0,1005912037888.0,5684224.0,225638999040.0,225673270272.0,34271232.0,3314140.0,3314276.0,136.0,3919371.0,3920196.0,825.0,1.0,2.0,1.0,128585728.0,51616153600.0,51487567872.0,869117952.0,1829523456.0,960405504.0,1.953125,32.28125,30.328125,33.671875,72.6875,39.015625,27358776.0,50488572.0,23129796.0,148979499370.0,148979508046.0,8676.0,,,,,,,70402.0,12665432.0,12595030.0
pilot=0|mode=anon|requested=0.5000|actual_bytes=51372109824|trial=2,completed,,2026-04-05T21:35:49.329342+00:00,2026-04-05T21:37:06.893319+00:00,False,anon__req_0.50x__actual_0.50x,anon,0.5,0.49999998006700597,51372109824,51372109824,2,20,20,0,2.0,77.5650895999861,21.228799399978016,54568,False,Mac,Windows,11,3.12.3,qwen3:4b,locality_prompt_v1,Windows exposes total process page-fault counts via GetProcessMemoryInfo; minor and major faults are unavailable.,102744223744.0,102744223744.0,0.0,73824854016.0,73829990400.0,5136384.0,28919369728.0,28914233344.0,-5136384.0,14532608.0,14532608.0,0.0,1005912037888.0,1005975783424.0,63745536.0,225673270272.0,225683774976.0,10504704.0,3314276.0,3316800.0,2524.0,3920196.0,3921277.0,1081.0,1.0,2.0,1.0,128610304.0,51615477760.0,51486867456.0,869154816.0,1828802560.0,959647744.0,1.96875,32.5,30.53125,33.6875,70.875,37.1875,27463810.0,50704309.0,23240499.0,148979509550.0,148979518234.0,8684.0,,,,,,,70409.0,12665277.0,12594868.0
pilot=0|mode=anon|requested=0.5000|actual_bytes=51372109824|trial=3,completed,,2026-04-05T21:37:06.895319+00:00,2026-04-05T21:38:24.580284+00:00,False,anon__req_0.50x__actual_0.50x,anon,0.5,0.49999998006700597,51372109824,51372109824,3,20,20,0,2.0,77.68577859998913,21.07150570000522,53576,False,Mac,Windows,11,3.12.3,qwen3:4b,locality_prompt_v1,Windows exposes total process page-fault counts via GetProcessMemoryInfo; minor and major faults are unavailable.,102744223744.0,102744223744.0,0.0,73830051840.0,73807187968.0,-22863872.0,28914171904.0,28937035776.0,22863872.0,14532608.0,14532608.0,0.0,1005975783424.0,1005980089856.0,4306432.0,225683774976.0,225688557056.0,4782080.0,3316800.0,3316948.0,148.0,3921277.0,3921862.0,585.0,1.0,2.0,1.0,128593920.0,51616043008.0,51487449088.0,869117952.0,1829453824.0,960335872.0,2.015625,32.828125,30.8125,33.703125,70.5625,36.859375,27568844.0,50809343.0,23240499.0,148979519724.0,148979528395.0,8671.0,,,,,,,70410.0,12665432.0,12595022.0
pilot=0|mode=anon|requested=0.9000|actual_bytes=92469800960|trial=1,failed,Pressure worker failed for mode=anon: [WinError 1450] Insufficient system resources exist to complete the requested service,2026-04-05T21:38:24.582497+00:00,2026-04-05T21:38:26.793588+00:00,False,anon__req_0.90x__actual_0.90x,anon,0.9,0.8999999960134012,92469800960,92469800960,1,20,0,0,2.0,2.2122949000331573,0.0,,False,Mac,Windows,11,3.12.3,qwen3:4b,locality_prompt_v1,Windows exposes total process page-fault counts via GetProcessMemoryInfo; minor and major faults are unavailable.,102744223744.0,102744223744.0,0.0,73807183872.0,73799548928.0,-7634944.0,28937039872.0,28944674816.0,7634944.0,14532608.0,94695482.0,80162874.0,1005980089856.0,1005980122112.0,32256.0,225688557056.0,225688708608.0,151552.0,3316948.0,3316954.0,6.0,3921862.0,3921887.0,25.0,1.0,1.0,0.0,128593920.0,128593920.0,0.0,869117952.0,869117952.0,0.0,2.03125,2.03125,0.0,33.75,33.75,0.0,27673878.0,27673878.0,0.0,148979529893.0,148979529893.0,0.0,,,,,,,70410.0,70410.0,0.0
pilot=0|mode=anon|requested=0.9000|actual_bytes=92469800960|trial=2,failed,Pressure worker failed for mode=anon: [WinError 1450] Insufficient system resources exist to complete the requested service,2026-04-05T21:38:26.795587+00:00,2026-04-05T21:38:28.916627+00:00,False,anon__req_0.90x__actual_0.90x,anon,0.9,0.8999999960134012,92469800960,92469800960,2,20,0,0,2.0,2.1221641000011005,0.0,,False,Mac,Windows,11,3.12.3,qwen3:4b,locality_prompt_v1,Windows exposes total process page-fault counts via GetProcessMemoryInfo; minor and major faults are unavailable.,102744223744.0,102744223744.0,0.0,73799544832.0,73799548928.0,4096.0,28944678912.0,28944674816.0,-4096.0,14532608.0,94697940.0,80165332.0,1005980122112.0,1005980187648.0,65536.0,225688708608.0,225689990656.0,1282048.0,3316954.0,3316955.0,1.0,3921887.0,3921910.0,23.0,1.0,1.0,0.0,128606208.0,128606208.0,0.0,869117952.0,869117952.0,0.0,2.03125,2.03125,0.0,33.75,33.75,0.0,27799461.0,27799461.0,0.0,148979534891.0,148979534891.0,0.0,,,,,,,70413.0,70413.0,0.0
pilot=0|mode=anon|requested=0.9000|actual_bytes=92469800960|trial=3,failed,Pressure worker failed for mode=anon: [WinError 1450] Insufficient system resources exist to complete the requested service,2026-04-05T21:38:28.917975+00:00,2026-04-05T21:38:31.047654+00:00,False,anon__req_0.90x__actual_0.90x,anon,0.9,0.8999999960134012,92469800960,92469800960,3,20,0,0,2.0,2.129876399994828,0.0,,False,Mac,Windows,11,3.12.3,qwen3:4b,locality_prompt_v1,Windows exposes total process page-fault counts via GetProcessMemoryInfo; minor and major faults are unavailable.,102744223744.0,102744223744.0,0.0,73799544832.0,73800794112.0,1249280.0,28944678912.0,28943429632.0,-1249280.0,14532608.0,94689347.0,80156739.0,1005980187648.0,1005980265472.0,77824.0,225689990656.0,225690838528.0,847872.0,3316955.0,3316958.0,3.0,3921910.0,3921936.0,26.0,1.0,1.0,0.0,128606208.0,128606208.0,0.0,869117952.0,869117952.0,0.0,2.046875,2.046875,0.0,33.75,33.75,0.0,27903182.0,27903182.0,0.0,148979539884.0,148979539884.0,0.0,,,,,,,70413.0,70413.0,0.0
pilot=0|mode=anon|requested=1.1000|actual_bytes=92469800960|trial=1,failed,Pressure worker failed for mode=anon: [WinError 1450] Insufficient system resources exist to complete the requested service,2026-04-05T21:38:31.049655+00:00,2026-04-05T21:38:33.142282+00:00,False,anon__req_1.10x__actual_0.90x,anon,1.1,0.8999999960134012,113018642432,92469800960,1,20,0,0,2.0,2.093712300003972,0.0,,True,Mac,Windows,11,3.12.3,qwen3:4b,locality_prompt_v1,Windows exposes total process page-fault counts via GetProcessMemoryInfo; minor and major faults are unavailable.,102744223744.0,102744223744.0,0.0,73800790016.0,73794654208.0,-6135808.0,28943433728.0,28949569536.0,6135808.0,14532608.0,14532608.0,0.0,1005980265472.0,1005980265472.0,0.0,225690838528.0,225694447104.0,3608576.0,3316958.0,3316958.0,0.0,3921936.0,3921954.0,18.0,1.0,1.0,0.0,128606208.0,128606208.0,0.0,869117952.0,869117952.0,0.0,2.0625,2.0625,0.0,33.75,33.75,0.0,28006903.0,28006903.0,0.0,148979544885.0,148979544885.0,0.0,,,,,,,70413.0,70413.0,0.0
pilot=0|mode=anon|requested=1.1000|actual_bytes=92469800960|trial=2,failed,Pressure worker failed for mode=anon: [WinError 1450] Insufficient system resources exist to complete the requested service,2026-04-05T21:38:33.143344+00:00,2026-04-05T21:38:35.265929+00:00,False,anon__req_1.10x__actual_0.90x,anon,1.1,0.8999999960134012,113018642432,92469800960,2,20,0,0,2.0,2.122495500021614,0.0,,True,Mac,Windows,11,3.12.3,qwen3:4b,locality_prompt_v1,Windows exposes total process page-fault counts via GetProcessMemoryInfo; minor and major faults are unavailable.,102744223744.0,102744223744.0,0.0,73794654208.0,73797079040.0,2424832.0,28949569536.0,28947144704.0,-2424832.0,14532608.0,14532608.0,0.0,1005980265472.0,1005980421120.0,155648.0,225694447104.0,225696499200.0,2052096.0,3316958.0,3316965.0,7.0,3921954.0,3922003.0,49.0,1.0,1.0,0.0,128606208.0,128606208.0,0.0,869117952.0,869117952.0,0.0,2.0625,2.0625,0.0,33.75,33.75,0.0,28110624.0,28110624.0,0.0,148979549872.0,148979549872.0,0.0,,,,,,,70413.0,70413.0,0.0
pilot=0|mode=anon|requested=1.1000|actual_bytes=92469800960|trial=3,failed,Pressure worker failed for mode=anon: [WinError 1450] Insufficient system resources exist to complete the requested service,2026-04-05T21:38:35.266929+00:00,2026-04-05T21:38:37.308837+00:00,False,anon__req_1.10x__actual_0.90x,anon,1.1,0.8999999960134012,113018642432,92469800960,3,20,0,0,2.0,2.0420613000169396,0.0,,True,Mac,Windows,11,3.12.3,qwen3:4b,locality_prompt_v1,Windows exposes total process page-fault counts via GetProcessMemoryInfo; minor and major faults are unavailable.,102744223744.0,102744223744.0,0.0,73797074944.0,73784832000.0,-12242944.0,28947148800.0,28959391744.0,12242944.0,14532608.0,14532608.0,0.0,1005980421120.0,1005980421120.0,0.0,225696499200.0,225697703424.0,1204224.0,3316965.0,3316965.0,0.0,3922003.0,3922012.0,9.0,1.0,1.0,0.0,128610304.0,128610304.0,0.0,869117952.0,869117952.0,0.0,2.0625,2.0625,0.0,33.75,33.75,0.0,28214345.0,28214345.0,0.0,148979554864.0,148979554864.0,0.0,,,,,,,70415.0,70415.0,0.0
pilot=0|mode=anon|requested=1.5000|actual_bytes=92469800960|trial=1,failed,Pressure worker failed for mode=anon: [WinError 1450] Insufficient system resources exist to complete the requested service,2026-04-05T21:38:37.309839+00:00,2026-04-05T21:38:39.361220+00:00,False,anon__req_1.50x__actual_0.90x,anon,1.5,0.8999999960134012,154116333568,92469800960,1,20,0,0,2.0,2.052426700014621,0.0,,True,Mac,Windows,11,3.12.3,qwen3:4b,locality_prompt_v1,Windows exposes total process page-fault counts via GetProcessMemoryInfo; minor and major faults are unavailable.,102744223744.0,102744223744.0,0.0,73784827904.0,73795313664.0,10485760.0,28959395840.0,28948910080.0,-10485760.0,14532608.0,14532608.0,0.0,1005980421120.0,1005980421120.0,0.0,225697703424.0,225709360640.0,11657216.0,3316965.0,3316965.0,0.0,3922012.0,3922036.0,24.0,1.0,1.0,0.0,128622592.0,128622592.0,0.0,869117952.0,869117952.0,0.0,2.0625,2.0625,0.0,33.75,33.75,0.0,28318066.0,28318066.0,0.0,148979559853.0,148979559853.0,0.0,,,,,,,70417.0,70417.0,0.0
pilot=0|mode=anon|requested=1.5000|actual_bytes=92469800960|trial=2,failed,Pressure worker failed for mode=anon: [WinError 1450] Insufficient system resources exist to complete the requested service,2026-04-05T21:38:39.363713+00:00,2026-04-05T21:38:41.375168+00:00,False,anon__req_1.50x__actual_0.90x,anon,1.5,0.8999999960134012,154116333568,92469800960,2,20,0,0,2.0,2.012069499993231,0.0,,True,Mac,Windows,11,3.12.3,qwen3:4b,locality_prompt_v1,Windows exposes total process page-fault counts via GetProcessMemoryInfo; minor and major faults are unavailable.,102744223744.0,102744223744.0,0.0,73795309568.0,73794576384.0,-733184.0,28948914176.0,28949647360.0,733184.0,14532608.0,94661915.0,80129307.0,1005980421120.0,1005980933120.0,512000.0,225709360640.0,225711142400.0,1781760.0,3316965.0,3316992.0,27.0,3922036.0,3922047.0,11.0,1.0,1.0,0.0,128626688.0,128626688.0,0.0,869117952.0,869117952.0,0.0,2.0625,2.0625,0.0,33.765625,33.765625,0.0,28421787.0,28421787.0,0.0,148979564843.0,148979564843.0,0.0,,,,,,,70418.0,70418.0,0.0
pilot=0|mode=anon|requested=1.5000|actual_bytes=92469800960|trial=3,failed,Pressure worker failed for mode=anon: [WinError 1450] Insufficient system resources exist to complete the requested service,2026-04-05T21:38:41.376168+00:00,2026-04-05T21:38:43.428113+00:00,False,anon__req_1.50x__actual_0.90x,anon,1.5,0.8999999960134012,154116333568,92469800960,3,20,0,0,2.0,2.051882800005842,0.0,,True,Mac,Windows,11,3.12.3,qwen3:4b,locality_prompt_v1,Windows exposes total process page-fault counts via GetProcessMemoryInfo; minor and major faults are unavailable.,102744223744.0,102744223744.0,0.0,73794572288.0,73793708032.0,-864256.0,28949651456.0,28950515712.0,864256.0,14532608.0,92204269.0,77671661.0,1005980933120.0,1005980957696.0,24576.0,225711142400.0,225714628096.0,3485696.0,3316992.0,3316998.0,6.0,3922047.0,3922055.0,8.0,1.0,1.0,0.0,128626688.0,128626688.0,0.0,869117952.0,869117952.0,0.0,2.0625,2.0625,0.0,33.78125,33.78125,0.0,28525508.0,28525508.0,0.0,148979569849.0,148979569849.0,0.0,,,,,,,70418.0,70418.0,0.0
pilot=0|mode=anon|requested=0.9000|actual_bytes=92469800960|trial=1,failed,Pressure worker startup timed out for mode=anon,2026-04-05T21:41:59.352143+00:00,2026-04-05T21:43:13.128270+00:00,False,anon__req_0.90x__actual_0.90x,anon,0.9,0.8999999960134012,92469800960,92469800960,1,20,0,0,2.0,73.77754260000074,0.0,,False,Mac,Windows,11,3.12.3,qwen3:4b,locality_prompt_v1,Windows exposes total process page-fault counts via GetProcessMemoryInfo; minor and major faults are unavailable.,102744223744.0,102744223744.0,0.0,73843396608.0,80027127808.0,6183731200.0,28900827136.0,22717095936.0,-6183731200.0,14532608.0,716577192.0,702044584.0,1006192809984.0,1006275920896.0,83110912.0,225740978176.0,225866008576.0,125030400.0,3319198.0,3320976.0,1778.0,3924326.0,3925613.0,1287.0,1.0,1.0,0.0,123035648.0,123035648.0,0.0,867323904.0,867323904.0,0.0,0.578125,0.578125,0.0,1.515625,1.515625,0.0,23811623.0,23811623.0,0.0,12468.0,12468.0,0.0,,,,,,,66074.0,66074.0,0.0
pilot=0|mode=anon|requested=0.9000|actual_bytes=92469800960|trial=2,failed,Pressure worker startup timed out for mode=anon,2026-04-05T21:43:13.129746+00:00,2026-04-05T21:44:25.111517+00:00,False,anon__req_0.90x__actual_0.90x,anon,0.9,0.8999999960134012,92469800960,92469800960,2,20,0,0,2.0,71.9819892999949,0.0,,False,Mac,Windows,11,3.12.3,qwen3:4b,locality_prompt_v1,Windows exposes total process page-fault counts via GetProcessMemoryInfo; minor and major faults are unavailable.,102744223744.0,102744223744.0,0.0,80028200960.0,81961938944.0,1933737984.0,22716022784.0,20782284800.0,-1933737984.0,110022656.0,13186222720.0,13076200064.0,1006275920896.0,1006288343040.0,12422144.0,225866008576.0,227808466944.0,1942458368.0,3320976.0,3321395.0,419.0,3925613.0,3928484.0,2871.0,1.0,1.0,0.0,127094784.0,127094784.0,0.0,868773888.0,868773888.0,0.0,0.625,0.625,0.0,1.5625,1.5625,0.0,24074603.0,24074603.0,0.0,18512.0,18512.0,0.0,,,,,,,66194.0,66194.0,0.0
pilot=0|mode=anon|requested=0.9000|actual_bytes=92469800960|trial=3,failed,Pressure worker startup timed out for mode=anon,2026-04-05T21:44:25.113517+00:00,2026-04-05T21:45:37.680358+00:00,False,anon__req_0.90x__actual_0.90x,anon,0.9,0.8999999960134012,92469800960,92469800960,3,20,0,0,2.0,72.56782039999962,0.0,,False,Mac,Windows,11,3.12.3,qwen3:4b,locality_prompt_v1,Windows exposes total process page-fault counts via GetProcessMemoryInfo; minor and major faults are unavailable.,102744223744.0,102744223744.0,0.0,81961934848.0,81537875968.0,-424058880.0,20782288896.0,21206347776.0,424058880.0,2041602048.0,13174341480.0,11132739432.0,1006288343040.0,1006638835712.0,350492672.0,227808466944.0,227841550336.0,33083392.0,3321395.0,3334194.0,12799.0,3928484.0,3931927.0,3443.0,1.0,1.0,0.0,127049728.0,127049728.0,0.0,868667392.0,868667392.0,0.0,0.625,0.625,0.0,1.5625,1.5625,0.0,24177795.0,24177795.0,0.0,24290.0,24290.0,0.0,,,,,,,66198.0,66198.0,0.0
pilot=0|mode=anon|requested=1.1000|actual_bytes=92469800960|trial=1,failed,Pressure worker startup timed out for mode=anon,2026-04-05T21:45:37.681361+00:00,2026-04-05T21:46:51.373072+00:00,False,anon__req_1.10x__actual_0.90x,anon,1.1,0.8999999960134012,113018642432,92469800960,1,20,0,0,2.0,73.69247119995998,0.0,,True,Mac,Windows,11,3.12.3,qwen3:4b,locality_prompt_v1,Windows exposes total process page-fault counts via GetProcessMemoryInfo; minor and major faults are unavailable.,102744223744.0,102744223744.0,0.0,81539076096.0,81667428352.0,128352256.0,21205147648.0,21076795392.0,-128352256.0,2041339904.0,12131787764.0,10090447860.0,1006638835712.0,1006661833216.0,22997504.0,227841550336.0,227865124864.0,23574528.0,3334194.0,3334667.0,473.0,3931927.0,3932990.0,1063.0,1.0,1.0,0.0,127066112.0,127066112.0,0.0,868667392.0,868667392.0,0.0,0.625,0.625,0.0,1.5625,1.5625,0.0,24280987.0,24280987.0,0.0,30071.0,30071.0,0.0,,,,,,,66203.0,66203.0,0.0
pilot=0|mode=anon|requested=1.1000|actual_bytes=92469800960|trial=2,failed,Pressure worker startup timed out for mode=anon,2026-04-05T21:46:51.375073+00:00,2026-04-05T21:48:02.695267+00:00,False,anon__req_1.10x__actual_0.90x,anon,1.1,0.8999999960134012,113018642432,92469800960,2,20,0,0,2.0,71.32149740000023,0.0,,True,Mac,Windows,11,3.12.3,qwen3:4b,locality_prompt_v1,Windows exposes total process page-fault counts via GetProcessMemoryInfo; minor and major faults are unavailable.,102744223744.0,102744223744.0,0.0,81667424256.0,82002804736.0,335380480.0,21076799488.0,20741419008.0,-335380480.0,2041499648.0,2022756352.0,-18743296.0,1006661833216.0,1006735594496.0,73761280.0,227865124864.0,227878297600.0,13172736.0,3334667.0,3335719.0,1052.0,3932990.0,3934488.0,1498.0,1.0,1.0,0.0,127086592.0,127086592.0,0.0,868667392.0,868667392.0,0.0,0.625,0.625,0.0,1.59375,1.59375,0.0,24384179.0,24384179.0,0.0,35849.0,35849.0,0.0,,,,,,,66207.0,66207.0,0.0
pilot=0|mode=anon|requested=1.1000|actual_bytes=92469800960|trial=3,failed,Pressure worker startup timed out for mode=anon,2026-04-05T21:48:02.697268+00:00,2026-04-05T21:49:15.671277+00:00,False,anon__req_1.10x__actual_0.90x,anon,1.1,0.8999999960134012,113018642432,92469800960,3,20,0,0,2.0,72.97450220002793,0.0,,True,Mac,Windows,11,3.12.3,qwen3:4b,locality_prompt_v1,Windows exposes total process page-fault counts via GetProcessMemoryInfo; minor and major faults are unavailable.,102744223744.0,102744223744.0,0.0,82002792448.0,82047938560.0,45146112.0,20741431296.0,20696285184.0,-45146112.0,2022756352.0,2020265984.0,-2490368.0,1006735594496.0,1006745318912.0,9724416.0,227878297600.0,227888251392.0,9953792.0,3335719.0,3335986.0,267.0,3934488.0,3935393.0,905.0,1.0,1.0,0.0,127205376.0,127205376.0,0.0,868704256.0,868704256.0,0.0,0.625,0.625,0.0,1.59375,1.59375,0.0,24487371.0,24487371.0,0.0,41627.0,41627.0,0.0,,,,,,,66244.0,66244.0,0.0
pilot=0|mode=anon|requested=1.5000|actual_bytes=92469800960|trial=1,failed,Pressure worker startup timed out for mode=anon,2026-04-05T21:49:15.672434+00:00,2026-04-05T21:50:26.769339+00:00,False,anon__req_1.50x__actual_0.90x,anon,1.5,0.8999999960134012,154116333568,92469800960,1,20,0,0,2.0,71.0979428999708,0.0,,True,Mac,Windows,11,3.12.3,qwen3:4b,locality_prompt_v1,Windows exposes total process page-fault counts via GetProcessMemoryInfo; minor and major faults are unavailable.,102744223744.0,102744223744.0,0.0,82047934464.0,85838856192.0,3790921728.0,20696289280.0,16905367552.0,-3790921728.0,2020265984.0,1972494336.0,-47771648.0,1006745318912.0,1006760711168.0,15392256.0,227888251392.0,227945826816.0,57575424.0,3335986.0,3336707.0,721.0,3935393.0,3936384.0,991.0,1.0,1.0,0.0,127180800.0,127180800.0,0.0,868630528.0,868630528.0,0.0,0.625,0.625,0.0,1.609375,1.609375,0.0,24590563.0,24590563.0,0.0,47398.0,47398.0,0.0,,,,,,,66247.0,66247.0,0.0
pilot=0|mode=anon|requested=1.5000|actual_bytes=92469800960|trial=2,failed,Pressure worker startup timed out for mode=anon,2026-04-05T21:50:26.771343+00:00,2026-04-05T21:51:40.008092+00:00,False,anon__req_1.50x__actual_0.90x,anon,1.5,0.8999999960134012,154116333568,92469800960,2,20,0,0,2.0,73.23792699998012,0.0,,True,Mac,Windows,11,3.12.3,qwen3:4b,locality_prompt_v1,Windows exposes total process page-fault counts via GetProcessMemoryInfo; minor and major faults are unavailable.,102744223744.0,102744223744.0,0.0,85838852096.0,87368400896.0,1529548800.0,16905371648.0,15375822848.0,-1529548800.0,1972494336.0,3301122048.0,1328627712.0,1006760711168.0,1006764164096.0,3452928.0,227945826816.0,229283940864.0,1338114048.0,3336707.0,3336929.0,222.0,3936384.0,3938248.0,1864.0,1.0,1.0,0.0,127270912.0,127270912.0,0.0,868630528.0,868630528.0,0.0,0.625,0.625,0.0,1.609375,1.609375,0.0,24693755.0,24693755.0,0.0,53177.0,53177.0,0.0,,,,,,,66270.0,66270.0,0.0
pilot=0|mode=anon|requested=1.5000|actual_bytes=92469800960|trial=3,completed,,2026-04-05T21:51:40.010092+00:00,2026-04-05T21:53:16.230773+00:00,False,anon__req_1.50x__actual_0.76x,anon,1.5,0.7649999667119,154116333568,78599327744,3,20,20,0,2.0,96.2219326000195,20.86909619998187,36420,True,Mac,Windows,11,3.12.3,qwen3:4b,locality_prompt_v1,Windows exposes total process page-fault counts via GetProcessMemoryInfo; minor and major faults are unavailable.,102744223744.0,102744223744.0,0.0,87368396800.0,86634151936.0,-734244864.0,15375826944.0,16110071808.0,734244864.0,3301122048.0,3300204544.0,-917504.0,1006764164096.0,1009261487616.0,2497323520.0,229283940864.0,229297283584.0,13342720.0,3336929.0,3350880.0,13951.0,3938248.0,3939283.0,1035.0,1.0,2.0,1.0,127279104.0,78840283136.0,78713004032.0,868630528.0,1882185728.0,1013555200.0,0.625,36.9375,36.3125,1.609375,46.75,45.140625,24796947.0,47928236.0,23131289.0,58960.0,67584.0,8624.0,,,,,,,66271.0,19321565.0,19255294.0
pilot=0|mode=anon|requested=0.9000|actual_bytes=92469800960|trial=1,completed,,2026-04-05T21:53:42.728017+00:00,2026-04-05T21:55:18.876341+00:00,False,anon__req_0.90x__actual_0.76x,anon,0.9,0.7649999667119,92469800960,78599327744,1,20,20,0,2.0,96.14956729998812,19.49448629998369,29664,True,Mac,Windows,11,3.12.3,qwen3:4b,locality_prompt_v1,Windows exposes total process page-fault counts via GetProcessMemoryInfo; minor and major faults are unavailable.,102744223744.0,102744223744.0,0.0,86652616704.0,85562753024.0,-1089863680.0,16091607040.0,17181470720.0,1089863680.0,3300204544.0,3223687168.0,-76517376.0,1009265479168.0,1010948290048.0,1682810880.0,229302931968.0,229328020480.0,25088512.0,3351064.0,3374460.0,23396.0,3939611.0,3943100.0,3489.0,1.0,2.0,1.0,122589184.0,78841409536.0,78718820352.0,866504704.0,1880305664.0,1013800960.0,0.484375,38.015625,37.53125,1.671875,47.140625,45.46875,23820314.0,47076002.0,23255688.0,12468.0,21341.0,8873.0,,,,,,,61502.0,19316830.0,19255328.0
pilot=0|mode=anon|requested=0.9000|actual_bytes=92469800960|trial=2,completed,,2026-04-05T21:55:18.878341+00:00,2026-04-05T21:56:54.239828+00:00,False,anon__req_0.90x__actual_0.76x,anon,0.9,0.7649999667119,92469800960,78599327744,2,20,20,0,2.0,95.3626417000196,19.279269299993757,11428,True,Mac,Windows,11,3.12.3,qwen3:4b,locality_prompt_v1,Windows exposes total process page-fault counts via GetProcessMemoryInfo; minor and major faults are unavailable.,102744223744.0,102744223744.0,0.0,85563076608.0,86783217664.0,1220141056.0,17181147136.0,15961006080.0,-1220141056.0,3223687168.0,3222769664.0,-917504.0,1010948290048.0,1010967717376.0,19427328.0,229328020480.0,229339505664.0,11485184.0,3374460.0,3375101.0,641.0,3943100.0,3944188.0,1088.0,1.0,2.0,1.0,127074304.0,78841737216.0,78714662912.0,866914304.0,1881288704.0,1014374400.0,0.53125,37.703125,37.171875,1.71875,46.96875,45.25,24049707.0,47290921.0,23241214.0,23015.0,31626.0,8611.0,,,,,,,61609.0,19316940.0,19255331.0
pilot=0|mode=anon|requested=0.9000|actual_bytes=92469800960|trial=3,completed,,2026-04-05T21:56:54.243071+00:00,2026-04-05T21:58:30.279364+00:00,False,anon__req_0.90x__actual_0.76x,anon,0.9,0.7649999667119,92469800960,78599327744,3,20,20,0,2.0,96.03732030000538,19.277006199990865,53048,True,Mac,Windows,11,3.12.3,qwen3:4b,locality_prompt_v1,Windows exposes total process page-fault counts via GetProcessMemoryInfo; minor and major faults are unavailable.,102744223744.0,102744223744.0,0.0,86785642496.0,86764097536.0,-21544960.0,15958581248.0,15980126208.0,21544960.0,20960726992.0,3222769664.0,-17737957328.0,1010967717376.0,1010987325952.0,19608576.0,229339505664.0,229353612288.0,14106624.0,3375101.0,3375374.0,273.0,3944188.0,3945413.0,1225.0,1.0,2.0,1.0,127053824.0,78841573376.0,78714519552.0,867856384.0,1881108480.0,1013252096.0,0.53125,37.5,36.96875,1.71875,47.578125,45.859375,24154795.0,47286178.0,23131383.0,33289.0,41897.0,8608.0,,,,,,,61619.0,19316899.0,19255280.0
pilot=0|mode=anon|requested=1.1000|actual_bytes=92469800960|trial=1,completed,,2026-04-05T21:58:30.282365+00:00,2026-04-05T22:00:08.331960+00:00,False,anon__req_1.10x__actual_0.76x,anon,1.1,0.7649999667119,113018642432,78599327744,1,20,20,0,2.0,98.05069489998277,19.361355800007004,51996,True,Mac,Windows,11,3.12.3,qwen3:4b,locality_prompt_v1,Windows exposes total process page-fault counts via GetProcessMemoryInfo; minor and major faults are unavailable.,102744223744.0,102744223744.0,0.0,86764036096.0,86554570752.0,-209465344.0,15980187648.0,16189652992.0,209465344.0,20881085120.0,3222769664.0,-17658315456.0,1010987325952.0,1011011371008.0,24045056.0,229353612288.0,229367636992.0,14024704.0,3375374.0,3376077.0,703.0,3945413.0,3946563.0,1150.0,1.0,2.0,1.0,127082496.0,78841794560.0,78714712064.0,867856384.0,1881214976.0,1013358592.0,0.5625,37.75,37.1875,1.734375,48.8125,47.078125,24259883.0,47391266.0,23131383.0,43564.0,52189.0,8625.0,,,,,,,61625.0,19316906.0,19255281.0
pilot=0|mode=anon|requested=1.1000|actual_bytes=92469800960|trial=2,completed,,2026-04-05T22:00:08.335107+00:00,2026-04-05T22:01:47.995272+00:00,False,anon__req_1.10x__actual_0.76x,anon,1.1,0.7649999667119,113018642432,78599327744,2,20,20,0,2.0,99.66179540002486,20.78942939999979,40000,True,Mac,Windows,11,3.12.3,qwen3:4b,locality_prompt_v1,Windows exposes total process page-fault counts via GetProcessMemoryInfo; minor and major faults are unavailable.,102744223744.0,102744223744.0,0.0,86554640384.0,86862729216.0,308088832.0,16189583360.0,15881494528.0,-308088832.0,3222769664.0,3222638592.0,-131072.0,1011011371008.0,1011016179712.0,4808704.0,229367636992.0,229379998720.0,12361728.0,3376077.0,3376289.0,212.0,3946563.0,3947588.0,1025.0,1.0,2.0,1.0,127213568.0,78841802752.0,78714589184.0,867893248.0,1881292800.0,1013399552.0,0.609375,37.140625,36.53125,1.765625,50.46875,48.703125,24364971.0,47496354.0,23131383.0,53857.0,62512.0,8655.0,,,,,,,61664.0,19316938.0,19255274.0
pilot=0|mode=anon|requested=1.1000|actual_bytes=92469800960|trial=3,completed,,2026-04-05T22:01:47.998173+00:00,2026-04-05T22:03:26.127546+00:00,False,anon__req_1.10x__actual_0.76x,anon,1.1,0.7649999667119,113018642432,78599327744,3,20,20,0,2.0,98.13081999996211,20.45384940004442,29276,True,Mac,Windows,11,3.12.3,qwen3:4b,locality_prompt_v1,Windows exposes total process page-fault counts via GetProcessMemoryInfo; minor and major faults are unavailable.,102744223744.0,102744223744.0,0.0,86864080896.0,86725009408.0,-139071488.0,15880142848.0,16019214336.0,139071488.0,20395169413.0,3222638592.0,-17172530821.0,1011016179712.0,1011037540864.0,21361152.0,229379998720.0,229421315072.0,41316352.0,3376289.0,3376345.0,56.0,3947588.0,3948438.0,850.0,1.0,2.0,1.0,127172608.0,78841655296.0,78714482688.0,867819520.0,1881182208.0,1013362688.0,0.625,38.671875,38.046875,1.78125,48.65625,46.875,24470059.0,47601442.0,23131383.0,64180.0,72833.0,8653.0,,,,,,,61664.0,19316879.0,19255215.0
pilot=0|mode=anon|requested=1.5000|actual_bytes=92469800960|trial=1,completed,,2026-04-05T22:03:26.129545+00:00,2026-04-05T22:05:04.474357+00:00,False,anon__req_1.50x__actual_0.76x,anon,1.5,0.7649999667119,154116333568,78599327744,1,20,20,0,2.0,98.34567850001622,20.522122399997897,5804,True,Mac,Windows,11,3.12.3,qwen3:4b,locality_prompt_v1,Windows exposes total process page-fault counts via GetProcessMemoryInfo; minor and major faults are unavailable.,102744223744.0,102744223744.0,0.0,86725074944.0,85981446144.0,-743628800.0,16019148800.0,16762777600.0,743628800.0,3222638592.0,3156316160.0,-66322432.0,1011037540864.0,1011095612416.0,58071552.0,229421315072.0,229441729536.0,20414464.0,3376345.0,3377358.0,1013.0,3948438.0,3949530.0,1092.0,1.0,2.0,1.0,127172608.0,78841372672.0,78714200064.0,867819520.0,1880915968.0,1013096448.0,0.65625,37.859375,37.203125,1.84375,50.03125,48.1875,24575147.0,47706530.0,23131383.0,74500.0,83154.0,8654.0,,,,,,,61664.0,19316826.0,19255162.0
pilot=0|mode=anon|requested=1.5000|actual_bytes=92469800960|trial=2,completed,,2026-04-05T22:05:04.476719+00:00,2026-04-05T22:06:43.928823+00:00,False,anon__req_1.50x__actual_0.76x,anon,1.5,0.7649999667119,154116333568,78599327744,2,20,20,0,2.0,99.45319339999696,20.422416699992027,54632,True,Mac,Windows,11,3.12.3,qwen3:4b,locality_prompt_v1,Windows exposes total process page-fault counts via GetProcessMemoryInfo; minor and major faults are unavailable.,102744223744.0,102744223744.0,0.0,85981339648.0,86214098944.0,232759296.0,16762884096.0,16530124800.0,-232759296.0,20339548933.0,3126513664.0,-17213035269.0,1011095628288.0,1011123236864.0,27608576.0,229441729536.0,229493046272.0,51316736.0,3377361.0,3378158.0,797.0,3949530.0,3951162.0,1632.0,1.0,2.0,1.0,127188992.0,78841942016.0,78714753024.0,867819520.0,1881296896.0,1013477376.0,0.671875,40.03125,39.359375,1.859375,48.5,46.640625,24680235.0,47811618.0,23131383.0,84821.0,93476.0,8655.0,,,,,,,61681.0,19316983.0,19255302.0
pilot=0|mode=none|requested=0.0000|actual_bytes=0|trial=1,completed,,2026-04-06T01:23:31.653092+00:00,2026-04-06T01:23:52.251742+00:00,False,none_baseline,none,0.0,0.0,0,0,1,20,20,0,0.0,20.59903540002415,20.08251310000196,,False,Mac,Windows,11,3.12.3,qwen3:4b,locality_prompt_v1,Windows exposes total process page-fault counts via GetProcessMemoryInfo; minor and major faults are unavailable.,102744223744.0,102744223744.0,0.0,80516833280.0,80499331072.0,-17502208.0,22227390464.0,22244892672.0,17502208.0,1813786624.0,1813786624.0,0.0,1015687624704.0,1015687690240.0,65536.0,233536491008.0,233538907648.0,2416640.0,3433173.0,3433174.0,1.0,4125497.0,4125731.0,234.0,1.0,1.0,0.0,125526016.0,129675264.0,4149248.0,869748736.0,870248448.0,499712.0,0.484375,0.5,0.015625,1.5625,1.640625,0.078125,23760479.0,23762519.0,2040.0,2024.0,7496.0,5472.0,,,,,,,69302.0,69311.0,9.0
pilot=0|mode=none|requested=0.0000|actual_bytes=0|trial=2,completed,,2026-04-06T01:23:52.252789+00:00,2026-04-06T01:24:12.304116+00:00,False,none_baseline,none,0.0,0.0,0,0,2,20,20,0,0.0,20.051617899967823,20.049882999970578,,False,Mac,Windows,11,3.12.3,qwen3:4b,locality_prompt_v1,Windows exposes total process page-fault counts via GetProcessMemoryInfo; minor and major faults are unavailable.,102744223744.0,102744223744.0,0.0,80499118080.0,80488394752.0,-10723328.0,22245105664.0,22255828992.0,10723328.0,1813786624.0,1813786624.0,0.0,1015687690240.0,1015688101888.0,411648.0,233538907648.0,233540730368.0,1822720.0,3433174.0,3433191.0,17.0,4125731.0,4125941.0,210.0,1.0,1.0,0.0,129687552.0,129703936.0,16384.0,870248448.0,870248448.0,0.0,0.5,0.5,0.0,1.640625,1.65625,0.015625,23762519.0,23764299.0,1780.0,8903.0,14112.0,5209.0,,,,,,,69313.0,69319.0,6.0
pilot=0|mode=none|requested=0.0000|actual_bytes=0|trial=3,completed,,2026-04-06T01:24:12.305176+00:00,2026-04-06T01:24:32.650630+00:00,False,none_baseline,none,0.0,0.0,0,0,3,20,20,0,0.0,20.345847499964293,20.343929799972102,,False,Mac,Windows,11,3.12.3,qwen3:4b,locality_prompt_v1,Windows exposes total process page-fault counts via GetProcessMemoryInfo; minor and major faults are unavailable.,102744223744.0,102744223744.0,0.0,80488390656.0,80518574080.0,30183424.0,22255833088.0,22225649664.0,-30183424.0,1813786624.0,1813786624.0,0.0,1015688101888.0,1015688101888.0,0.0,233540730368.0,233543884288.0,3153920.0,3433191.0,3433191.0,0.0,4125941.0,4126401.0,460.0,1.0,1.0,0.0,129712128.0,129662976.0,-49152.0,870248448.0,870137856.0,-110592.0,0.5,0.515625,0.015625,1.65625,1.671875,0.015625,23764299.0,23766079.0,1780.0,15508.0,20719.0,5211.0,,,,,,,69320.0,69323.0,3.0
pilot=0|mode=file_seq|requested=0.1000|actual_bytes=10274418688|trial=1,completed,,2026-04-06T01:24:32.652211+00:00,2026-04-06T01:24:58.402451+00:00,False,file_seq__req_0.10x__actual_0.10x,file_seq,0.1,0.09999996412061073,10274418688,10274418688,1,20,20,0,2.0,25.75195140001597,21.705744799983222,47968,False,Mac,Windows,11,3.12.3,qwen3:4b,locality_prompt_v1,Windows exposes total process page-fault counts via GetProcessMemoryInfo; minor and major faults are unavailable.,102744223744.0,102744223744.0,0.0,80518569984.0,80441745408.0,-76824576.0,22225653760.0,22302478336.0,76824576.0,1813786624.0,1813786624.0,0.0,1015688101888.0,1025970909184.0,10282807296.0,233543884288.0,233557597696.0,13713408.0,3433191.0,3440035.0,6844.0,4126401.0,4126688.0,287.0,1.0,2.0,1.0,129667072.0,249860096.0,120193024.0,870137856.0,1735610368.0,865472512.0,0.515625,1.375,0.859375,1.671875,24.796875,23.125,23766079.0,246696000887.0,246672234808.0,22143.0,31282.0,9139.0,,,,,,,69323.0,98988.0,29665.0
pilot=0|mode=file_seq|requested=0.1000|actual_bytes=10274418688|trial=2,completed,,2026-04-06T01:24:58.404451+00:00,2026-04-06T01:25:24.733411+00:00,False,file_seq__req_0.10x__actual_0.10x,file_seq,0.1,0.09999996412061073,10274418688,10274418688,2,20,20,0,2.0,26.329707700002473,22.27126379997935,28000,False,Mac,Windows,11,3.12.3,qwen3:4b,locality_prompt_v1,Windows exposes total process page-fault counts via GetProcessMemoryInfo; minor and major faults are unavailable.,102744223744.0,102744223744.0,0.0,80441806848.0,80461496320.0,19689472.0,22302416896.0,22282727424.0,-19689472.0,1813786624.0,1813786624.0,0.0,1025970909184.0,1025970909184.0,0.0,233557597696.0,233560743424.0,3145728.0,3440035.0,3440035.0,0.0,4126688.0,4127019.0,331.0,1.0,2.0,1.0,130113536.0,249765888.0,119652352.0,871202816.0,1735282688.0,864079872.0,0.5625,1.328125,0.765625,1.6875,26.515625,24.828125,23995158.0,261999495105.0,261975499947.0,32792.0,41933.0,9141.0,,,,,,,69448.0,99003.0,29555.0
pilot=0|mode=file_seq|requested=0.1000|actual_bytes=10274418688|trial=3,completed,,2026-04-06T01:25:24.735410+00:00,2026-04-06T01:25:50.907222+00:00,False,file_seq__req_0.10x__actual_0.10x,file_seq,0.1,0.09999996412061073,10274418688,10274418688,3,20,20,0,2.0,26.172467999975197,22.048250199994072,55140,False,Mac,Windows,11,3.12.3,qwen3:4b,locality_prompt_v1,Windows exposes total process page-fault counts via GetProcessMemoryInfo; minor and major faults are unavailable.,102744223744.0,102744223744.0,0.0,80461488128.0,80463568896.0,2080768.0,22282735616.0,22280654848.0,-2080768.0,1813786624.0,1813786624.0,0.0,1025970909184.0,1025970909184.0,0.0,233560743424.0,233562992128.0,2248704.0,3440035.0,3440035.0,0.0,4127019.0,4127322.0,303.0,1.0,2.0,1.0,130191360.0,249696256.0,119504896.0,871202816.0,1735122944.0,863920128.0,0.59375,1.359375,0.765625,1.71875,26.1875,24.46875,24100192.0,260921664011.0,260897563819.0,43431.0,52574.0,9143.0,,,,,,,69454.0,98904.0,29450.0
pilot=0|mode=file_seq|requested=0.2000|actual_bytes=20548841472|trial=1,completed,,2026-04-06T01:25:50.909222+00:00,2026-04-06T01:26:17.461464+00:00,False,file_seq__req_0.20x__actual_0.20x,file_seq,0.2,0.19999996810720952,20548841472,20548841472,1,20,20,0,2.0,26.55270030000247,22.415000699984375,46388,False,Mac,Windows,11,3.12.3,qwen3:4b,locality_prompt_v1,Windows exposes total process page-fault counts via GetProcessMemoryInfo; minor and major faults are unavailable.,102744223744.0,102744223744.0,0.0,80463630336.0,80481079296.0,17448960.0,22280593408.0,22263144448.0,-17448960.0,1813786624.0,1813786624.0,0.0,1025970909184.0,1036244389888.0,10273480704.0,233562992128.0,233565609472.0,2617344.0,3440035.0,3446897.0,6862.0,4127322.0,4127609.0,287.0,1.0,2.0,1.0,130150400.0,249417728.0,119267328.0,871096320.0,1734955008.0,863858688.0,0.640625,1.421875,0.78125,1.765625,26.046875,24.28125,24205226.0,251037469781.0,251013264555.0,54074.0,63216.0,9142.0,,,,,,,69459.0,98843.0,29384.0
pilot=0|mode=file_seq|requested=0.2000|actual_bytes=20548841472|trial=2,completed,,2026-04-06T01:26:17.462464+00:00,2026-04-06T01:26:44.327349+00:00,False,file_seq__req_0.20x__actual_0.20x,file_seq,0.2,0.19999996810720952,20548841472,20548841472,2,20,20,0,2.0,26.865823000029195,22.751358700043056,29564,False,Mac,Windows,11,3.12.3,qwen3:4b,locality_prompt_v1,Windows exposes total process page-fault counts via GetProcessMemoryInfo; minor and major faults are unavailable.,102744223744.0,102744223744.0,0.0,80481140736.0,80506781696.0,25640960.0,22263083008.0,22237442048.0,-25640960.0,1813786624.0,1813786624.0,0.0,1036244389888.0,1036244389888.0,0.0,233565609472.0,233567632896.0,2023424.0,3446897.0,3446897.0,0.0,4127609.0,4127838.0,229.0,1.0,2.0,1.0,130146304.0,249597952.0,119451648.0,871096320.0,1734889472.0,863793152.0,0.640625,1.265625,0.625,1.796875,27.78125,25.984375,24310260.0,275218683551.0,275194373291.0,64735.0,73883.0,9148.0,,,,,,,69459.0,98903.0,29444.0
pilot=0|mode=file_seq|requested=0.2000|actual_bytes=20548841472|trial=3,completed,,2026-04-06T01:26:44.329412+00:00,2026-04-06T01:27:11.008602+00:00,False,file_seq__req_0.20x__actual_0.20x,file_seq,0.2,0.19999996810720952,20548841472,20548841472,3,20,20,0,2.0,26.679849300009664,22.545313900045585,56120,False,Mac,Windows,11,3.12.3,qwen3:4b,locality_prompt_v1,Windows exposes total process page-fault counts via GetProcessMemoryInfo; minor and major faults are unavailable.,102744223744.0,102744223744.0,0.0,80506843136.0,80495464448.0,-11378688.0,22237380608.0,22248759296.0,11378688.0,1813786624.0,1813786624.0,0.0,1036244389888.0,1036244615168.0,225280.0,233567632896.0,233570237952.0,2605056.0,3446897.0,3446902.0,5.0,4127838.0,4128179.0,341.0,1.0,2.0,1.0,130166784.0,249757696.0,119590912.0,871096320.0,1735213056.0,864116736.0,0.671875,1.703125,1.03125,1.84375,26.9375,25.09375,24415294.0,262915948777.0,262891533483.0,75388.0,84530.0,9142.0,,,,,,,69465.0,98925.0,29460.0
pilot=0|mode=file_seq|requested=0.3000|actual_bytes=30823264256|trial=1,completed,,2026-04-06T01:27:11.010602+00:00,2026-04-06T01:27:37.636375+00:00,False,file_seq__req_0.30x__actual_0.30x,file_seq,0.3,0.29999997209380835,30823264256,30823264256,1,20,20,0,2.0,26.62683790002484,22.495184100000188,19864,False,Mac,Windows,11,3.12.3,qwen3:4b,locality_prompt_v1,Windows exposes total process page-fault counts via GetProcessMemoryInfo; minor and major faults are unavailable.,102744223744.0,102744223744.0,0.0,80495513600.0,80440651776.0,-54861824.0,22248710144.0,22303571968.0,54861824.0,1813786624.0,1813786624.0,0.0,1036244615168.0,1046519415296.0,10274800128.0,233570237952.0,233573359104.0,3121152.0,3446902.0,3453708.0,6806.0,4128179.0,4128534.0,355.0,1.0,2.0,1.0,130199552.0,249995264.0,119795712.0,871096320.0,1735479296.0,864382976.0,0.703125,1.46875,0.765625,1.859375,25.890625,24.03125,24520328.0,241802619699.0,241778099371.0,86039.0,95186.0,9147.0,,,,,,,69473.0,99037.0,29564.0
pilot=0|mode=file_seq|requested=0.3000|actual_bytes=30823264256|trial=2,completed,,2026-04-06T01:27:37.638497+00:00,2026-04-06T01:28:04.547677+00:00,False,file_seq__req_0.30x__actual_0.30x,file_seq,0.3,0.29999997209380835,30823264256,30823264256,2,20,20,0,2.0,26.909856399986893,22.7602421999909,37820,False,Mac,Windows,11,3.12.3,qwen3:4b,locality_prompt_v1,Windows exposes total process page-fault counts via GetProcessMemoryInfo; minor and major faults are unavailable.,102744223744.0,102744223744.0,0.0,80440713216.0,80446242816.0,5529600.0,22303510528.0,22297980928.0,-5529600.0,1813786624.0,1813786624.0,0.0,1046519415296.0,1046519423488.0,8192.0,233573359104.0,233576013312.0,2654208.0,3453708.0,3453710.0,2.0,4128534.0,4128815.0,281.0,1.0,2.0,1.0,130207744.0,249696256.0,119488512.0,871096320.0,1734975488.0,863879168.0,0.71875,1.53125,0.8125,1.890625,27.3125,25.421875,24625362.0,258768008573.0,258743383211.0,96705.0,105847.0,9142.0,,,,,,,69474.0,98960.0,29486.0
pilot=0|mode=file_seq|requested=0.3000|actual_bytes=30823264256|trial=3,completed,,2026-04-06T01:28:04.548679+00:00,2026-04-06T01:28:31.410307+00:00,False,file_seq__req_0.30x__actual_0.30x,file_seq,0.3,0.29999997209380835,30823264256,30823264256,3,20,20,0,2.0,26.861910699983127,22.70659549999982,52704,False,Mac,Windows,11,3.12.3,qwen3:4b,locality_prompt_v1,Windows exposes total process page-fault counts via GetProcessMemoryInfo; minor and major faults are unavailable.,102744223744.0,102744223744.0,0.0,80446308352.0,80468434944.0,22126592.0,22297915392.0,22275788800.0,-22126592.0,1813786624.0,1813786624.0,0.0,1046519423488.0,1046519425536.0,2048.0,233576013312.0,233579132416.0,3119104.0,3453710.0,3453714.0,4.0,4128815.0,4129222.0,407.0,1.0,2.0,1.0,130207744.0,249778176.0,119570432.0,871096320.0,1734963200.0,863866880.0,0.734375,1.578125,0.84375,1.90625,27.390625,25.484375,24730396.0,264040353735.0,264015623339.0,107350.0,116495.0,9145.0,,,,,,,69474.0,98956.0,29482.0
pilot=0|mode=file_seq|requested=0.4000|actual_bytes=41097687040|trial=1,completed,,2026-04-06T01:28:31.412306+00:00,2026-04-06T01:28:58.638352+00:00,False,file_seq__req_0.40x__actual_0.40x,file_seq,0.4,0.39999997608040716,41097687040,41097687040,1,20,20,0,2.0,27.227120099996682,23.071436400001403,50260,False,Mac,Windows,11,3.12.3,qwen3:4b,locality_prompt_v1,Windows exposes total process page-fault counts via GetProcessMemoryInfo; minor and major faults are unavailable.,102744223744.0,102744223744.0,0.0,80468492288.0,80428523520.0,-39968768.0,22275731456.0,22315700224.0,39968768.0,1813786624.0,1813786624.0,0.0,1046519425536.0,1056790161920.0,10270736384.0,233579132416.0,233614632448.0,35500032.0,3453714.0,3460540.0,6826.0,4129222.0,4129632.0,410.0,1.0,2.0,1.0,130310144.0,249860096.0,119549952.0,871133184.0,1735159808.0,864026624.0,0.765625,1.609375,0.84375,1.953125,26.78125,24.828125,24835430.0,204200733203.0,204175897773.0,118006.0,127156.0,9150.0,,,,,,,69507.0,98991.0,29484.0
pilot=0|mode=file_seq|requested=0.4000|actual_bytes=41097687040|trial=2,completed,,2026-04-06T01:28:58.640353+00:00,2026-04-06T01:29:25.662123+00:00,False,file_seq__req_0.40x__actual_0.40x,file_seq,0.4,0.39999997608040716,41097687040,41097687040,2,20,20,0,2.0,27.02235559996916,22.833922299963888,42344,False,Mac,Windows,11,3.12.3,qwen3:4b,locality_prompt_v1,Windows exposes total process page-fault counts via GetProcessMemoryInfo; minor and major faults are unavailable.,102744223744.0,102744223744.0,0.0,80428138496.0,80491667456.0,63528960.0,22316085248.0,22252556288.0,-63528960.0,1813786624.0,1813786624.0,0.0,1056790161920.0,1056790161920.0,0.0,233614632448.0,233616918016.0,2285568.0,3460540.0,3460540.0,0.0,4129632.0,4129931.0,299.0,1.0,2.0,1.0,130322432.0,249827328.0,119504896.0,871133184.0,1735110656.0,863977472.0,0.796875,1.640625,0.84375,1.953125,27.40625,25.453125,24940464.0,261410743389.0,261385802925.0,128679.0,137834.0,9155.0,,,,,,,69509.0,98968.0,29459.0
pilot=0|mode=file_seq|requested=0.4000|actual_bytes=41097687040|trial=3,completed,,2026-04-06T01:29:25.664235+00:00,2026-04-06T01:29:52.807347+00:00,False,file_seq__req_0.40x__actual_0.40x,file_seq,0.4,0.39999997608040716,41097687040,41097687040,3,20,20,0,2.0,27.143959500011988,22.988088399986736,10848,False,Mac,Windows,11,3.12.3,qwen3:4b,locality_prompt_v1,Windows exposes total process page-fault counts via GetProcessMemoryInfo; minor and major faults are unavailable.,102744223744.0,102744223744.0,0.0,80491732992.0,80522272768.0,30539776.0,22252490752.0,22221950976.0,-30539776.0,1813786624.0,1813786624.0,0.0,1056790161920.0,1056790161920.0,0.0,233616918016.0,233618961920.0,2043904.0,3460540.0,3460540.0,0.0,4129931.0,4130132.0,201.0,1.0,2.0,1.0,130338816.0,250355712.0,120016896.0,871133184.0,1735585792.0,864452608.0,0.796875,1.609375,0.8125,1.96875,27.609375,25.640625,25045498.0,258957180583.0,258932135085.0,139342.0,148488.0,9146.0,,,,,,,69513.0,99076.0,29563.0
pilot=0|mode=file_seq|requested=0.5000|actual_bytes=51372109824|trial=1,completed,,2026-04-06T01:29:52.809391+00:00,2026-04-06T01:30:20.347673+00:00,False,file_seq__req_0.50x__actual_0.50x,file_seq,0.5,0.49999998006700597,51372109824,51372109824,1,20,20,0,2.0,27.539317500020843,23.179611600004137,47008,False,Mac,Windows,11,3.12.3,qwen3:4b,locality_prompt_v1,Windows exposes total process page-fault counts via GetProcessMemoryInfo; minor and major faults are unavailable.,102744223744.0,102744223744.0,0.0,80522334208.0,80383201280.0,-139132928.0,22221889536.0,22361022464.0,139132928.0,1813786624.0,1813786624.0,0.0,1056790161920.0,1067068631552.0,10278469632.0,233618961920.0,233622545920.0,3584000.0,3460540.0,3467556.0,7016.0,4130132.0,4130529.0,397.0,1.0,2.0,1.0,130338816.0,249745408.0,119406592.0,871133184.0,1735077888.0,863944704.0,0.8125,1.640625,0.828125,2.0,26.8125,24.8125,25150532.0,181624735985.0,181599585453.0,149996.0,159142.0,9146.0,,,,,,,69513.0,98995.0,29482.0
pilot=0|mode=file_seq|requested=0.5000|actual_bytes=51372109824|trial=2,completed,,2026-04-06T01:30:20.349959+00:00,2026-04-06T01:30:47.616218+00:00,False,file_seq__req_0.50x__actual_0.50x,file_seq,0.5,0.49999998006700597,51372109824,51372109824,2,20,20,0,2.0,27.267707100021653,22.94891200005077,54084,False,Mac,Windows,11,3.12.3,qwen3:4b,locality_prompt_v1,Windows exposes total process page-fault counts via GetProcessMemoryInfo; minor and major faults are unavailable.,102744223744.0,102744223744.0,0.0,80387002368.0,80438677504.0,51675136.0,22357221376.0,22305546240.0,-51675136.0,1813786624.0,1813786624.0,0.0,1067068631552.0,1067068692992.0,61440.0,233622545920.0,233625740800.0,3194880.0,3467556.0,3467558.0,2.0,4130529.0,4130923.0,394.0,1.0,2.0,1.0,130301952.0,249495552.0,119193600.0,871059456.0,1734422528.0,863363072.0,0.84375,1.78125,0.9375,2.03125,27.859375,25.828125,25255566.0,215385068347.0,215359812781.0,160657.0,169807.0,9150.0,,,,,,,69514.0,98942.0,29428.0
pilot=0|mode=file_seq|requested=0.5000|actual_bytes=51372109824|trial=3,completed,,2026-04-06T01:30:47.618221+00:00,2026-04-06T01:31:14.810361+00:00,False,file_seq__req_0.50x__actual_0.50x,file_seq,0.5,0.49999998006700597,51372109824,51372109824,3,20,20,0,2.0,27.193194299994502,22.94097850000253,52704,False,Mac,Windows,11,3.12.3,qwen3:4b,locality_prompt_v1,Windows exposes total process page-fault counts via GetProcessMemoryInfo; minor and major faults are unavailable.,102744223744.0,102744223744.0,0.0,80438738944.0,80451174400.0,12435456.0,22305484800.0,22293049344.0,-12435456.0,1813786624.0,1813786624.0,0.0,1067068692992.0,1067068692992.0,0.0,233625740800.0,233628255744.0,2514944.0,3467558.0,3467558.0,0.0,4130923.0,4131229.0,306.0,1.0,2.0,1.0,130301952.0,249987072.0,119685120.0,871059456.0,1735217152.0,864157696.0,0.890625,1.921875,1.03125,2.03125,27.375,25.34375,25360600.0,212092644741.0,212067284141.0,171316.0,180464.0,9148.0,,,,,,,69514.0,98999.0,29485.0
pilot=0|mode=file_seq|requested=0.6000|actual_bytes=61646532608|trial=1,completed,,2026-04-06T01:31:14.813363+00:00,2026-04-06T01:31:42.026907+00:00,False,file_seq__req_0.60x__actual_0.60x,file_seq,0.6,0.5999999840536048,61646532608,61646532608,1,20,20,0,2.0,27.215034799999557,23.029265100019984,44348,False,Mac,Windows,11,3.12.3,qwen3:4b,locality_prompt_v1,Windows exposes total process page-fault counts via GetProcessMemoryInfo; minor and major faults are unavailable.,102744223744.0,102744223744.0,0.0,80451235840.0,80434155520.0,-17080320.0,22292987904.0,22310068224.0,17080320.0,1813786624.0,1813786624.0,0.0,1067068692992.0,1077343394304.0,10274701312.0,233628255744.0,233630295552.0,2039808.0,3467558.0,3474335.0,6777.0,4131229.0,4131454.0,225.0,1.0,2.0,1.0,130306048.0,249761792.0,119455744.0,871059456.0,1734873088.0,863813632.0,0.90625,1.65625,0.75,2.09375,26.65625,24.5625,25465634.0,209403254735.0,209377789101.0,181968.0,191093.0,9125.0,,,,,,,69515.0,98998.0,29483.0
pilot=0|mode=file_seq|requested=0.6000|actual_bytes=61646532608|trial=2,completed,,2026-04-06T01:31:42.028908+00:00,2026-04-06T01:32:09.314384+00:00,False,file_seq__req_0.60x__actual_0.60x,file_seq,0.6,0.5999999840536048,61646532608,61646532608,2,20,20,0,2.0,27.286225499992725,23.05226099997526,50552,False,Mac,Windows,11,3.12.3,qwen3:4b,locality_prompt_v1,Windows exposes total process page-fault counts via GetProcessMemoryInfo; minor and major faults are unavailable.,102744223744.0,102744223744.0,0.0,80434216960.0,80434348032.0,131072.0,22310006784.0,22309875712.0,-131072.0,1813786624.0,1813786624.0,0.0,1077343394304.0,1077343427072.0,32768.0,233630295552.0,233633838592.0,3543040.0,3474335.0,3474337.0,2.0,4131454.0,4131858.0,404.0,1.0,2.0,1.0,130318336.0,249843712.0,119525376.0,871059456.0,1735032832.0,863973376.0,0.921875,1.609375,0.6875,2.109375,28.125,26.015625,25570668.0,220409213465.0,220383642797.0,192606.0,201732.0,9126.0,,,,,,,69518.0,99027.0,29509.0
pilot=0|mode=file_seq|requested=0.6000|actual_bytes=61646532608|trial=3,completed,,2026-04-06T01:32:09.316761+00:00,2026-04-06T01:32:36.619726+00:00,False,file_seq__req_0.60x__actual_0.60x,file_seq,0.6,0.5999999840536048,61646532608,61646532608,3,20,20,0,2.0,27.30418199999258,23.052630999998655,41508,False,Mac,Windows,11,3.12.3,qwen3:4b,locality_prompt_v1,Windows exposes total process page-fault counts via GetProcessMemoryInfo; minor and major faults are unavailable.,102744223744.0,102744223744.0,0.0,80434405376.0,80442753024.0,8347648.0,22309818368.0,22301470720.0,-8347648.0,1813786624.0,1813786624.0,0.0,1077343427072.0,1077343427072.0,0.0,233633838592.0,233636079104.0,2240512.0,3474337.0,3474337.0,0.0,4131858.0,4132151.0,293.0,1.0,2.0,1.0,130318336.0,249626624.0,119308288.0,871059456.0,1734811648.0,863752192.0,0.96875,1.65625,0.6875,2.140625,27.984375,25.84375,25675702.0,225056607331.0,225030931629.0,203236.0,212360.0,9124.0,,,,,,,69518.0,98927.0,29409.0
pilot=0|mode=file_seq|requested=0.7000|actual_bytes=71920955392|trial=1,completed,,2026-04-06T01:32:36.621898+00:00,2026-04-06T01:33:03.889858+00:00,False,file_seq__req_0.70x__actual_0.70x,file_seq,0.7,0.6999999880402036,71920955392,71920955392,1,20,20,0,2.0,27.268735399993602,23.10597219999181,29772,False,Mac,Windows,11,3.12.3,qwen3:4b,locality_prompt_v1,Windows exposes total process page-fault counts via GetProcessMemoryInfo; minor and major faults are unavailable.,102744223744.0,102744223744.0,0.0,80442834944.0,80416800768.0,-26034176.0,22301388800.0,22327422976.0,26034176.0,1813786624.0,1813786624.0,0.0,1077343427072.0,1087617686016.0,10274258944.0,233636079104.0,233649821184.0,13742080.0,3474337.0,3481155.0,6818.0,4132151.0,4132459.0,308.0,1.0,2.0,1.0,130318336.0,249524224.0,119205888.0,871059456.0,1734631424.0,863571968.0,0.984375,1.71875,0.734375,2.15625,26.890625,24.734375,25780736.0,211985364653.0,211959583917.0,213862.0,222991.0,9129.0,,,,,,,69518.0,98885.0,29367.0
pilot=0|mode=file_seq|requested=0.7000|actual_bytes=71920955392|trial=2,completed,,2026-04-06T01:33:03.891859+00:00,2026-04-06T01:33:31.329746+00:00,False,file_seq__req_0.70x__actual_0.70x,file_seq,0.7,0.6999999880402036,71920955392,71920955392,2,20,20,0,2.0,27.438980699982494,23.197358100034762,40764,False,Mac,Windows,11,3.12.3,qwen3:4b,locality_prompt_v1,Windows exposes total process page-fault counts via GetProcessMemoryInfo; minor and major faults are unavailable.,102744223744.0,102744223744.0,0.0,80415219712.0,80470257664.0,55037952.0,22329004032.0,22273966080.0,-55037952.0,1813786624.0,1813786624.0,0.0,1087617686016.0,1087618345472.0,659456.0,233649821184.0,233652495872.0,2674688.0,3481155.0,3481167.0,12.0,4132459.0,4132818.0,359.0,1.0,2.0,1.0,130322432.0,250028032.0,119705600.0,871059456.0,1735233536.0,864174080.0,1.015625,1.765625,0.75,2.171875,28.203125,26.03125,25885770.0,222938075938.0,222912190168.0,224512.0,233640.0,9128.0,,,,,,,69519.0,99065.0,29546.0
pilot=0|mode=file_seq|requested=0.7000|actual_bytes=71920955392|trial=3,completed,,2026-04-06T01:33:31.331746+00:00,2026-04-06T01:33:59.122042+00:00,False,file_seq__req_0.70x__actual_0.70x,file_seq,0.7,0.6999999880402036,71920955392,71920955392,3,20,20,0,2.0,27.79121190001024,23.442351300036535,36624,False,Mac,Windows,11,3.12.3,qwen3:4b,locality_prompt_v1,Windows exposes total process page-fault counts via GetProcessMemoryInfo; minor and major faults are unavailable.,102744223744.0,102744223744.0,0.0,80469639168.0,80366997504.0,-102641664.0,22274584576.0,22377226240.0,102641664.0,1813786624.0,1813786624.0,0.0,1087618345472.0,1087619939840.0,1594368.0,233652495872.0,233655969280.0,3473408.0,3481167.0,3481194.0,27.0,4132818.0,4133199.0,381.0,1.0,2.0,1.0,130367488.0,250253312.0,119885824.0,871133184.0,1735380992.0,864247808.0,1.03125,1.9375,0.90625,2.203125,28.640625,26.4375,25990804.0,224435493697.0,224409502893.0,235151.0,244282.0,9131.0,,,,,,,69532.0,99119.0,29587.0
pilot=0|mode=file_seq|requested=0.8000|actual_bytes=82195378176|trial=1,completed,,2026-04-06T01:33:59.125045+00:00,2026-04-06T01:34:26.608123+00:00,False,file_seq__req_0.80x__actual_0.80x,file_seq,0.8,0.7999999920268024,82195378176,82195378176,1,20,20,0,2.0,27.484580899996217,23.06391959998291,44808,False,Mac,Windows,11,3.12.3,qwen3:4b,locality_prompt_v1,Windows exposes total process page-fault counts via GetProcessMemoryInfo; minor and major faults are unavailable.,102744223744.0,102744223744.0,0.0,80367038464.0,80455835648.0,88797184.0,22377185280.0,22288388096.0,-88797184.0,1813786624.0,1813786624.0,0.0,1087619939840.0,1148417757696.0,60797817856.0,233655969280.0,233669711360.0,13742080.0,3481194.0,3522847.0,41653.0,4133199.0,4135612.0,2413.0,1.0,2.0,1.0,130371584.0,250343424.0,119971840.0,871133184.0,1735602176.0,864468992.0,1.0625,1.796875,0.734375,2.28125,20.53125,18.25,26095838.0,132748289974.0,132722194136.0,245794.0,254925.0,9131.0,,,,,,,69533.0,99102.0,29569.0
pilot=0|mode=file_seq|requested=0.8000|actual_bytes=82195378176|trial=2,completed,,2026-04-06T01:34:26.611127+00:00,2026-04-06T01:34:54.276854+00:00,False,file_seq__req_0.80x__actual_0.80x,file_seq,0.8,0.7999999920268024,82195378176,82195378176,2,20,20,0,2.0,27.66721189999953,23.140544899972156,17100,False,Mac,Windows,11,3.12.3,qwen3:4b,locality_prompt_v1,Windows exposes total process page-fault counts via GetProcessMemoryInfo; minor and major faults are unavailable.,102744223744.0,102744223744.0,0.0,80455524352.0,80422678528.0,-32845824.0,22288699392.0,22321545216.0,32845824.0,1813786624.0,1813786624.0,0.0,1148417758720.0,1216764445184.0,68346686464.0,233669711360.0,233672201728.0,2490368.0,3522848.0,3570851.0,48003.0,4135612.0,4135952.0,340.0,1.0,2.0,1.0,130371584.0,249716736.0,119345152.0,871133184.0,1735049216.0,863916032.0,1.09375,2.0625,0.96875,2.328125,18.9375,16.609375,26200872.0,118865248768.0,118839047896.0,256442.0,265574.0,9132.0,,,,,,,69533.0,98983.0,29450.0
pilot=0|mode=file_seq|requested=0.8000|actual_bytes=82195378176|trial=3,completed,,2026-04-06T01:34:54.279909+00:00,2026-04-06T01:35:21.921217+00:00,False,file_seq__req_0.80x__actual_0.80x,file_seq,0.8,0.7999999920268024,82195378176,82195378176,3,20,20,0,2.0,27.642425499972887,23.159645100007765,15228,False,Mac,Windows,11,3.12.3,qwen3:4b,locality_prompt_v1,Windows exposes total process page-fault counts via GetProcessMemoryInfo; minor and major faults are unavailable.,102744223744.0,102744223744.0,0.0,80422739968.0,80376078336.0,-46661632.0,22321483776.0,22368145408.0,46661632.0,1813786624.0,1813786624.0,0.0,1216764446720.0,1290127360512.0,73362913792.0,233672201728.0,233676248576.0,4046848.0,3570852.0,3622359.0,51507.0,4135952.0,4136447.0,495.0,1.0,2.0,1.0,130330624.0,249839616.0,119508992.0,871059456.0,1735049216.0,863989760.0,1.125,1.953125,0.828125,2.359375,19.40625,17.046875,26305906.0,109965040714.0,109938734808.0,267091.0,276219.0,9128.0,,,,,,,69533.0,99008.0,29475.0
pilot=0|mode=file_seq|requested=0.9000|actual_bytes=92469800960|trial=1,completed,,2026-04-06T01:35:21.923217+00:00,2026-04-06T01:35:49.403092+00:00,False,file_seq__req_0.90x__actual_0.90x,file_seq,0.9,0.8999999960134012,92469800960,92469800960,1,20,20,0,2.0,27.481035199947655,23.05842949997168,53824,False,Mac,Windows,11,3.12.3,qwen3:4b,locality_prompt_v1,Windows exposes total process page-fault counts via GetProcessMemoryInfo; minor and major faults are unavailable.,102744223744.0,102744223744.0,0.0,80376139776.0,80404332544.0,28192768.0,22368083968.0,22339891200.0,-28192768.0,1813786624.0,1813786624.0,0.0,1290127363072.0,1367581558784.0,77454195712.0,233676248576.0,233678870016.0,2621440.0,3622360.0,3676134.0,53774.0,4136447.0,4136795.0,348.0,1.0,2.0,1.0,130330624.0,250163200.0,119832576.0,871059456.0,1735249920.0,864190464.0,1.140625,1.96875,0.828125,2.390625,18.875,16.484375,26410940.0,105186211476.0,105159800536.0,277739.0,286866.0,9127.0,,,,,,,69533.0,99055.0,29522.0
pilot=0|mode=file_seq|requested=0.9000|actual_bytes=92469800960|trial=2,completed,,2026-04-06T01:35:49.405091+00:00,2026-04-06T01:36:17.682192+00:00,False,file_seq__req_0.90x__actual_0.90x,file_seq,0.9,0.8999999960134012,92469800960,92469800960,2,20,20,0,2.0,28.277507000020705,23.747623400005978,53196,False,Mac,Windows,11,3.12.3,qwen3:4b,locality_prompt_v1,Windows exposes total process page-fault counts via GetProcessMemoryInfo; minor and major faults are unavailable.,102744223744.0,102744223744.0,0.0,80404443136.0,80393433088.0,-11010048.0,22339780608.0,22350790656.0,11010048.0,1813786624.0,1813393408.0,-393216.0,1367581562880.0,1450353278464.0,82771715584.0,233678870016.0,233695717376.0,16847360.0,3676136.0,3736300.0,60164.0,4136795.0,4137798.0,1003.0,1.0,2.0,1.0,130334720.0,250011648.0,119676928.0,871059456.0,1735221248.0,864161792.0,1.1875,1.96875,0.78125,2.421875,19.09375,16.671875,26515974.0,95342285022.0,95315769048.0,288385.0,297514.0,9129.0,,,,,,,69535.0,99068.0,29533.0
pilot=0|mode=file_seq|requested=0.9000|actual_bytes=92469800960|trial=3,completed,,2026-04-06T01:36:17.684226+00:00,2026-04-06T01:36:45.397174+00:00,False,file_seq__req_0.90x__actual_0.90x,file_seq,0.9,0.8999999960134012,92469800960,92469800960,3,20,20,0,2.0,27.71419779997086,23.23820739996154,21580,False,Mac,Windows,11,3.12.3,qwen3:4b,locality_prompt_v1,Windows exposes total process page-fault counts via GetProcessMemoryInfo; minor and major faults are unavailable.,102744223744.0,102744223744.0,0.0,80393523200.0,80447258624.0,53735424.0,22350700544.0,22296965120.0,-53735424.0,1813393408.0,1813393408.0,0.0,1450353278976.0,1536692833280.0,86339554304.0,233695717376.0,233697990656.0,2273280.0,3736301.0,3796288.0,59987.0,4137798.0,4138072.0,274.0,1.0,2.0,1.0,130342912.0,249905152.0,119562240.0,871059456.0,1735073792.0,864014336.0,1.203125,2.0,0.796875,2.453125,18.609375,16.15625,26621008.0,89182976808.0,89156355800.0,299039.0,308167.0,9128.0,,,,,,,69536.0,99007.0,29471.0
pilot=0|mode=file_seq|requested=1.0000|actual_bytes=102744223744|trial=1,completed,,2026-04-06T01:36:45.400175+00:00,2026-04-06T01:37:13.043864+00:00,False,file_seq__req_1.00x__actual_1.00x,file_seq,1.0,1.0,102744223744,102744223744,1,20,20,0,2.0,27.644627999980003,23.14201569999568,53616,False,Mac,Windows,11,3.12.3,qwen3:4b,locality_prompt_v1,Windows exposes total process page-fault counts via GetProcessMemoryInfo; minor and major faults are unavailable.,102744223744.0,102744223744.0,0.0,80447320064.0,80402960384.0,-44359680.0,22296903680.0,22341263360.0,44359680.0,1813393408.0,1813393408.0,0.0,1536692834816.0,1624354737152.0,87661902336.0,233697990656.0,233714118656.0,16128000.0,3796289.0,3857521.0,61232.0,4138072.0,4138459.0,387.0,1.0,2.0,1.0,130342912.0,249978880.0,119635968.0,871059456.0,1735065600.0,864006144.0,1.21875,1.96875,0.75,2.453125,18.265625,15.8125,26726042.0,87639577970.0,87612851928.0,309681.0,318579.0,8898.0,,,,,,,69536.0,99047.0,29511.0
pilot=0|mode=file_seq|requested=1.0000|actual_bytes=102744223744|trial=2,completed,,2026-04-06T01:37:13.045943+00:00,2026-04-06T01:37:41.202513+00:00,False,file_seq__req_1.00x__actual_1.00x,file_seq,1.0,1.0,102744223744,102744223744,2,20,20,0,2.0,28.157226499984972,23.556065600016154,21216,False,Mac,Windows,11,3.12.3,qwen3:4b,locality_prompt_v1,Windows exposes total process page-fault counts via GetProcessMemoryInfo; minor and major faults are unavailable.,102744223744.0,102744223744.0,0.0,80403017728.0,80468467712.0,65449984.0,22341206016.0,22275756032.0,-65449984.0,1813393408.0,1813393408.0,0.0,1624354739712.0,1715524116992.0,91169377280.0,233714118656.0,233716985856.0,2867200.0,3857522.0,3920784.0,63262.0,4138459.0,4138817.0,358.0,1.0,2.0,1.0,130342912.0,249966592.0,119623680.0,871059456.0,1735020544.0,863961088.0,1.28125,2.21875,0.9375,2.484375,17.34375,14.859375,26831076.0,91171286972.0,91144455896.0,320083.0,328979.0,8896.0,,,,,,,69536.0,99005.0,29469.0
pilot=0|mode=file_seq|requested=1.0000|actual_bytes=102744223744|trial=3,completed,,2026-04-06T01:37:41.204795+00:00,2026-04-06T01:38:09.200888+00:00,False,file_seq__req_1.00x__actual_1.00x,file_seq,1.0,1.0,102744223744,102744223744,3,20,20,0,2.0,27.997271200001705,23.47872139996616,54216,False,Mac,Windows,11,3.12.3,qwen3:4b,locality_prompt_v1,Windows exposes total process page-fault counts via GetProcessMemoryInfo; minor and major faults are unavailable.,102744223744.0,102744223744.0,0.0,80468529152.0,80424329216.0,-44199936.0,22275694592.0,22319894528.0,44199936.0,1813393408.0,1813393408.0,0.0,1715524120576.0,1805793628160.0,90269507584.0,233716985856.0,233719310336.0,2324480.0,3920785.0,3983654.0,62869.0,4138817.0,4139078.0,261.0,1.0,2.0,1.0,130342912.0,250241024.0,119898112.0,871059456.0,1735278592.0,864219136.0,1.28125,2.0,0.71875,2.5,17.96875,15.46875,26936110.0,90252839430.0,90225903320.0,330486.0,339380.0,8894.0,,,,,,,69536.0,99162.0,29626.0
pilot=0|mode=file_seq|requested=1.1000|actual_bytes=113018642432|trial=1,completed,,2026-04-06T01:38:09.202958+00:00,2026-04-06T01:38:37.034186+00:00,False,file_seq__req_1.10x__actual_1.10x,file_seq,1.1,1.0999999641206106,113018642432,113018642432,1,20,20,0,2.0,27.831598999968264,23.348706500022672,40708,False,Mac,Windows,11,3.12.3,qwen3:4b,locality_prompt_v1,Windows exposes total process page-fault counts via GetProcessMemoryInfo; minor and major faults are unavailable.,102744223744.0,102744223744.0,0.0,80424386560.0,80384638976.0,-39747584.0,22319837184.0,22359584768.0,39747584.0,1813393408.0,1813393408.0,0.0,1805793628672.0,1895783349248.0,89989720576.0,233719310336.0,233720866816.0,1556480.0,3983655.0,4046031.0,62376.0,4139078.0,4139260.0,182.0,1.0,2.0,1.0,130342912.0,250101760.0,119758848.0,871059456.0,1735241728.0,864182272.0,1.34375,2.03125,0.6875,2.53125,17.828125,15.296875,27041144.0,89988703312.0,89961662168.0,340881.0,350074.0,9193.0,,,,,,,69536.0,99111.0,29575.0
pilot=0|mode=file_seq|requested=1.1000|actual_bytes=113018642432|trial=2,completed,,2026-04-06T01:38:37.036188+00:00,2026-04-06T01:39:05.168924+00:00,False,file_seq__req_1.10x__actual_1.10x,file_seq,1.1,1.0999999641206106,113018642432,113018642432,2,20,20,0,2.0,28.133874899998773,23.49460999999428,20136,False,Mac,Windows,11,3.12.3,qwen3:4b,locality_prompt_v1,Windows exposes total process page-fault counts via GetProcessMemoryInfo; minor and major faults are unavailable.,102744223744.0,102744223744.0,0.0,80385290240.0,80429809664.0,44519424.0,22358933504.0,22314414080.0,-44519424.0,1813393408.0,1813393408.0,0.0,1895783350784.0,1985911283200.0,90127932416.0,233720866816.0,233724323840.0,3457024.0,4046032.0,4108590.0,62558.0,4139260.0,4139588.0,328.0,1.0,2.0,1.0,130342912.0,250159104.0,119816192.0,871059456.0,1735299072.0,864239616.0,1.375,2.25,0.875,2.53125,17.578125,15.046875,27146178.0,90131414682.0,90104268504.0,351602.0,360799.0,9197.0,,,,,,,69536.0,99108.0,29572.0
pilot=0|mode=file_seq|requested=1.1000|actual_bytes=113018642432|trial=3,completed,,2026-04-06T01:39:05.171925+00:00,2026-04-06T01:39:33.330155+00:00,False,file_seq__req_1.10x__actual_1.10x,file_seq,1.1,1.0999999641206106,113018642432,113018642432,3,20,20,0,2.0,28.159395300026517,23.67811460001394,28304,False,Mac,Windows,11,3.12.3,qwen3:4b,locality_prompt_v1,Windows exposes total process page-fault counts via GetProcessMemoryInfo; minor and major faults are unavailable.,102744223744.0,102744223744.0,0.0,80429875200.0,80439668736.0,9793536.0,22314348544.0,22304555008.0,-9793536.0,1813393408.0,1813393408.0,0.0,1985911285760.0,2076353273856.0,90441988096.0,233724323840.0,233727469568.0,3145728.0,4108591.0,4171254.0,62663.0,4139588.0,4139962.0,374.0,1.0,2.0,1.0,130363392.0,249901056.0,119537664.0,871096320.0,1735368704.0,864272384.0,1.4375,2.1875,0.75,2.578125,18.703125,16.125,27251212.0,90408343780.0,90381092568.0,362320.0,371520.0,9200.0,,,,,,,69542.0,98987.0,29445.0
pilot=0|mode=file_seq|requested=1.2000|actual_bytes=123293065216|trial=1,completed,,2026-04-06T01:39:33.332551+00:00,2026-04-06T01:40:01.450375+00:00,False,file_seq__req_1.20x__actual_1.20x,file_seq,1.2,1.1999999681072095,123293065216,123293065216,1,20,20,0,2.0,28.11892350000562,23.606752399995457,33920,False,Mac,Windows,11,3.12.3,qwen3:4b,locality_prompt_v1,Windows exposes total process page-fault counts via GetProcessMemoryInfo; minor and major faults are unavailable.,102744223744.0,102744223744.0,0.0,80439734272.0,80375296000.0,-64438272.0,22304489472.0,22368927744.0,64438272.0,1813393408.0,1813393408.0,0.0,2076353277440.0,2167633088000.0,91279810560.0,233727469568.0,233729812480.0,2342912.0,4171255.0,4234558.0,63303.0,4139962.0,4140243.0,281.0,1.0,2.0,1.0,130363392.0,249757696.0,119394304.0,871096320.0,1734975488.0,863879168.0,1.453125,2.328125,0.875,2.625,18.25,15.625,27356246.0,91264086830.0,91236730584.0,373039.0,382240.0,9201.0,,,,,,,69542.0,98951.0,29409.0
pilot=0|mode=file_seq|requested=1.2000|actual_bytes=123293065216|trial=2,completed,,2026-04-06T01:40:01.452382+00:00,2026-04-06T01:40:29.798448+00:00,False,file_seq__req_1.20x__actual_1.20x,file_seq,1.2,1.1999999681072095,123293065216,123293065216,2,20,20,0,2.0,28.34686619997956,23.71648250002181,29664,False,Mac,Windows,11,3.12.3,qwen3:4b,locality_prompt_v1,Windows exposes total process page-fault counts via GetProcessMemoryInfo; minor and major faults are unavailable.,102744223744.0,102744223744.0,0.0,80375361536.0,80356769792.0,-18591744.0,22368862208.0,22387453952.0,18591744.0,1813393408.0,1813262336.0,-131072.0,2167633088512.0,2259851722752.0,92218634240.0,233729812480.0,233733048320.0,3235840.0,4234559.0,4298259.0,63700.0,4140243.0,4140568.0,325.0,1.0,2.0,1.0,130367488.0,250163200.0,119795712.0,871096320.0,1735368704.0,864272384.0,1.484375,2.359375,0.875,2.6875,18.03125,15.34375,27461280.0,92220493176.0,92193031896.0,383759.0,392960.0,9201.0,,,,,,,69543.0,99061.0,29518.0
pilot=0|mode=file_seq|requested=1.2000|actual_bytes=123293065216|trial=3,completed,,2026-04-06T01:40:29.801488+00:00,2026-04-06T01:40:58.007759+00:00,False,file_seq__req_1.20x__actual_1.20x,file_seq,1.2,1.1999999681072095,123293065216,123293065216,3,20,20,0,2.0,28.207503099984024,23.64356779999798,39140,False,Mac,Windows,11,3.12.3,qwen3:4b,locality_prompt_v1,Windows exposes total process page-fault counts via GetProcessMemoryInfo; minor and major faults are unavailable.,102744223744.0,102744223744.0,0.0,80356835328.0,80424767488.0,67932160.0,22387388416.0,22319456256.0,-67932160.0,1813262336.0,1813262336.0,0.0,2259851724288.0,2351837091328.0,91985367040.0,233733048320.0,233746925568.0,13877248.0,4298260.0,4361654.0,63394.0,4140568.0,4140879.0,311.0,1.0,2.0,1.0,130351104.0,250011648.0,119660544.0,871059456.0,1735348224.0,864288768.0,1.484375,2.328125,0.84375,2.703125,18.21875,15.515625,27566314.0,91989911490.0,91962345176.0,394490.0,403692.0,9202.0,,,,,,,69544.0,99076.0,29532.0
pilot=0|mode=file_seq|requested=1.3000|actual_bytes=133567488000|trial=1,completed,,2026-04-06T01:40:58.010256+00:00,2026-04-06T01:41:26.310739+00:00,False,file_seq__req_1.30x__actual_1.30x,file_seq,1.3,1.2999999720938082,133567488000,133567488000,1,20,20,0,2.0,28.301751299994066,23.724050000018906,29148,False,Mac,Windows,11,3.12.3,qwen3:4b,locality_prompt_v1,Windows exposes total process page-fault counts via GetProcessMemoryInfo; minor and major faults are unavailable.,102744223744.0,102744223744.0,0.0,80424833024.0,81666916352.0,1242083328.0,22319390720.0,21077307392.0,-1242083328.0,1813262336.0,1893888000.0,80625664.0,2351837093376.0,2443401694720.0,91564601344.0,233746925568.0,233831315968.0,84390400.0,4361655.0,4424759.0,63104.0,4140879.0,4141225.0,346.0,1.0,2.0,1.0,130351104.0,250183680.0,119832576.0,871059456.0,1735503872.0,864444416.0,1.5,2.25,0.75,2.78125,17.828125,15.046875,27671348.0,91566391820.0,91538720472.0,405223.0,414424.0,9201.0,,,,,,,69544.0,99119.0,29575.0
pilot=0|mode=file_seq|requested=1.3000|actual_bytes=133567488000|trial=2,completed,,2026-04-06T01:41:26.312740+00:00,2026-04-06T01:41:54.807274+00:00,False,file_seq__req_1.30x__actual_1.30x,file_seq,1.3,1.2999999720938082,133567488000,133567488000,2,20,20,0,2.0,28.494962900003884,23.865411199978553,8248,False,Mac,Windows,11,3.12.3,qwen3:4b,locality_prompt_v1,Windows exposes total process page-fault counts via GetProcessMemoryInfo; minor and major faults are unavailable.,102744223744.0,102744223744.0,0.0,81666981888.0,81649307648.0,-17674240.0,21077241856.0,21094916096.0,17674240.0,1893888000.0,1893888000.0,0.0,2443401697792.0,2536241069568.0,92839371776.0,233831315968.0,233833867776.0,2551808.0,4424760.0,4488863.0,64103.0,4141225.0,4141471.0,246.0,1.0,2.0,1.0,130351104.0,249794560.0,119443456.0,871059456.0,1734819840.0,863760384.0,1.5625,2.53125,0.96875,2.78125,17.796875,15.015625,27776382.0,92828982358.0,92801205976.0,415955.0,425144.0,9189.0,,,,,,,69544.0,98965.0,29421.0
pilot=0|mode=file_seq|requested=1.3000|actual_bytes=133567488000|trial=3,completed,,2026-04-06T01:41:54.809279+00:00,2026-04-06T01:42:23.112653+00:00,False,file_seq__req_1.30x__actual_1.30x,file_seq,1.3,1.2999999720938082,133567488000,133567488000,3,20,20,0,2.0,28.303700199991,23.714601399959065,46768,False,Mac,Windows,11,3.12.3,qwen3:4b,locality_prompt_v1,Windows exposes total process page-fault counts via GetProcessMemoryInfo; minor and major faults are unavailable.,102744223744.0,102744223744.0,0.0,81649373184.0,81655488512.0,6115328.0,21094850560.0,21088735232.0,-6115328.0,1893888000.0,1893888000.0,0.0,2536241073664.0,2628503489024.0,92262415360.0,233833867776.0,233836120576.0,2252800.0,4488864.0,4552482.0,63618.0,4141471.0,4141760.0,289.0,1.0,2.0,1.0,130351104.0,250105856.0,119754752.0,871059456.0,1735196672.0,864137216.0,1.609375,2.4375,0.828125,2.796875,17.59375,14.796875,27881416.0,92267050656.0,92239169240.0,426671.0,435874.0,9203.0,,,,,,,69544.0,99094.0,29550.0
pilot=0|mode=file_seq|requested=1.4000|actual_bytes=143841910784|trial=1,completed,,2026-04-06T01:42:23.114496+00:00,2026-04-06T01:42:51.427677+00:00,False,file_seq__req_1.40x__actual_1.40x,file_seq,1.4,1.3999999760804072,143841910784,143841910784,1,20,20,0,2.0,28.314328100008424,23.73338990000775,55368,False,Mac,Windows,11,3.12.3,qwen3:4b,locality_prompt_v1,Windows exposes total process page-fault counts via GetProcessMemoryInfo; minor and major faults are unavailable.,102744223744.0,102744223744.0,0.0,81655549952.0,81725153280.0,69603328.0,21088673792.0,21019070464.0,-69603328.0,1893888000.0,1893888000.0,0.0,2628503490048.0,2720924667392.0,92421177344.0,233836120576.0,233838160384.0,2039808.0,4552483.0,4616095.0,63612.0,4141760.0,4141959.0,199.0,1.0,2.0,1.0,130351104.0,250277888.0,119926784.0,871059456.0,1735397376.0,864337920.0,1.625,2.546875,0.921875,2.84375,17.859375,15.015625,27986450.0,92434927850.0,92406941400.0,437399.0,446595.0,9196.0,,,,,,,69544.0,99104.0,29560.0
pilot=0|mode=file_seq|requested=1.4000|actual_bytes=143841910784|trial=2,completed,,2026-04-06T01:42:51.430679+00:00,2026-04-06T01:43:19.702109+00:00,False,file_seq__req_1.40x__actual_1.40x,file_seq,1.4,1.3999999760804072,143841910784,143841910784,2,20,20,0,2.0,28.273047299997415,23.695329200010747,34704,False,Mac,Windows,11,3.12.3,qwen3:4b,locality_prompt_v1,Windows exposes total process page-fault counts via GetProcessMemoryInfo; minor and major faults are unavailable.,102744223744.0,102744223744.0,0.0,81725214720.0,81679245312.0,-45969408.0,21019009024.0,21064978432.0,45969408.0,1893888000.0,1893888000.0,0.0,2720924669440.0,2812822295552.0,91897626112.0,233838160384.0,233841846784.0,3686400.0,4616096.0,4679652.0,63556.0,4141959.0,4142460.0,501.0,1.0,2.0,1.0,130351104.0,249769984.0,119418880.0,871059456.0,1735114752.0,864055296.0,1.640625,2.578125,0.9375,2.859375,18.203125,15.34375,28091484.0,91877190452.0,91849098968.0,448123.0,457326.0,9203.0,,,,,,,69544.0,98964.0,29420.0
pilot=0|mode=file_seq|requested=1.4000|actual_bytes=143841910784|trial=3,completed,,2026-04-06T01:43:19.704109+00:00,2026-04-06T01:43:47.974550+00:00,False,file_seq__req_1.40x__actual_1.40x,file_seq,1.4,1.3999999760804072,143841910784,143841910784,3,20,20,0,2.0,28.270712499972433,23.72267990000546,22824,False,Mac,Windows,11,3.12.3,qwen3:4b,locality_prompt_v1,Windows exposes total process page-fault counts via GetProcessMemoryInfo; minor and major faults are unavailable.,102744223744.0,102744223744.0,0.0,81679331328.0,81674256384.0,-5074944.0,21064892416.0,21069967360.0,5074944.0,1893888000.0,1893888000.0,0.0,2812822298624.0,2904288651264.0,91466352640.0,233841846784.0,233844079104.0,2232320.0,4679653.0,4742868.0,63215.0,4142460.0,4142687.0,227.0,1.0,2.0,1.0,130351104.0,249937920.0,119586816.0,871059456.0,1735118848.0,864059392.0,1.65625,2.453125,0.796875,2.921875,18.328125,15.40625,28196518.0,91457865086.0,91429668568.0,458856.0,468052.0,9196.0,,,,,,,69544.0,99003.0,29459.0
pilot=0|mode=file_seq|requested=1.5000|actual_bytes=154116333568|trial=1,completed,,2026-04-06T01:43:47.976757+00:00,2026-04-06T01:44:16.088960+00:00,False,file_seq__req_1.50x__actual_1.50x,file_seq,1.5,1.4999999800670059,154116333568,154116333568,1,20,20,0,2.0,28.11357039998984,23.51218149997294,29424,False,Mac,Windows,11,3.12.3,qwen3:4b,locality_prompt_v1,Windows exposes total process page-fault counts via GetProcessMemoryInfo; minor and major faults are unavailable.,102744223744.0,102744223744.0,0.0,81674321920.0,81662525440.0,-11796480.0,21069901824.0,21081698304.0,11796480.0,1893888000.0,1893888000.0,0.0,2904288655360.0,2995721817600.0,91433162240.0,233844079104.0,233847171584.0,3092480.0,4742869.0,4806040.0,63171.0,4142687.0,4142996.0,309.0,1.0,2.0,1.0,130351104.0,250068992.0,119717888.0,871059456.0,1735401472.0,864342016.0,1.71875,2.5,0.78125,2.96875,18.109375,15.140625,28301552.0,91420221384.0,91391919832.0,469580.0,478774.0,9194.0,,,,,,,69544.0,99052.0,29508.0
pilot=0|mode=file_seq|requested=1.5000|actual_bytes=154116333568|trial=2,completed,,2026-04-06T01:44:16.090960+00:00,2026-04-06T01:44:44.891480+00:00,False,file_seq__req_1.50x__actual_1.50x,file_seq,1.5,1.4999999800670059,154116333568,154116333568,2,20,20,0,2.0,28.800812500005122,24.208685600024182,11820,False,Mac,Windows,11,3.12.3,qwen3:4b,locality_prompt_v1,Windows exposes total process page-fault counts via GetProcessMemoryInfo; minor and major faults are unavailable.,102744223744.0,102744223744.0,0.0,81662586880.0,81469227008.0,-193359872.0,21081636864.0,21274996736.0,193359872.0,1893888000.0,1893888000.0,0.0,2995721818624.0,3088253593600.0,92531774976.0,233847171584.0,233860078080.0,12906496.0,4806041.0,4883011.0,76970.0,4142996.0,4145048.0,2052.0,1.0,2.0,1.0,130351104.0,249946112.0,119595008.0,871059456.0,1735327744.0,864268288.0,1.75,2.65625,0.90625,3.015625,19.265625,16.25,28406586.0,91558738450.0,91530331864.0,480297.0,489498.0,9201.0,,,,,,,69544.0,99022.0,29478.0
pilot=0|mode=file_seq|requested=1.5000|actual_bytes=154116333568|trial=3,completed,,2026-04-06T01:44:44.893482+00:00,2026-04-06T01:45:13.667120+00:00,False,file_seq__req_1.50x__actual_1.50x,file_seq,1.5,1.4999999800670059,154116333568,154116333568,3,20,20,0,2.0,28.774182000022847,23.954640200012363,45452,False,Mac,Windows,11,3.12.3,qwen3:4b,locality_prompt_v1,Windows exposes total process page-fault counts via GetProcessMemoryInfo; minor and major faults are unavailable.,102744223744.0,102744223744.0,0.0,81469292544.0,81405390848.0,-63901696.0,21274931200.0,21338832896.0,63901696.0,1893888000.0,1893888000.0,0.0,3088253595648.0,3180291011072.0,92037415424.0,233860078080.0,233884858880.0,24780800.0,4883012.0,4948640.0,65628.0,4145048.0,4147045.0,1997.0,1.0,2.0,1.0,130351104.0,249880576.0,119529472.0,871059456.0,1735180288.0,864120832.0,1.78125,2.828125,1.046875,3.046875,18.90625,15.859375,28511620.0,91906970716.0,91878459096.0,491025.0,500228.0,9203.0,,,,,,,69544.0,98988.0,29444.0
pilot=0|mode=none|requested=0.0000|actual_bytes=0|trial=1,completed,,2026-04-15T01:38:23.616721+00:00,2026-04-15T01:38:42.824462+00:00,False,none_baseline,none,0.0,0.0,0,0,1,20,20,0,0.0,19.20825869985856,18.58733440004289,,False,Mac,Windows,11,3.12.3,qwen3:4b,locality_prompt_v1,Windows exposes total process page-fault counts via GetProcessMemoryInfo; minor and major faults are unavailable.,102744223744.0,102744223744.0,0.0,62189494272.0,62162964480.0,-26529792.0,40554729472.0,40581259264.0,26529792.0,326225920.0,326225920.0,0.0,3319761009152.0,3319761009152.0,0.0,479667184640.0,479669814272.0,2629632.0,7226409.0,7226409.0,0.0,14457389.0,14457689.0,300.0,1.0,1.0,0.0,122695680.0,126873600.0,4177920.0,866648064.0,867147776.0,499712.0,0.4375,0.53125,0.09375,1.953125,2.09375,0.140625,23767089.0,23769129.0,2040.0,1011.0,6458.0,5447.0,,,,,,,68654.0,68662.0,8.0
pilot=0|mode=none|requested=0.0000|actual_bytes=0|trial=2,completed,,2026-04-15T01:38:42.826044+00:00,2026-04-15T01:39:01.880100+00:00,False,none_baseline,none,0.0,0.0,0,0,2,20,20,0,0.0,19.05438770004548,19.052470300113782,,False,Mac,Windows,11,3.12.3,qwen3:4b,locality_prompt_v1,Windows exposes total process page-fault counts via GetProcessMemoryInfo; minor and major faults are unavailable.,102744223744.0,102744223744.0,0.0,62162960384.0,62164000768.0,1040384.0,40581263360.0,40580222976.0,-1040384.0,326225920.0,326225920.0,0.0,3319761009152.0,3319761009152.0,0.0,479669814272.0,479673095168.0,3280896.0,7226409.0,7226409.0,0.0,14457689.0,14458090.0,401.0,1.0,1.0,0.0,126889984.0,126902272.0,12288.0,867147776.0,867147776.0,0.0,0.53125,0.5625,0.03125,2.09375,2.140625,0.046875,23769129.0,23770909.0,1780.0,7594.0,12784.0,5190.0,,,,,,,68665.0,68670.0,5.0
pilot=0|mode=none|requested=0.0000|actual_bytes=0|trial=3,completed,,2026-04-15T01:39:01.881703+00:00,2026-04-15T01:39:21.472465+00:00,False,none_baseline,none,0.0,0.0,0,0,3,20,20,0,0.0,19.591440999880433,19.588618000037968,,False,Mac,Windows,11,3.12.3,qwen3:4b,locality_prompt_v1,Windows exposes total process page-fault counts via GetProcessMemoryInfo; minor and major faults are unavailable.,102744223744.0,102744223744.0,0.0,62163996672.0,62160424960.0,-3571712.0,40580227072.0,40583798784.0,3571712.0,326225920.0,326225920.0,0.0,3319761009152.0,3319761009152.0,0.0,479673095168.0,479674364928.0,1269760.0,7226409.0,7226409.0,0.0,14458090.0,14458293.0,203.0,1.0,1.0,0.0,126914560.0,126877696.0,-36864.0,867147776.0,867041280.0,-106496.0,0.5625,0.5625,0.0,2.140625,2.1875,0.046875,23770909.0,23772689.0,1780.0,13913.0,19122.0,5209.0,,,,,,,68672.0,68676.0,4.0
pilot=0|mode=file_seq|requested=0.2500|actual_bytes=25686052864|trial=1,completed,,2026-04-15T01:39:21.474595+00:00,2026-04-15T01:39:47.052112+00:00,False,file_seq__req_0.25x__actual_0.25x,file_seq,0.25,0.24999997010050892,25686052864,25686052864,1,20,20,0,2.0,25.579913299996406,21.219246899941936,14904,False,Mac,Windows,11,3.12.3,qwen3:4b,locality_prompt_v1,Windows exposes total process page-fault counts via GetProcessMemoryInfo; minor and major faults are unavailable.,102744223744.0,102744223744.0,0.0,62160420864.0,62232326144.0,71905280.0,40583802880.0,40511897600.0,-71905280.0,326225920.0,326225920.0,0.0,3319761009152.0,3345485416448.0,25724407296.0,479674364928.0,479688569856.0,14204928.0,7226409.0,7243958.0,17549.0,14458293.0,14460371.0,2078.0,1.0,2.0,1.0,126877696.0,247037952.0,120160256.0,867041280.0,1732263936.0,865222656.0,0.5625,1.296875,0.734375,2.1875,23.4375,21.25,23772689.0,127692845228.0,127669072539.0,20264.0,29157.0,8893.0,,,,,,,68676.0,98337.0,29661.0
pilot=0|mode=file_seq|requested=0.2500|actual_bytes=25686052864|trial=2,completed,,2026-04-15T01:39:47.056503+00:00,2026-04-15T01:40:12.072356+00:00,False,file_seq__req_0.25x__actual_0.25x,file_seq,0.25,0.24999997010050892,25686052864,25686052864,2,20,20,0,2.0,25.01741599990055,20.529331300174817,12692,False,Mac,Windows,11,3.12.3,qwen3:4b,locality_prompt_v1,Windows exposes total process page-fault counts via GetProcessMemoryInfo; minor and major faults are unavailable.,102744223744.0,102744223744.0,0.0,62232350720.0,62178873344.0,-53477376.0,40511873024.0,40565350400.0,53477376.0,326225920.0,326225920.0,0.0,3345485416448.0,3345485613056.0,196608.0,479688569856.0,479694136320.0,5566464.0,7243958.0,7243960.0,2.0,14460371.0,14461051.0,680.0,1.0,2.0,1.0,127250432.0,247021568.0,119771136.0,868106240.0,1732378624.0,864272384.0,0.578125,1.515625,0.9375,2.203125,25.609375,23.40625,24001768.0,152905111838.0,152881110070.0,30377.0,39272.0,8895.0,,,,,,,68768.0,98282.0,29514.0
pilot=0|mode=file_seq|requested=0.2500|actual_bytes=25686052864|trial=3,completed,,2026-04-15T01:40:12.075363+00:00,2026-04-15T01:40:37.611442+00:00,False,file_seq__req_0.25x__actual_0.25x,file_seq,0.25,0.24999997010050892,25686052864,25686052864,3,20,20,0,2.0,25.538737300084904,21.085628000088036,66496,False,Mac,Windows,11,3.12.3,qwen3:4b,locality_prompt_v1,Windows exposes total process page-fault counts via GetProcessMemoryInfo; minor and major faults are unavailable.,102744223744.0,102744223744.0,0.0,62178828288.0,62186356736.0,7528448.0,40565395456.0,40557867008.0,-7528448.0,326225920.0,326225920.0,0.0,3345485613056.0,3345485883392.0,270336.0,479694136320.0,479696630784.0,2494464.0,7243960.0,7243965.0,5.0,14461051.0,14461380.0,329.0,1.0,2.0,1.0,127275008.0,246710272.0,119435264.0,868106240.0,1731977216.0,863870976.0,0.625,1.3125,0.6875,2.3125,26.59375,24.28125,24106802.0,158278255464.0,158254148662.0,40487.0,49389.0,8902.0,,,,,,,68774.0,98271.0,29497.0
pilot=0|mode=file_seq|requested=0.5000|actual_bytes=51372109824|trial=1,completed,,2026-04-15T01:40:37.614951+00:00,2026-04-15T01:41:03.728099+00:00,False,file_seq__req_0.50x__actual_0.50x,file_seq,0.5,0.49999998006700597,51372109824,51372109824,1,20,20,0,2.0,26.113590100081638,21.619591500144452,49184,False,Mac,Windows,11,3.12.3,qwen3:4b,locality_prompt_v1,Windows exposes total process page-fault counts via GetProcessMemoryInfo; minor and major faults are unavailable.,102744223744.0,102744223744.0,0.0,62186393600.0,63083233280.0,896839680.0,40557830144.0,39660990464.0,-896839680.0,326225920.0,325963776.0,-262144.0,3345485883392.0,3371172972544.0,25687089152.0,479696630784.0,479810954240.0,114323456.0,7243965.0,7261269.0,17304.0,14461380.0,14475587.0,14207.0,1.0,2.0,1.0,127225856.0,246730752.0,119504896.0,867999744.0,1732026368.0,864026624.0,0.65625,1.578125,0.921875,2.34375,23.953125,21.609375,24211836.0,133812658058.0,133788446222.0,50595.0,59484.0,8889.0,,,,,,,68777.0,98280.0,29503.0
pilot=0|mode=file_seq|requested=0.5000|actual_bytes=51372109824|trial=2,completed,,2026-04-15T01:41:03.729107+00:00,2026-04-15T01:41:30.308202+00:00,False,file_seq__req_0.50x__actual_0.50x,file_seq,0.5,0.49999998006700597,51372109824,51372109824,2,20,20,0,2.0,26.578006400028244,22.00732780015096,47356,False,Mac,Windows,11,3.12.3,qwen3:4b,locality_prompt_v1,Windows exposes total process page-fault counts via GetProcessMemoryInfo; minor and major faults are unavailable.,102744223744.0,102744223744.0,0.0,63083261952.0,62945935360.0,-137326592.0,39660961792.0,39798288384.0,137326592.0,325963776.0,325963776.0,0.0,3371172972544.0,3371173005824.0,33280.0,479810954240.0,479816435200.0,5480960.0,7261269.0,7261271.0,2.0,14475587.0,14476040.0,453.0,1.0,2.0,1.0,127229952.0,246468608.0,119238656.0,867999744.0,1731670016.0,863670272.0,0.671875,1.609375,0.9375,2.359375,27.578125,25.21875,24316870.0,158936983548.0,158912666678.0,60721.0,69610.0,8889.0,,,,,,,68778.0,98162.0,29384.0
pilot=0|mode=file_seq|requested=0.5000|actual_bytes=51372109824|trial=3,completed,,2026-04-15T01:41:30.309495+00:00,2026-04-15T01:41:56.800670+00:00,False,file_seq__req_0.50x__actual_0.50x,file_seq,0.5,0.49999998006700597,51372109824,51372109824,3,20,20,0,2.0,26.49078939994797,22.008013299899176,72860,False,Mac,Windows,11,3.12.3,qwen3:4b,locality_prompt_v1,Windows exposes total process page-fault counts via GetProcessMemoryInfo; minor and major faults are unavailable.,102744223744.0,102744223744.0,0.0,62945955840.0,62863523840.0,-82432000.0,39798267904.0,39880699904.0,82432000.0,325963776.0,325963776.0,0.0,3371173005824.0,3371174029824.0,1024000.0,479816435200.0,479822165504.0,5730304.0,7261271.0,7261304.0,33.0,14476040.0,14476520.0,480.0,1.0,2.0,1.0,127258624.0,246960128.0,119701504.0,867999744.0,1732141056.0,864141312.0,0.703125,1.625,0.921875,2.390625,27.796875,25.40625,24421904.0,157854958150.0,157830536246.0,70825.0,79715.0,8890.0,,,,,,,68786.0,98355.0,29569.0
pilot=0|mode=file_seq|requested=0.9000|actual_bytes=92469800960|trial=1,completed,,2026-04-15T01:41:56.800670+00:00,2026-04-15T01:42:24.152011+00:00,False,file_seq__req_0.90x__actual_0.90x,file_seq,0.9,0.8999999960134012,92469800960,92469800960,1,20,20,0,2.0,27.351367900148034,22.819168099900708,19260,False,Mac,Windows,11,3.12.3,qwen3:4b,locality_prompt_v1,Windows exposes total process page-fault counts via GetProcessMemoryInfo; minor and major faults are unavailable.,102744223744.0,102744223744.0,0.0,62863568896.0,63371366400.0,507797504.0,39880654848.0,39372857344.0,-507797504.0,325963776.0,325963776.0,0.0,3371174029824.0,3421914471424.0,50740441600.0,479822165504.0,479879378432.0,57212928.0,7261304.0,7295219.0,33915.0,14476520.0,14483341.0,6821.0,1.0,2.0,1.0,127283200.0,246865920.0,119582720.0,867999744.0,1732083712.0,864083968.0,0.796875,1.546875,0.75,2.40625,23.359375,20.953125,24526938.0,102143409768.0,102118882830.0,80930.0,89804.0,8874.0,,,,,,,68792.0,98326.0,29534.0
pilot=0|mode=file_seq|requested=0.9000|actual_bytes=92469800960|trial=2,completed,,2026-04-15T01:42:24.157082+00:00,2026-04-15T01:42:52.652262+00:00,False,file_seq__req_0.90x__actual_0.90x,file_seq,0.9,0.8999999960134012,92469800960,92469800960,2,20,20,0,2.0,28.498606099979952,23.808196400059387,41092,False,Mac,Windows,11,3.12.3,qwen3:4b,locality_prompt_v1,Windows exposes total process page-fault counts via GetProcessMemoryInfo; minor and major faults are unavailable.,102744223744.0,102744223744.0,0.0,63364911104.0,63729651712.0,364740608.0,39379312640.0,39014572032.0,-364740608.0,325963776.0,325570560.0,-393216.0,3421914475520.0,3489873130496.0,67958654976.0,479879378432.0,479885829632.0,6451200.0,7295220.0,7341446.0,46226.0,14483341.0,14484260.0,919.0,1.0,2.0,1.0,127291392.0,247054336.0,119762944.0,867999744.0,1732055040.0,864055296.0,0.8125,1.6875,0.875,2.421875,22.65625,20.234375,24631972.0,77554394842.0,77529762870.0,91029.0,99911.0,8882.0,,,,,,,68793.0,98417.0,29624.0
pilot=0|mode=file_seq|requested=0.9000|actual_bytes=92469800960|trial=3,completed,,2026-04-15T01:42:52.657339+00:00,2026-04-15T01:43:19.947871+00:00,False,file_seq__req_0.90x__actual_0.90x,file_seq,0.9,0.8999999960134012,92469800960,92469800960,3,20,20,0,2.0,27.29171929997392,22.48505949997343,77584,False,Mac,Windows,11,3.12.3,qwen3:4b,locality_prompt_v1,Windows exposes total process page-fault counts via GetProcessMemoryInfo; minor and major faults are unavailable.,102744223744.0,102744223744.0,0.0,63729713152.0,63765442560.0,35729408.0,39014510592.0,38978781184.0,-35729408.0,325570560.0,325570560.0,0.0,3489873131520.0,3558273042432.0,68399910912.0,479885829632.0,479891559936.0,5730304.0,7341447.0,7387965.0,46518.0,14484260.0,14484995.0,735.0,1.0,2.0,1.0,127291392.0,246652928.0,119361536.0,867999744.0,1731940352.0,863940608.0,0.828125,1.671875,0.84375,2.46875,22.015625,19.546875,24737006.0,68398334244.0,68373597238.0,101135.0,110000.0,8865.0,,,,,,,68793.0,98226.0,29433.0
pilot=0|mode=file_seq|requested=1.1000|actual_bytes=113018642432|trial=1,completed,,2026-04-15T01:43:19.950870+00:00,2026-04-15T01:43:47.692460+00:00,False,file_seq__req_1.10x__actual_1.10x,file_seq,1.1,1.0999999641206106,113018642432,113018642432,1,20,20,0,2.0,27.742490600096062,22.9029999000486,48584,False,Mac,Windows,11,3.12.3,qwen3:4b,locality_prompt_v1,Windows exposes total process page-fault counts via GetProcessMemoryInfo; minor and major faults are unavailable.,102744223744.0,102744223744.0,0.0,63765504000.0,63865503744.0,99999744.0,38978719744.0,38878720000.0,-99999744.0,325570560.0,325570560.0,0.0,3558273044480.0,3627005925376.0,68732880896.0,479891559936.0,479896266240.0,4706304.0,7387966.0,7434445.0,46479.0,14484995.0,14485472.0,477.0,1.0,2.0,1.0,127291392.0,247443456.0,120152064.0,867999744.0,1732530176.0,864530432.0,0.875,1.734375,0.859375,2.546875,22.296875,19.75,24842040.0,68733983600.0,68709141560.0,111224.0,120160.0,8936.0,,,,,,,68794.0,98485.0,29691.0
pilot=0|mode=file_seq|requested=1.1000|actual_bytes=113018642432|trial=2,completed,,2026-04-15T01:43:47.693029+00:00,2026-04-15T01:44:14.790064+00:00,False,file_seq__req_1.10x__actual_1.10x,file_seq,1.1,1.0999999641206106,113018642432,113018642432,2,20,20,0,2.0,27.097315900027752,22.290448300074786,32196,False,Mac,Windows,11,3.12.3,qwen3:4b,locality_prompt_v1,Windows exposes total process page-fault counts via GetProcessMemoryInfo; minor and major faults are unavailable.,102744223744.0,102744223744.0,0.0,63865565184.0,63836475392.0,-29089792.0,38878658560.0,38907748352.0,29089792.0,325570560.0,325570560.0,0.0,3627005928448.0,3695887921152.0,68881992704.0,479896266240.0,479900784128.0,4517888.0,7434446.0,7481639.0,47193.0,14485472.0,14485883.0,411.0,1.0,2.0,1.0,127401984.0,247214080.0,119812096.0,868036608.0,1732321280.0,864284672.0,0.90625,1.796875,0.890625,2.5625,21.359375,18.796875,24947074.0,68868306362.0,68843359288.0,121384.0,130320.0,8936.0,,,,,,,68827.0,98426.0,29599.0
pilot=0|mode=file_seq|requested=1.1000|actual_bytes=113018642432|trial=3,completed,,2026-04-15T01:44:14.793146+00:00,2026-04-15T01:44:42.330789+00:00,False,file_seq__req_1.10x__actual_1.10x,file_seq,1.1,1.0999999641206106,113018642432,113018642432,3,20,20,0,2.0,27.537825600011274,22.640408199978992,41324,False,Mac,Windows,11,3.12.3,qwen3:4b,locality_prompt_v1,Windows exposes total process page-fault counts via GetProcessMemoryInfo; minor and major faults are unavailable.,102744223744.0,102744223744.0,0.0,63836524544.0,63735177216.0,-101347328.0,38907699200.0,39009046528.0,101347328.0,325570560.0,325570560.0,0.0,3695887925248.0,3769541202432.0,73653277184.0,479900784128.0,479935626752.0,34842624.0,7481640.0,7533282.0,51642.0,14485883.0,14487407.0,1524.0,1.0,2.0,1.0,127426560.0,246939648.0,119513088.0,868036608.0,1732354048.0,864317440.0,0.953125,1.828125,0.875,2.578125,20.703125,18.125,25052108.0,73607974916.0,73582922808.0,131550.0,140484.0,8934.0,,,,,,,68833.0,98342.0,29509.0
pilot=0|mode=file_seq|requested=1.5000|actual_bytes=154116333568|trial=1,completed,,2026-04-15T01:44:42.330789+00:00,2026-04-15T01:45:10.595950+00:00,False,file_seq__req_1.50x__actual_1.50x,file_seq,1.5,1.4999999800670059,154116333568,154116333568,1,20,20,0,2.0,28.26440540002659,23.135650699958205,24644,False,Mac,Windows,11,3.12.3,qwen3:4b,locality_prompt_v1,Windows exposes total process page-fault counts via GetProcessMemoryInfo; minor and major faults are unavailable.,102744223744.0,102744223744.0,0.0,63735238656.0,63260872704.0,-474365952.0,39008985088.0,39483351040.0,474365952.0,325570560.0,325570560.0,0.0,3769541203456.0,3834466413056.0,64925209600.0,479935626752.0,479966547456.0,30920704.0,7533283.0,7578185.0,44902.0,14487407.0,14489639.0,2232.0,1.0,2.0,1.0,127426560.0,246882304.0,119455744.0,868036608.0,1732079616.0,864043008.0,1.0,1.828125,0.828125,2.59375,22.640625,20.046875,25157142.0,64892316238.0,64867159096.0,141715.0,150650.0,8935.0,,,,,,,68833.0,98277.0,29444.0
pilot=0|mode=file_seq|requested=1.5000|actual_bytes=154116333568|trial=2,completed,,2026-04-15T01:45:10.599653+00:00,2026-04-15T01:45:38.183819+00:00,False,file_seq__req_1.50x__actual_1.50x,file_seq,1.5,1.4999999800670059,154116333568,154116333568,2,20,20,0,2.0,27.58531380002387,22.688868699828163,29968,False,Mac,Windows,11,3.12.3,qwen3:4b,locality_prompt_v1,Windows exposes total process page-fault counts via GetProcessMemoryInfo; minor and major faults are unavailable.,102744223744.0,102744223744.0,0.0,63260938240.0,63689871360.0,428933120.0,39483285504.0,39054352384.0,-428933120.0,325570560.0,325570560.0,0.0,3834466415104.0,3919654217216.0,85187802112.0,479966547456.0,479974505984.0,7958528.0,7578186.0,7637825.0,59639.0,14489639.0,14490361.0,722.0,1.0,2.0,1.0,127389696.0,246910976.0,119521280.0,867962880.0,1731940352.0,863977472.0,1.0,2.046875,1.046875,2.609375,18.109375,15.5,25262176.0,84890862744.0,84865600568.0,151880.0,160823.0,8943.0,,,,,,,68834.0,98281.0,29447.0
pilot=0|mode=file_seq|requested=1.5000|actual_bytes=154116333568|trial=3,completed,,2026-04-15T01:45:38.186846+00:00,2026-04-15T01:46:05.313017+00:00,False,file_seq__req_1.50x__actual_1.50x,file_seq,1.5,1.4999999800670059,154116333568,154116333568,3,20,20,0,2.0,27.130905599799007,22.111803099978715,50604,False,Mac,Windows,11,3.12.3,qwen3:4b,locality_prompt_v1,Windows exposes total process page-fault counts via GetProcessMemoryInfo; minor and major faults are unavailable.,102744223744.0,102744223744.0,0.0,63690326016.0,63745978368.0,55652352.0,39053897728.0,38998245376.0,-55652352.0,325570560.0,325570560.0,0.0,3919654220288.0,4003665936384.0,84011716096.0,479974505984.0,479978991104.0,4485120.0,7637826.0,7695920.0,58094.0,14490361.0,14490838.0,477.0,1.0,2.0,1.0,127389696.0,247074816.0,119685120.0,867962880.0,1732145152.0,864182272.0,1.03125,1.953125,0.921875,2.640625,17.078125,14.4375,25367210.0,84010163938.0,83984796728.0,162047.0,170979.0,8932.0,,,,,,,68834.0,98344.0,29510.0
pilot=0|mode=mmap_random|requested=0.2500|actual_bytes=25686052864|trial=1,completed,,2026-04-15T01:46:05.318270+00:00,2026-04-15T01:46:31.933316+00:00,False,mmap_random__req_0.25x__actual_0.25x,mmap_random,0.25,0.24999997010050892,25686052864,25686052864,1,20,20,0,2.0,26.61493009980768,21.592372899875045,66176,False,Mac,Windows,11,3.12.3,qwen3:4b,locality_prompt_v1,Windows exposes total process page-fault counts via GetProcessMemoryInfo; minor and major faults are unavailable.,102744223744.0,102744223744.0,0.0,63746043904.0,63766364160.0,20320256.0,38998179840.0,38977859584.0,-20320256.0,325570560.0,325570560.0,0.0,4003665940480.0,4012767535104.0,9101594624.0,479978991104.0,479981379072.0,2387968.0,7695921.0,7835462.0,139541.0,14490838.0,14491152.0,314.0,1.0,2.0,1.0,127389696.0,944943104.0,817553408.0,867962880.0,1778311168.0,910348288.0,1.09375,2.53125,1.4375,2.640625,8.125,5.484375,25472244.0,48691501.0,23219257.0,172210.0,181303.0,9093.0,,,,,,,68834.0,281031.0,212197.0
pilot=0|mode=mmap_random|requested=0.2500|actual_bytes=25686052864|trial=2,completed,,2026-04-15T01:46:31.935316+00:00,2026-04-15T01:46:58.694276+00:00,False,mmap_random__req_0.25x__actual_0.25x,mmap_random,0.25,0.24999997010050892,25686052864,25686052864,2,20,20,0,2.0,26.76195459999144,21.634523200104013,58980,False,Mac,Windows,11,3.12.3,qwen3:4b,locality_prompt_v1,Windows exposes total process page-fault counts via GetProcessMemoryInfo; minor and major faults are unavailable.,102744223744.0,102744223744.0,0.0,63766425600.0,63770886144.0,4460544.0,38977798144.0,38973337600.0,-4460544.0,325570560.0,325570560.0,0.0,4012767535104.0,4021542928384.0,8775393280.0,479981379072.0,479983123968.0,1744896.0,7835462.0,7969421.0,133959.0,14491152.0,14491344.0,192.0,1.0,2.0,1.0,127401984.0,1605201920.0,1477799936.0,867962880.0,1778208768.0,910245888.0,1.140625,2.828125,1.6875,2.671875,8.203125,5.53125,25577278.0,48796535.0,23219257.0,182532.0,191626.0,9094.0,,,,,,,68837.0,442172.0,373335.0
pilot=0|mode=mmap_random|requested=0.2500|actual_bytes=25686052864|trial=3,completed,,2026-04-15T01:46:58.699545+00:00,2026-04-15T01:47:25.006814+00:00,False,mmap_random__req_0.25x__actual_0.25x,mmap_random,0.25,0.24999997010050892,25686052864,25686052864,3,20,20,0,2.0,26.307279400061816,21.189018100034446,63664,False,Mac,Windows,11,3.12.3,qwen3:4b,locality_prompt_v1,Windows exposes total process page-fault counts via GetProcessMemoryInfo; minor and major faults are unavailable.,102744223744.0,102744223744.0,0.0,63770943488.0,63769083904.0,-1859584.0,38973280256.0,38975139840.0,1859584.0,325570560.0,325570560.0,0.0,4021542928384.0,4029861187072.0,8318258688.0,479983123968.0,479985606144.0,2482176.0,7969421.0,8096497.0,127076.0,14491344.0,14491594.0,250.0,1.0,2.0,1.0,127401984.0,2216566784.0,2089164800.0,867962880.0,1778028544.0,910065664.0,1.1875,3.03125,1.84375,2.71875,8.6875,5.96875,25682312.0,48901569.0,23219257.0,192859.0,201950.0,9091.0,,,,,,,68837.0,591486.0,522649.0
pilot=0|mode=mmap_random|requested=0.5000|actual_bytes=51372109824|trial=1,completed,,2026-04-15T01:47:25.008814+00:00,2026-04-15T01:47:51.549151+00:00,False,mmap_random__req_0.50x__actual_0.50x,mmap_random,0.5,0.49999998006700597,51372109824,51372109824,1,20,20,0,2.0,26.542551400139928,21.422923000063747,65116,False,Mac,Windows,11,3.12.3,qwen3:4b,locality_prompt_v1,Windows exposes total process page-fault counts via GetProcessMemoryInfo; minor and major faults are unavailable.,102744223744.0,102744223744.0,0.0,63769145344.0,63791341568.0,22196224.0,38975078400.0,38952882176.0,-22196224.0,325570560.0,325570560.0,0.0,4029861187072.0,4038442089984.0,8580902912.0,479985606144.0,479988346368.0,2740224.0,8096497.0,8227603.0,131106.0,14491594.0,14491912.0,318.0,1.0,2.0,1.0,127401984.0,1572159488.0,1444757504.0,867962880.0,1828048896.0,960086016.0,1.25,3.140625,1.890625,2.734375,8.765625,6.03125,25787346.0,49006603.0,23219257.0,203179.0,212255.0,9076.0,,,,,,,68837.0,446373.0,377536.0
pilot=0|mode=mmap_random|requested=0.5000|actual_bytes=51372109824|trial=2,completed,,2026-04-15T01:47:51.549151+00:00,2026-04-15T01:48:17.857443+00:00,False,mmap_random__req_0.50x__actual_0.50x,mmap_random,0.5,0.49999998006700597,51372109824,51372109824,2,20,20,0,2.0,26.305082899983972,21.055386600084603,29792,False,Mac,Windows,11,3.12.3,qwen3:4b,locality_prompt_v1,Windows exposes total process page-fault counts via GetProcessMemoryInfo; minor and major faults are unavailable.,102744223744.0,102744223744.0,0.0,63791337472.0,64343076864.0,551739392.0,38952886272.0,38401146880.0,-551739392.0,325570560.0,350117888.0,24547328.0,4038442089984.0,4046248611328.0,7806521344.0,479988346368.0,480017141248.0,28794880.0,8227603.0,8346953.0,119350.0,14491912.0,14492272.0,360.0,1.0,2.0,1.0,127401984.0,2756661248.0,2629259264.0,867962880.0,1828122624.0,960159744.0,1.28125,3.484375,2.203125,2.796875,9.328125,6.53125,25892380.0,49111637.0,23219257.0,213488.0,222555.0,9067.0,,,,,,,68837.0,735562.0,666725.0
pilot=0|mode=mmap_random|requested=0.5000|actual_bytes=51372109824|trial=3,completed,,2026-04-15T01:48:17.857443+00:00,2026-04-15T01:48:44.679309+00:00,False,mmap_random__req_0.50x__actual_0.50x,mmap_random,0.5,0.49999998006700597,51372109824,51372109824,3,20,20,0,2.0,26.823623000178486,21.51686600013636,35300,False,Mac,Windows,11,3.12.3,qwen3:4b,locality_prompt_v1,Windows exposes total process page-fault counts via GetProcessMemoryInfo; minor and major faults are unavailable.,102744223744.0,102744223744.0,0.0,64343072768.0,64366100480.0,23027712.0,38401150976.0,38378123264.0,-23027712.0,350117888.0,350117888.0,0.0,4046248611328.0,4053518677504.0,7270066176.0,480017141248.0,480019656192.0,2514944.0,8346953.0,8458124.0,111171.0,14492272.0,14492589.0,317.0,1.0,2.0,1.0,127410176.0,3863150592.0,3735740416.0,867962880.0,1828352000.0,960389120.0,1.328125,3.953125,2.625,2.8125,10.015625,7.203125,25997414.0,49216671.0,23219257.0,223801.0,232878.0,9077.0,,,,,,,68839.0,1005721.0,936882.0
pilot=0|mode=mmap_random|requested=0.9000|actual_bytes=92469800960|trial=1,completed,,2026-04-15T01:48:44.684347+00:00,2026-04-15T01:49:12.669191+00:00,False,mmap_random__req_0.90x__actual_0.90x,mmap_random,0.9,0.8999999960134012,92469800960,92469800960,1,20,20,0,2.0,27.98787140008062,22.236411100020632,48912,False,Mac,Windows,11,3.12.3,qwen3:4b,locality_prompt_v1,Windows exposes total process page-fault counts via GetProcessMemoryInfo; minor and major faults are unavailable.,102744223744.0,102744223744.0,0.0,64366166016.0,64226643968.0,-139522048.0,38378057728.0,38517579776.0,139522048.0,350117888.0,350117888.0,0.0,4053518677504.0,4061665245184.0,8146567680.0,480019656192.0,480026926592.0,7270400.0,8458124.0,8582165.0,124041.0,14492589.0,14493334.0,745.0,1.0,2.0,1.0,127455232.0,1828790272.0,1701335040.0,868036608.0,1908686848.0,1040650240.0,1.359375,3.375,2.015625,2.828125,9.5625,6.734375,26102448.0,49321705.0,23219257.0,234112.0,243169.0,9057.0,,,,,,,68852.0,528675.0,459823.0
pilot=0|mode=mmap_random|requested=0.9000|actual_bytes=92469800960|trial=2,completed,,2026-04-15T01:49:12.674275+00:00,2026-04-15T01:49:41.337207+00:00,False,mmap_random__req_0.90x__actual_0.90x,mmap_random,0.9,0.8999999960134012,92469800960,92469800960,2,20,20,0,2.0,28.66389840003103,22.57554420013912,38832,False,Mac,Windows,11,3.12.3,qwen3:4b,locality_prompt_v1,Windows exposes total process page-fault counts via GetProcessMemoryInfo; minor and major faults are unavailable.,102744223744.0,102744223744.0,0.0,64226709504.0,64122830848.0,-103878656.0,38517514240.0,38621392896.0,103878656.0,350117888.0,350117888.0,0.0,4061665245184.0,4069119235584.0,7453990400.0,480026926592.0,480036040192.0,9113600.0,8582165.0,8696079.0,113914.0,14493334.0,14494260.0,926.0,1.0,2.0,1.0,127455232.0,3289194496.0,3161739264.0,868036608.0,1908936704.0,1040900096.0,1.390625,4.640625,3.25,2.84375,10.203125,7.359375,26207482.0,49426739.0,23219257.0,244403.0,253463.0,9060.0,,,,,,,68852.0,885298.0,816446.0
pilot=0|mode=mmap_random|requested=0.9000|actual_bytes=92469800960|trial=3,completed,,2026-04-15T01:49:41.339207+00:00,2026-04-15T01:50:10.216147+00:00,False,mmap_random__req_0.90x__actual_0.90x,mmap_random,0.9,0.8999999960134012,92469800960,92469800960,3,20,20,0,2.0,28.879485900048167,22.969600700074807,62672,False,Mac,Windows,11,3.12.3,qwen3:4b,locality_prompt_v1,Windows exposes total process page-fault counts via GetProcessMemoryInfo; minor and major faults are unavailable.,102744223744.0,102744223744.0,0.0,64122900480.0,63871156224.0,-251744256.0,38621323264.0,38873067520.0,251744256.0,350117888.0,350117888.0,0.0,4069119235584.0,4076156910592.0,7037675008.0,480036040192.0,480043380224.0,7340032.0,8696079.0,8803536.0,107457.0,14494260.0,14494817.0,557.0,1.0,2.0,1.0,127414272.0,4633808896.0,4506394624.0,867962880.0,1908736000.0,1040773120.0,1.421875,4.671875,3.25,2.859375,11.4375,8.578125,26312516.0,49531773.0,23219257.0,254697.0,263755.0,9058.0,,,,,,,68852.0,1213534.0,1144682.0
pilot=0|mode=mmap_random|requested=1.1000|actual_bytes=113018642432|trial=1,completed,,2026-04-15T01:50:10.216147+00:00,2026-04-15T01:50:38.476466+00:00,False,mmap_random__req_1.10x__actual_1.10x,mmap_random,1.1,1.0999999641206106,113018642432,113018642432,1,20,20,0,2.0,28.257040800061077,22.340920799877495,72304,False,Mac,Windows,11,3.12.3,qwen3:4b,locality_prompt_v1,Windows exposes total process page-fault counts via GetProcessMemoryInfo; minor and major faults are unavailable.,102744223744.0,102744223744.0,0.0,63871225856.0,63859027968.0,-12197888.0,38872997888.0,38885195776.0,12197888.0,350117888.0,350117888.0,0.0,4076156910592.0,4084565351424.0,8408440832.0,480043380224.0,480050146816.0,6766592.0,8803536.0,8932050.0,128514.0,14494817.0,14495271.0,454.0,1.0,2.0,1.0,127414272.0,1431891968.0,1304477696.0,867962880.0,1949577216.0,1081614336.0,1.4375,3.359375,1.921875,2.859375,8.984375,6.125,26417550.0,49636807.0,23219257.0,264994.0,274112.0,9118.0,,,,,,,68852.0,441360.0,372508.0
pilot=0|mode=mmap_random|requested=1.1000|actual_bytes=113018642432|trial=2,completed,,2026-04-15T01:50:38.476466+00:00,2026-04-15T01:51:06.336446+00:00,False,mmap_random__req_1.10x__actual_1.10x,mmap_random,1.1,1.0999999641206106,113018642432,113018642432,2,20,20,0,2.0,27.858264799928293,22.00494710006751,6396,False,Mac,Windows,11,3.12.3,qwen3:4b,locality_prompt_v1,Windows exposes total process page-fault counts via GetProcessMemoryInfo; minor and major faults are unavailable.,102744223744.0,102744223744.0,0.0,63859023872.0,63939497984.0,80474112.0,38885199872.0,38804725760.0,-80474112.0,350117888.0,350117888.0,0.0,4084565351424.0,4092310535680.0,7745184256.0,480050146816.0,480053308928.0,3162112.0,8932050.0,9050430.0,118380.0,14495271.0,14495585.0,314.0,1.0,2.0,1.0,127422464.0,2521227264.0,2393804800.0,867962880.0,1948975104.0,1081012224.0,1.453125,3.65625,2.203125,2.859375,9.390625,6.53125,26522584.0,49741841.0,23219257.0,275352.0,284471.0,9119.0,,,,,,,68855.0,707563.0,638708.0
pilot=0|mode=mmap_random|requested=1.1000|actual_bytes=113018642432|trial=3,completed,,2026-04-15T01:51:06.339446+00:00,2026-04-15T01:51:34.260026+00:00,False,mmap_random__req_1.10x__actual_1.10x,mmap_random,1.1,1.0999999641206106,113018642432,113018642432,3,20,20,0,2.0,27.922412200132385,21.9127809999045,61608,False,Mac,Windows,11,3.12.3,qwen3:4b,locality_prompt_v1,Windows exposes total process page-fault counts via GetProcessMemoryInfo; minor and major faults are unavailable.,102744223744.0,102744223744.0,0.0,63939567616.0,64010821632.0,71254016.0,38804656128.0,38733402112.0,-71254016.0,350117888.0,350117888.0,0.0,4092310535680.0,4099653880832.0,7343345152.0,480053308928.0,480056409600.0,3100672.0,9050430.0,9162686.0,112256.0,14495585.0,14495934.0,349.0,1.0,2.0,1.0,127426560.0,3542003712.0,3414577152.0,867962880.0,1949040640.0,1081077760.0,1.453125,4.09375,2.640625,2.90625,9.875,6.96875,26627618.0,49846875.0,23219257.0,285712.0,294831.0,9119.0,,,,,,,68855.0,956853.0,887998.0
pilot=0|mode=mmap_random|requested=1.5000|actual_bytes=154116333568|trial=1,completed,,2026-04-15T01:51:34.263025+00:00,2026-04-15T01:52:01.582636+00:00,False,mmap_random__req_1.50x__actual_1.50x,mmap_random,1.5,1.4999999800670059,154116333568,154116333568,1,20,20,0,2.0,27.32043659989722,21.570284700021148,49080,False,Mac,Windows,11,3.12.3,qwen3:4b,locality_prompt_v1,Windows exposes total process page-fault counts via GetProcessMemoryInfo; minor and major faults are unavailable.,102744223744.0,102744223744.0,0.0,64010887168.0,63899344896.0,-111542272.0,38733336576.0,38844878848.0,111542272.0,350117888.0,350117888.0,0.0,4099653880832.0,4107982684672.0,8328803840.0,480056409600.0,480059440640.0,3031040.0,9162686.0,9289949.0,127263.0,14495934.0,14496276.0,342.0,1.0,2.0,1.0,127426560.0,1126191104.0,998764544.0,867962880.0,2029449216.0,1161486336.0,1.484375,2.890625,1.40625,2.96875,8.875,5.90625,26732652.0,49951909.0,23219257.0,296068.0,305180.0,9112.0,,,,,,,68855.0,382761.0,313906.0
pilot=0|mode=mmap_random|requested=1.5000|actual_bytes=154116333568|trial=2,completed,,2026-04-15T01:52:01.585041+00:00,2026-04-15T01:52:29.912479+00:00,False,mmap_random__req_1.50x__actual_1.50x,mmap_random,1.5,1.4999999800670059,154116333568,154116333568,2,20,20,0,2.0,28.32825980009511,22.069579400122166,27216,False,Mac,Windows,11,3.12.3,qwen3:4b,locality_prompt_v1,Windows exposes total process page-fault counts via GetProcessMemoryInfo; minor and major faults are unavailable.,102744223744.0,102744223744.0,0.0,63904960512.0,63854997504.0,-49963008.0,38839263232.0,38889226240.0,49963008.0,350117888.0,350117888.0,0.0,4107982684672.0,4116155479040.0,8172794368.0,480059440640.0,480063356416.0,3915776.0,9289949.0,9414903.0,124954.0,14496276.0,14496609.0,333.0,1.0,2.0,1.0,127426560.0,1984049152.0,1856622592.0,867962880.0,2029772800.0,1161809920.0,1.53125,3.328125,1.796875,2.96875,9.40625,6.4375,26837686.0,50056943.0,23219257.0,306419.0,315541.0,9122.0,,,,,,,68855.0,595995.0,527140.0
pilot=0|mode=mmap_random|requested=1.5000|actual_bytes=154116333568|trial=3,completed,,2026-04-15T01:52:29.915479+00:00,2026-04-15T01:52:58.997013+00:00,False,mmap_random__req_1.50x__actual_1.50x,mmap_random,1.5,1.4999999800670059,154116333568,154116333568,3,20,20,0,2.0,29.083292299881577,22.743848399957642,20408,False,Mac,Windows,11,3.12.3,qwen3:4b,locality_prompt_v1,Windows exposes total process page-fault counts via GetProcessMemoryInfo; minor and major faults are unavailable.,102744223744.0,102744223744.0,0.0,63854993408.0,63836897280.0,-18096128.0,38889230336.0,38907326464.0,18096128.0,350117888.0,350117888.0,0.0,4116155479040.0,4124121973760.0,7966494720.0,480063356416.0,480070053376.0,6696960.0,9414903.0,9536617.0,121714.0,14496609.0,14497368.0,759.0,1.0,2.0,1.0,127426560.0,2817835008.0,2690408448.0,867962880.0,2029391872.0,1161428992.0,1.5625,4.03125,2.46875,3.015625,10.375,7.359375,26942720.0,50161977.0,23219257.0,316780.0,325901.0,9121.0,,,,,,,68855.0,799581.0,730726.0
pilot=0|mode=anon|requested=0.2500|actual_bytes=25686052864|trial=1,completed,,2026-04-15T01:52:58.999070+00:00,2026-04-15T01:53:57.480518+00:00,False,anon__req_0.25x__actual_0.25x,anon,0.25,0.24999997010050892,25686052864,25686052864,1,20,20,0,2.0,58.48146739997901,21.305672000162303,63204,False,Mac,Windows,11,3.12.3,qwen3:4b,locality_prompt_v1,Windows exposes total process page-fault counts via GetProcessMemoryInfo; minor and major faults are unavailable.,102744223744.0,102744223744.0,0.0,63836893184.0,64019652608.0,182759424.0,38907330560.0,38724571136.0,-182759424.0,350117888.0,349655040.0,-462848.0,4124121973760.0,4124139614720.0,17640960.0,480070053376.0,480101531136.0,31477760.0,9536617.0,9537312.0,695.0,14497368.0,14498215.0,847.0,1.0,2.0,1.0,127426560.0,25929117696.0,25801691136.0,867962880.0,1778483200.0,910520320.0,1.578125,25.71875,24.140625,3.078125,33.140625,30.0625,27047754.0,50266961.0,23219207.0,327131.0,335746.0,8615.0,,,,,,,68855.0,6380641.0,6311786.0
pilot=0|mode=anon|requested=0.2500|actual_bytes=25686052864|trial=2,completed,,2026-04-15T01:53:57.481518+00:00,2026-04-15T01:54:54.933174+00:00,False,anon__req_0.25x__actual_0.25x,anon,0.25,0.24999997010050892,25686052864,25686052864,2,20,20,0,2.0,57.450530800037086,20.33969200006686,11312,False,Mac,Windows,11,3.12.3,qwen3:4b,locality_prompt_v1,Windows exposes total process page-fault counts via GetProcessMemoryInfo; minor and major faults are unavailable.,102744223744.0,102744223744.0,0.0,64019705856.0,64088133632.0,68427776.0,38724517888.0,38656090112.0,-68427776.0,349655040.0,349786112.0,131072.0,4124139614720.0,4124142072832.0,2458112.0,480101531136.0,480109149696.0,7618560.0,9537312.0,9537439.0,127.0,14498215.0,14499145.0,930.0,1.0,2.0,1.0,127447040.0,25928847360.0,25801400320.0,867999744.0,1778130944.0,910131200.0,1.609375,25.984375,24.375,3.125,31.171875,28.046875,27152842.0,50372049.0,23219207.0,336904.0,345503.0,8599.0,,,,,,,68861.0,6380574.0,6311713.0
pilot=0|mode=anon|requested=0.2500|actual_bytes=25686052864|trial=3,completed,,2026-04-15T01:54:54.935175+00:00,2026-04-15T01:55:47.544315+00:00,False,anon__req_0.25x__actual_0.25x,anon,0.25,0.24999997010050892,25686052864,25686052864,3,20,20,0,2.0,52.61314840009436,20.64989500003867,4292,False,Mac,Windows,11,3.12.3,qwen3:4b,locality_prompt_v1,Windows exposes total process page-fault counts via GetProcessMemoryInfo; minor and major faults are unavailable.,102744223744.0,102744223744.0,0.0,64088195072.0,64048775168.0,-39419904.0,38656028672.0,38695448576.0,39419904.0,349786112.0,349786112.0,0.0,4124142072832.0,4124145013760.0,2940928.0,480109149696.0,480118222336.0,9072640.0,9537439.0,9537474.0,35.0,14499145.0,14500088.0,943.0,1.0,2.0,1.0,127447040.0,25928814592.0,25801367552.0,867999744.0,1777954816.0,909955072.0,1.625,24.578125,22.953125,3.171875,28.0,24.828125,27257930.0,50412073.0,23154143.0,346653.0,355250.0,8597.0,,,,,,,68861.0,6380645.0,6311784.0
pilot=0|mode=anon|requested=0.5000|actual_bytes=51372109824|trial=1,completed,,2026-04-15T01:55:47.550567+00:00,2026-04-15T01:57:00.370008+00:00,False,anon__req_0.50x__actual_0.42x,anon,0.5,0.42499997707705683,51372109824,43666292736,1,20,20,0,2.0,72.82122460007668,20.026161500019953,34348,True,Mac,Windows,11,3.12.3,qwen3:4b,locality_prompt_v1,Windows exposes total process page-fault counts via GetProcessMemoryInfo; minor and major faults are unavailable.,102744223744.0,102744223744.0,0.0,64048836608.0,64276094976.0,227258368.0,38695387136.0,38468128768.0,-227258368.0,349786112.0,361820160.0,12034048.0,4124145013760.0,4124149764096.0,4750336.0,480118222336.0,480158531072.0,40308736.0,9537474.0,9537621.0,147.0,14500088.0,14501241.0,1153.0,1.0,2.0,1.0,127426560.0,43909320704.0,43781894144.0,867962880.0,1813630976.0,945668096.0,1.65625,31.515625,29.859375,3.234375,38.453125,35.21875,27363018.0,50517161.0,23154143.0,356390.0,364954.0,8564.0,,,,,,,68861.0,10778971.0,10710110.0
pilot=0|mode=anon|requested=0.5000|actual_bytes=51372109824|trial=2,completed,,2026-04-15T01:57:00.373516+00:00,2026-04-15T01:58:14.914306+00:00,False,anon__req_0.50x__actual_0.42x,anon,0.5,0.42499997707705683,51372109824,43666292736,2,20,20,0,2.0,74.54357420001179,19.765660899924114,77964,True,Mac,Windows,11,3.12.3,qwen3:4b,locality_prompt_v1,Windows exposes total process page-fault counts via GetProcessMemoryInfo; minor and major faults are unavailable.,102744223744.0,102744223744.0,0.0,64276140032.0,74620882944.0,10344742912.0,38468083712.0,28123340800.0,-10344742912.0,361820160.0,367673344.0,5853184.0,4124149764096.0,4124150543360.0,779264.0,480158531072.0,480172842496.0,14311424.0,9537621.0,9537704.0,83.0,14501241.0,14502181.0,940.0,1.0,2.0,1.0,127430656.0,43909255168.0,43781824512.0,867962880.0,1813495808.0,945532928.0,1.671875,32.171875,30.5,3.375,39.3125,35.9375,27468106.0,50687313.0,23219207.0,366114.0,374671.0,8557.0,,,,,,,68862.0,10778955.0,10710093.0
pilot=0|mode=anon|requested=0.5000|actual_bytes=51372109824|trial=3,completed,,2026-04-15T01:58:14.919571+00:00,2026-04-15T01:59:26.398302+00:00,False,anon__req_0.50x__actual_0.42x,anon,0.5,0.42499997707705683,51372109824,43666292736,3,20,20,0,2.0,71.4821788999252,21.037612800020725,45284,True,Mac,Windows,11,3.12.3,qwen3:4b,locality_prompt_v1,Windows exposes total process page-fault counts via GetProcessMemoryInfo; minor and major faults are unavailable.,102744223744.0,102744223744.0,0.0,74620948480.0,74349490176.0,-271458304.0,28123275264.0,28394733568.0,271458304.0,367673344.0,367677440.0,4096.0,4124150543360.0,4124154089472.0,3546112.0,480172842496.0,480184212992.0,11370496.0,9537704.0,9537830.0,126.0,14502181.0,14503130.0,949.0,1.0,2.0,1.0,127434752.0,43909140480.0,43781705728.0,867962880.0,1813479424.0,945516544.0,1.703125,32.3125,30.609375,3.40625,36.3125,32.90625,27573194.0,50727337.0,23154143.0,375821.0,384409.0,8588.0,,,,,,,68863.0,10778962.0,10710099.0
pilot=0|mode=anon|requested=0.9000|actual_bytes=92469800960|trial=1,completed,,2026-04-15T01:59:26.403314+00:00,2026-04-15T02:01:30.672227+00:00,False,anon__req_0.90x__actual_0.76x,anon,0.9,0.7649999667119,92469800960,78599327744,1,20,20,0,2.0,124.27002430008724,19.57751620002091,76292,True,Mac,Windows,11,3.12.3,qwen3:4b,locality_prompt_v1,Windows exposes total process page-fault counts via GetProcessMemoryInfo; minor and major faults are unavailable.,102744223744.0,102744223744.0,0.0,74355421184.0,80301027328.0,5945606144.0,28388802560.0,22443196416.0,-5945606144.0,367677440.0,4172599296.0,3804921856.0,4124154089472.0,4124336893952.0,182804480.0,480184212992.0,484098403840.0,3914190848.0,9537830.0,9541933.0,4103.0,14503130.0,14508707.0,5577.0,1.0,2.0,1.0,127434752.0,78824710144.0,78697275392.0,867962880.0,1881403392.0,1013440512.0,1.734375,44.875,43.140625,3.453125,70.796875,67.34375,27678282.0,50832425.0,23154143.0,385559.0,394037.0,8478.0,,,,,,,68863.0,19379780.0,19310917.0
pilot=0|mode=anon|requested=0.9000|actual_bytes=92469800960|trial=2,completed,,2026-04-15T02:01:30.675384+00:00,2026-04-15T02:03:14.799481+00:00,False,anon__req_0.90x__actual_0.76x,anon,0.9,0.7649999667119,92469800960,78599327744,2,20,20,0,2.0,104.12521190010011,19.40444069984369,63960,True,Mac,Windows,11,3.12.3,qwen3:4b,locality_prompt_v1,Windows exposes total process page-fault counts via GetProcessMemoryInfo; minor and major faults are unavailable.,102744223744.0,102744223744.0,0.0,80301096960.0,81527521280.0,1226424320.0,22443126784.0,21216702464.0,-1226424320.0,4172599296.0,4144680960.0,-27918336.0,4124336894976.0,4124482752000.0,145857024.0,484098403840.0,484149456384.0,51052544.0,9541934.0,9544652.0,2718.0,14508707.0,14510479.0,1772.0,1.0,2.0,1.0,110198784.0,78815039488.0,78704840704.0,867962880.0,1881481216.0,1013518336.0,1.78125,44.46875,42.6875,3.46875,51.546875,48.078125,27783370.0,51002577.0,23219207.0,395314.0,403791.0,8477.0,,,,,,,68865.0,19324129.0,19255264.0
pilot=0|mode=anon|requested=0.9000|actual_bytes=92469800960|trial=3,completed,,2026-04-15T02:03:14.801827+00:00,2026-04-15T02:04:57.484718+00:00,False,anon__req_0.90x__actual_0.76x,anon,0.9,0.7649999667119,92469800960,78599327744,3,20,20,0,2.0,102.68306900002062,19.4406118998304,72252,True,Mac,Windows,11,3.12.3,qwen3:4b,locality_prompt_v1,Windows exposes total process page-fault counts via GetProcessMemoryInfo; minor and major faults are unavailable.,102744223744.0,102744223744.0,0.0,81527214080.0,81416482816.0,-110731264.0,21217009664.0,21327740928.0,110731264.0,4144680960.0,4144287744.0,-393216.0,4124482752000.0,4124513606656.0,30854656.0,484149456384.0,484163417600.0,13961216.0,9544652.0,9545134.0,482.0,14510479.0,14511532.0,1053.0,1.0,2.0,1.0,100474880.0,78815039488.0,78714564608.0,867962880.0,1881370624.0,1013407744.0,1.796875,42.953125,41.15625,3.484375,51.421875,47.9375,27888458.0,51042601.0,23154143.0,405065.0,413544.0,8479.0,,,,,,,68867.0,19324126.0,19255259.0
pilot=0|mode=anon|requested=1.1000|actual_bytes=92469800960|trial=1,completed,,2026-04-15T02:04:57.486069+00:00,2026-04-15T02:06:42.392712+00:00,False,anon__req_1.10x__actual_0.76x,anon,1.1,0.7649999667119,113018642432,78599327744,1,20,20,0,2.0,104.90968269994482,19.693804000038654,80880,True,Mac,Windows,11,3.12.3,qwen3:4b,locality_prompt_v1,Windows exposes total process page-fault counts via GetProcessMemoryInfo; minor and major faults are unavailable.,102744223744.0,102744223744.0,0.0,81416536064.0,81435070464.0,18534400.0,21327687680.0,21309153280.0,-18534400.0,4144287744.0,4144025600.0,-262144.0,4124513606656.0,4124581495296.0,67888640.0,484163417600.0,484182881792.0,19464192.0,9545134.0,9546130.0,996.0,14511532.0,14513346.0,1814.0,1.0,2.0,1.0,100474880.0,78815490048.0,78715015168.0,867962880.0,1881919488.0,1013956608.0,1.8125,44.671875,42.859375,3.484375,50.609375,47.125,27993546.0,51147689.0,23154143.0,414814.0,423314.0,8500.0,,,,,,,68868.0,19324295.0,19255427.0
pilot=0|mode=anon|requested=1.1000|actual_bytes=92469800960|trial=2,completed,,2026-04-15T02:06:42.398156+00:00,2026-04-15T02:08:29.295861+00:00,False,anon__req_1.10x__actual_0.76x,anon,1.1,0.7649999667119,113018642432,78599327744,2,20,20,0,2.0,106.92136469995603,19.423920799978077,34528,True,Mac,Windows,11,3.12.3,qwen3:4b,locality_prompt_v1,Windows exposes total process page-fault counts via GetProcessMemoryInfo; minor and major faults are unavailable.,102744223744.0,102744223744.0,0.0,81435201536.0,88431599616.0,6996398080.0,21309022208.0,14312624128.0,-6996398080.0,4144025600.0,7204184064.0,3060158464.0,4124581495296.0,4124810645504.0,229150208.0,484182881792.0,487578162688.0,3395280896.0,9546130.0,9558650.0,12520.0,14513346.0,14533048.0,19702.0,1.0,2.0,1.0,100491264.0,78767575040.0,78667083776.0,867962880.0,1880776704.0,1012813824.0,1.84375,44.640625,42.796875,3.5,54.734375,51.234375,28098634.0,51252777.0,23154143.0,424583.0,433081.0,8498.0,,,,,,,68872.0,19324094.0,19255222.0
pilot=0|mode=anon|requested=1.1000|actual_bytes=92469800960|trial=3,completed,,2026-04-15T02:08:29.322476+00:00,2026-04-15T02:10:14.364089+00:00,False,anon__req_1.10x__actual_0.76x,anon,1.1,0.7649999667119,113018642432,78599327744,3,20,20,0,2.0,105.04487770004198,19.48455940000713,78408,True,Mac,Windows,11,3.12.3,qwen3:4b,locality_prompt_v1,Windows exposes total process page-fault counts via GetProcessMemoryInfo; minor and major faults are unavailable.,102744223744.0,102744223744.0,0.0,88431308800.0,87891734528.0,-539574272.0,14312914944.0,14852489216.0,539574272.0,7204184064.0,7137275904.0,-66908160.0,4124810645504.0,4125103287808.0,292642304.0,487578162688.0,487674004992.0,95842304.0,9558650.0,9567745.0,9095.0,14533048.0,14536925.0,3877.0,1.0,2.0,1.0,53493760.0,78768001024.0,78714507264.0,867962880.0,1881321472.0,1013358592.0,1.875,44.546875,42.671875,3.53125,51.953125,48.421875,28203722.0,51357865.0,23154143.0,434362.0,442858.0,8496.0,,,,,,,68896.0,19324163.0,19255267.0
pilot=0|mode=anon|requested=1.5000|actual_bytes=92469800960|trial=1,completed,,2026-04-15T02:10:14.367617+00:00,2026-04-15T02:12:01.087168+00:00,False,anon__req_1.50x__actual_0.76x,anon,1.5,0.7649999667119,154116333568,78599327744,1,20,20,0,2.0,106.71882069995627,19.712502700043842,58544,True,Mac,Windows,11,3.12.3,qwen3:4b,locality_prompt_v1,Windows exposes total process page-fault counts via GetProcessMemoryInfo; minor and major faults are unavailable.,102744223744.0,102744223744.0,0.0,87895580672.0,87487561728.0,-408018944.0,14848643072.0,15256662016.0,408018944.0,7137275904.0,7087116288.0,-50159616.0,4125103287808.0,4125379463680.0,276175872.0,487674004992.0,487710955008.0,36950016.0,9567745.0,9572426.0,4681.0,14536925.0,14540083.0,3158.0,1.0,2.0,1.0,53526528.0,78768148480.0,78714621952.0,867962880.0,1881485312.0,1013522432.0,1.890625,45.546875,43.65625,3.609375,54.328125,50.71875,28308810.0,51462953.0,23154143.0,444132.0,452630.0,8498.0,,,,,,,68903.0,19324179.0,19255276.0
pilot=0|mode=anon|requested=1.5000|actual_bytes=92469800960|trial=2,completed,,2026-04-15T02:12:01.090167+00:00,2026-04-15T02:13:43.687499+00:00,False,anon__req_1.50x__actual_0.76x,anon,1.5,0.7649999667119,154116333568,78599327744,2,20,20,0,2.0,102.59856950002722,19.716129100183025,70888,True,Mac,Windows,11,3.12.3,qwen3:4b,locality_prompt_v1,Windows exposes total process page-fault counts via GetProcessMemoryInfo; minor and major faults are unavailable.,102744223744.0,102744223744.0,0.0,87487647744.0,87509409792.0,21762048.0,15256576000.0,15234813952.0,-21762048.0,7087116288.0,7085813760.0,-1302528.0,4125379463680.0,4125414012416.0,34548736.0,487710955008.0,487728625152.0,17670144.0,9572426.0,9573363.0,937.0,14540083.0,14541812.0,1729.0,1.0,2.0,1.0,53559296.0,78768283648.0,78714724352.0,867962880.0,1881395200.0,1013432320.0,1.9375,43.578125,41.640625,3.65625,51.78125,48.125,28413898.0,51568041.0,23154143.0,453907.0,462407.0,8500.0,,,,,,,68912.0,19324234.0,19255322.0
pilot=0|mode=anon|requested=1.5000|actual_bytes=92469800960|trial=3,completed,,2026-04-15T02:13:43.687499+00:00,2026-04-15T02:15:26.537795+00:00,False,anon__req_1.50x__actual_0.76x,anon,1.5,0.7649999667119,154116333568,78599327744,3,20,20,0,2.0,102.84801169997081,19.479335899930447,74412,True,Mac,Windows,11,3.12.3,qwen3:4b,locality_prompt_v1,Windows exposes total process page-fault counts via GetProcessMemoryInfo; minor and major faults are unavailable.,102744223744.0,102744223744.0,0.0,87509454848.0,87038464000.0,-470990848.0,15234768896.0,15705759744.0,470990848.0,7085813760.0,7076356096.0,-9457664.0,4125414012416.0,4127554447360.0,2140434944.0,487728625152.0,487755773440.0,27148288.0,9573363.0,9582530.0,9167.0,14541812.0,14544099.0,2287.0,1.0,2.0,1.0,53645312.0,78768574464.0,78714929152.0,867962880.0,1881616384.0,1013653504.0,1.953125,43.578125,41.625,3.703125,51.75,48.046875,28518986.0,51673129.0,23154143.0,463674.0,472173.0,8499.0,,,,,,,68932.0,19324279.0,19255347.0
pilot=0|mode=none|requested=0.0000|actual_bytes=0|trial=1,completed,,2026-04-15T02:49:27.779381+00:00,2026-04-15T02:49:47.021682+00:00,False,none_baseline,none,0.0,0.0,0,0,1,20,20,0,0.0,19.24287629988976,18.71630370011553,,False,Mac,Windows,11,3.12.3,qwen3:4b,locality_prompt_v1,Windows exposes total process page-fault counts via GetProcessMemoryInfo; minor and major faults are unavailable.,102744223744.0,102744223744.0,0.0,84028518400.0,83980677120.0,-47841280.0,18715705344.0,18763546624.0,47841280.0,5688328192.0,5688328192.0,0.0,4132238529536.0,4132240141312.0,1611776.0,488513288704.0,488517016064.0,3727360.0,9630976.0,9631016.0,40.0,14583494.0,14583910.0,416.0,1.0,1.0,0.0,125149184.0,129298432.0,4149248.0,869277696.0,869777408.0,499712.0,0.40625,0.46875,0.0625,1.828125,1.9375,0.109375,23830466.0,23832506.0,2040.0,1012.0,6458.0,5446.0,,,,,,,66441.0,66450.0,9.0
pilot=0|mode=none|requested=0.0000|actual_bytes=0|trial=2,completed,,2026-04-15T02:49:47.023872+00:00,2026-04-15T02:50:05.915141+00:00,False,none_baseline,none,0.0,0.0,0,0,2,20,20,0,0.0,18.89147590007633,18.8894791000057,,False,Mac,Windows,11,3.12.3,qwen3:4b,locality_prompt_v1,Windows exposes total process page-fault counts via GetProcessMemoryInfo; minor and major faults are unavailable.,102744223744.0,102744223744.0,0.0,83980673024.0,83890937856.0,-89735168.0,18763550720.0,18853285888.0,89735168.0,5688328192.0,5688328192.0,0.0,4132240141312.0,4132244108800.0,3967488.0,488517016064.0,488519567872.0,2551808.0,9631016.0,9631095.0,79.0,14583910.0,14584154.0,244.0,1.0,1.0,0.0,129314816.0,129458176.0,143360.0,869777408.0,869777408.0,0.0,0.46875,0.5625,0.09375,1.9375,1.9375,0.0,23832506.0,23834286.0,1780.0,7602.0,12792.0,5190.0,,,,,,,66454.0,66490.0,36.0
pilot=0|mode=none|requested=0.0000|actual_bytes=0|trial=3,completed,,2026-04-15T02:50:05.916207+00:00,2026-04-15T02:50:25.412835+00:00,False,none_baseline,none,0.0,0.0,0,0,3,20,20,0,0.0,19.49687059991993,19.49431940005161,,False,Mac,Windows,11,3.12.3,qwen3:4b,locality_prompt_v1,Windows exposes total process page-fault counts via GetProcessMemoryInfo; minor and major faults are unavailable.,102744223744.0,102744223744.0,0.0,83890933760.0,83912351744.0,21417984.0,18853289984.0,18831872000.0,-21417984.0,5688328192.0,5688328192.0,0.0,4132244108800.0,4132244637184.0,528384.0,488519567872.0,488521193984.0,1626112.0,9631095.0,9631105.0,10.0,14584154.0,14584319.0,165.0,1.0,1.0,0.0,129470464.0,129425408.0,-45056.0,869777408.0,869662720.0,-114688.0,0.5625,0.578125,0.015625,1.9375,2.0,0.0625,23834286.0,23836066.0,1780.0,13924.0,19132.0,5208.0,,,,,,,66492.0,66496.0,4.0
pilot=0|mode=file_seq|requested=0.2500|actual_bytes=25686052864|trial=1,completed,,2026-04-15T02:50:25.414409+00:00,2026-04-15T02:50:50.563120+00:00,False,file_seq__req_0.25x__actual_0.25x,file_seq,0.25,0.24999997010050892,25686052864,25686052864,1,20,20,0,2.0,25.150044299894944,20.914636299945414,55060,False,Mac,Windows,11,3.12.3,qwen3:4b,locality_prompt_v1,Windows exposes total process page-fault counts via GetProcessMemoryInfo; minor and major faults are unavailable.,102744223744.0,102744223744.0,0.0,83912347648.0,83606999040.0,-305348608.0,18831876096.0,19137224704.0,305348608.0,5688328192.0,5682970624.0,-5357568.0,4132244637184.0,4157951043584.0,25706406400.0,488521193984.0,488527071744.0,5877760.0,9631105.0,9643685.0,12580.0,14584319.0,14584724.0,405.0,1.0,2.0,1.0,129425408.0,249659392.0,120233984.0,869662720.0,1734918144.0,865255424.0,0.578125,1.28125,0.703125,2.0,23.03125,21.03125,23836066.0,187327928381.0,187304092315.0,20282.0,29178.0,8896.0,,,,,,,66496.0,96131.0,29635.0
pilot=0|mode=file_seq|requested=0.2500|actual_bytes=25686052864|trial=2,completed,,2026-04-15T02:50:50.563120+00:00,2026-04-15T02:51:16.251320+00:00,False,file_seq__req_0.25x__actual_0.25x,file_seq,0.25,0.24999997010050892,25686052864,25686052864,2,20,20,0,2.0,25.6891203999985,21.248338599922135,74772,False,Mac,Windows,11,3.12.3,qwen3:4b,locality_prompt_v1,Windows exposes total process page-fault counts via GetProcessMemoryInfo; minor and major faults are unavailable.,102744223744.0,102744223744.0,0.0,83607060480.0,83323580416.0,-283480064.0,19137163264.0,19420643328.0,283480064.0,5682970624.0,5682712576.0,-258048.0,4157951043584.0,4157958268928.0,7225344.0,488527071744.0,488532445696.0,5373952.0,9643685.0,9643805.0,120.0,14584724.0,14585229.0,505.0,1.0,2.0,1.0,129798144.0,249192448.0,119394304.0,870723584.0,1734467584.0,863744000.0,0.625,1.453125,0.828125,2.015625,26.65625,24.640625,24065145.0,193111978631.0,193087913486.0,30409.0,39305.0,8896.0,,,,,,,66588.0,96020.0,29432.0
pilot=0|mode=file_seq|requested=0.2500|actual_bytes=25686052864|trial=3,completed,,2026-04-15T02:51:16.256418+00:00,2026-04-15T02:51:41.792449+00:00,False,file_seq__req_0.25x__actual_0.25x,file_seq,0.25,0.24999997010050892,25686052864,25686052864,3,20,20,0,2.0,25.537129999836907,20.992035700008273,24720,False,Mac,Windows,11,3.12.3,qwen3:4b,locality_prompt_v1,Windows exposes total process page-fault counts via GetProcessMemoryInfo; minor and major faults are unavailable.,102744223744.0,102744223744.0,0.0,83323637760.0,83371241472.0,47603712.0,19420585984.0,19372982272.0,-47603712.0,5682712576.0,5682712576.0,0.0,4157958268928.0,4157962274816.0,4005888.0,488532445696.0,488538888704.0,6443008.0,9643805.0,9643870.0,65.0,14585229.0,14585533.0,304.0,1.0,2.0,1.0,129818624.0,249430016.0,119611392.0,870723584.0,1734594560.0,863870976.0,0.6875,1.5,0.8125,2.078125,26.625,24.546875,24170179.0,223902604497.0,223878434318.0,40531.0,49436.0,8905.0,,,,,,,66593.0,96073.0,29480.0
pilot=0|mode=file_seq|requested=0.5000|actual_bytes=51372109824|trial=1,completed,,2026-04-15T02:51:41.792449+00:00,2026-04-15T02:52:07.289969+00:00,False,file_seq__req_0.50x__actual_0.50x,file_seq,0.5,0.49999998006700597,51372109824,51372109824,1,20,20,0,2.0,25.49632479995489,21.03452460002154,76468,False,Mac,Windows,11,3.12.3,qwen3:4b,locality_prompt_v1,Windows exposes total process page-fault counts via GetProcessMemoryInfo; minor and major faults are unavailable.,102744223744.0,102744223744.0,0.0,83371302912.0,83445985280.0,74682368.0,19372920832.0,19298238464.0,-74682368.0,5682712576.0,5681926144.0,-786432.0,4157962274816.0,4183648561152.0,25686286336.0,488538888704.0,488540441088.0,1552384.0,9643870.0,9656132.0,12262.0,14585533.0,14585725.0,192.0,1.0,2.0,1.0,129769472.0,249143296.0,119373824.0,870617088.0,1734369280.0,863752192.0,0.6875,1.46875,0.78125,2.1875,23.953125,21.765625,24275213.0,121120757531.0,121096482318.0,50647.0,59536.0,8889.0,,,,,,,66596.0,96002.0,29406.0
pilot=0|mode=file_seq|requested=0.5000|actual_bytes=51372109824|trial=2,completed,,2026-04-15T02:52:07.292525+00:00,2026-04-15T02:52:33.490603+00:00,False,file_seq__req_0.50x__actual_0.50x,file_seq,0.5,0.49999998006700597,51372109824,51372109824,2,20,20,0,2.0,26.197953299852088,21.647193500073627,28804,False,Mac,Windows,11,3.12.3,qwen3:4b,locality_prompt_v1,Windows exposes total process page-fault counts via GetProcessMemoryInfo; minor and major faults are unavailable.,102744223744.0,102744223744.0,0.0,83450187776.0,83275866112.0,-174321664.0,19294035968.0,19468357632.0,174321664.0,5681926144.0,5681926144.0,0.0,4183648561152.0,4183650588672.0,2027520.0,488540441088.0,488548268544.0,7827456.0,9656132.0,9656167.0,35.0,14585725.0,14586131.0,406.0,1.0,2.0,1.0,129777664.0,249278464.0,119500800.0,870617088.0,1734615040.0,863997952.0,0.6875,1.640625,0.953125,2.203125,27.28125,25.078125,24380247.0,176183959909.0,176159579662.0,60763.0,69652.0,8889.0,,,,,,,66598.0,96040.0,29442.0
pilot=0|mode=file_seq|requested=0.5000|actual_bytes=51372109824|trial=3,completed,,2026-04-15T02:52:33.492604+00:00,2026-04-15T02:52:59.341427+00:00,False,file_seq__req_0.50x__actual_0.50x,file_seq,0.5,0.49999998006700597,51372109824,51372109824,3,20,20,0,2.0,25.849306700052693,21.405504600144923,37040,False,Mac,Windows,11,3.12.3,qwen3:4b,locality_prompt_v1,Windows exposes total process page-fault counts via GetProcessMemoryInfo; minor and major faults are unavailable.,102744223744.0,102744223744.0,0.0,83275927552.0,83320651776.0,44724224.0,19468296192.0,19423571968.0,-44724224.0,5681926144.0,5681926144.0,0.0,4183650588672.0,4183650834432.0,245760.0,488548268544.0,488551594496.0,3325952.0,9656167.0,9656171.0,4.0,14586131.0,14586446.0,315.0,1.0,2.0,1.0,129798144.0,249880576.0,120082432.0,870617088.0,1735204864.0,864587776.0,0.703125,1.59375,0.890625,2.25,26.984375,24.734375,24485281.0,181909289903.0,181884804622.0,70873.0,79759.0,8886.0,,,,,,,66605.0,96243.0,29638.0
pilot=0|mode=file_seq|requested=0.9000|actual_bytes=92469800960|trial=1,completed,,2026-04-15T02:52:59.341427+00:00,2026-04-15T02:53:25.425828+00:00,False,file_seq__req_0.90x__actual_0.90x,file_seq,0.9,0.8999999960134012,92469800960,92469800960,1,20,20,0,2.0,26.084070399869233,21.560857199830934,77136,False,Mac,Windows,11,3.12.3,qwen3:4b,locality_prompt_v1,Windows exposes total process page-fault counts via GetProcessMemoryInfo; minor and major faults are unavailable.,102744223744.0,102744223744.0,0.0,83320709120.0,83453878272.0,133169152.0,19423514624.0,19290345472.0,-133169152.0,5681926144.0,5681926144.0,0.0,4183650834432.0,4234092170752.0,50441336320.0,488551594496.0,488568093184.0,16498688.0,9656171.0,9680785.0,24614.0,14586446.0,14589062.0,2616.0,1.0,2.0,1.0,129822720.0,249323520.0,119500800.0,870617088.0,1734549504.0,863932416.0,0.734375,1.59375,0.859375,2.3125,22.625,20.3125,24590315.0,101828900345.0,101804310030.0,80974.0,89829.0,8855.0,,,,,,,66611.0,96065.0,29454.0
pilot=0|mode=file_seq|requested=0.9000|actual_bytes=92469800960|trial=2,completed,,2026-04-15T02:53:25.429340+00:00,2026-04-15T02:53:51.924611+00:00,False,file_seq__req_0.90x__actual_0.90x,file_seq,0.9,0.8999999960134012,92469800960,92469800960,2,20,20,0,2.0,26.49953390005976,21.827221399871632,58544,False,Mac,Windows,11,3.12.3,qwen3:4b,locality_prompt_v1,Windows exposes total process page-fault counts via GetProcessMemoryInfo; minor and major faults are unavailable.,102744223744.0,102744223744.0,0.0,83448143872.0,83521789952.0,73646080.0,19296079872.0,19222433792.0,-73646080.0,5681926144.0,5681926144.0,0.0,4234092172800.0,4297323959296.0,63231786496.0,488568093184.0,488571214336.0,3121152.0,9680786.0,9713070.0,32284.0,14589062.0,14589437.0,375.0,1.0,2.0,1.0,129826816.0,249487360.0,119660544.0,870617088.0,1734832128.0,864215040.0,0.796875,1.828125,1.03125,2.375,20.75,18.375,24695349.0,72512903677.0,72488208328.0,91053.0,99924.0,8871.0,,,,,,,66611.0,96109.0,29498.0
pilot=0|mode=file_seq|requested=0.9000|actual_bytes=92469800960|trial=3,completed,,2026-04-15T02:53:51.930905+00:00,2026-04-15T02:54:18.849260+00:00,False,file_seq__req_0.90x__actual_0.90x,file_seq,0.9,0.8999999960134012,92469800960,92469800960,3,20,20,0,2.0,26.919507200131193,22.33520620013587,52252,False,Mac,Windows,11,3.12.3,qwen3:4b,locality_prompt_v1,Windows exposes total process page-fault counts via GetProcessMemoryInfo; minor and major faults are unavailable.,102744223744.0,102744223744.0,0.0,83521851392.0,83509194752.0,-12656640.0,19222372352.0,19235028992.0,12656640.0,5681926144.0,5681926144.0,0.0,4297323959296.0,4335266879488.0,37942920192.0,488571214336.0,488575265280.0,4050944.0,9713070.0,9731544.0,18474.0,14589437.0,14589900.0,463.0,1.0,2.0,1.0,129826816.0,249864192.0,120037376.0,870617088.0,1735032832.0,864415744.0,0.828125,1.6875,0.859375,2.453125,24.5625,22.109375,24800383.0,110431691847.0,110406891464.0,101138.0,110005.0,8867.0,,,,,,,66611.0,96202.0,29591.0
pilot=0|mode=file_seq|requested=1.1000|actual_bytes=113018642432|trial=1,completed,,2026-04-15T02:54:18.851721+00:00,2026-04-15T02:54:46.231137+00:00,False,file_seq__req_1.10x__actual_1.10x,file_seq,1.1,1.0999999641206106,113018642432,113018642432,1,20,20,0,2.0,27.379795599961653,22.57657129992731,67412,False,Mac,Windows,11,3.12.3,qwen3:4b,locality_prompt_v1,Windows exposes total process page-fault counts via GetProcessMemoryInfo; minor and major faults are unavailable.,102744223744.0,102744223744.0,0.0,83509178368.0,83538309120.0,29130752.0,19235045376.0,19205914624.0,-29130752.0,5681926144.0,5681926144.0,0.0,4335266883584.0,4395795494400.0,60528610816.0,488575265280.0,488578939392.0,3674112.0,9731545.0,9762042.0,30497.0,14589900.0,14590210.0,310.0,1.0,2.0,1.0,129826816.0,249663488.0,119836672.0,870617088.0,1734803456.0,864186368.0,0.828125,1.75,0.921875,2.5,22.421875,19.921875,24905417.0,78431276691.0,78406371274.0,111232.0,120164.0,8932.0,,,,,,,66612.0,96234.0,29622.0
pilot=0|mode=file_seq|requested=1.1000|actual_bytes=113018642432|trial=2,completed,,2026-04-15T02:54:46.232445+00:00,2026-04-15T02:55:13.337269+00:00,False,file_seq__req_1.10x__actual_1.10x,file_seq,1.1,1.0999999641206106,113018642432,113018642432,2,20,20,0,2.0,27.10507329995744,22.464798599947244,73360,False,Mac,Windows,11,3.12.3,qwen3:4b,locality_prompt_v1,Windows exposes total process page-fault counts via GetProcessMemoryInfo; minor and major faults are unavailable.,102744223744.0,102744223744.0,0.0,83538202624.0,83449917440.0,-88285184.0,19206021120.0,19294306304.0,88285184.0,5681926144.0,5681795072.0,-131072.0,4395795494400.0,4431169420800.0,35373926400.0,488578939392.0,488583809536.0,4870144.0,9762042.0,9779693.0,17651.0,14590210.0,14590743.0,533.0,1.0,2.0,1.0,129941504.0,249536512.0,119595008.0,870653952.0,1734737920.0,864083968.0,0.859375,1.734375,0.875,2.5,24.53125,22.03125,25010451.0,113708599517.0,113683589066.0,121389.0,130322.0,8933.0,,,,,,,66646.0,96333.0,29687.0
pilot=0|mode=file_seq|requested=1.1000|actual_bytes=113018642432|trial=3,completed,,2026-04-15T02:55:13.338457+00:00,2026-04-15T02:55:40.903951+00:00,False,file_seq__req_1.10x__actual_1.10x,file_seq,1.1,1.0999999641206106,113018642432,113018642432,3,20,20,0,2.0,27.566000600112602,22.865865600062534,52564,False,Mac,Windows,11,3.12.3,qwen3:4b,locality_prompt_v1,Windows exposes total process page-fault counts via GetProcessMemoryInfo; minor and major faults are unavailable.,102744223744.0,102744223744.0,0.0,83449978880.0,83303821312.0,-146157568.0,19294244864.0,19440402432.0,146157568.0,5681795072.0,5681795072.0,0.0,4431169422848.0,4496179448320.0,65010025472.0,488583809536.0,488590760448.0,6950912.0,9779694.0,9814030.0,34336.0,14590743.0,14591140.0,397.0,1.0,2.0,1.0,129961984.0,249368576.0,119406592.0,870653952.0,1734529024.0,863875072.0,0.90625,1.875,0.96875,2.515625,22.15625,19.640625,25115485.0,65534001959.0,65508886474.0,131554.0,140486.0,8932.0,,,,,,,66651.0,96068.0,29417.0
pilot=0|mode=file_seq|requested=1.5000|actual_bytes=154116333568|trial=1,completed,,2026-04-15T02:55:40.903951+00:00,2026-04-15T02:56:08.045674+00:00,False,file_seq__req_1.50x__actual_1.50x,file_seq,1.5,1.4999999800670059,154116333568,154116333568,1,20,20,0,2.0,27.13913999986835,22.31205049995333,67292,False,Mac,Windows,11,3.12.3,qwen3:4b,locality_prompt_v1,Windows exposes total process page-fault counts via GetProcessMemoryInfo; minor and major faults are unavailable.,102744223744.0,102744223744.0,0.0,83303882752.0,83380617216.0,76734464.0,19440340992.0,19363606528.0,-76734464.0,5681795072.0,5681795072.0,0.0,4496179448320.0,4538083393024.0,41903944704.0,488590760448.0,488593062400.0,2301952.0,9814030.0,9834522.0,20492.0,14591140.0,14591438.0,298.0,1.0,2.0,1.0,129961984.0,249663488.0,119701504.0,870653952.0,1734885376.0,864231424.0,0.9375,1.734375,0.796875,2.546875,24.515625,21.96875,25220519.0,107401649521.0,107376429002.0,141717.0,150649.0,8932.0,,,,,,,66651.0,96171.0,29520.0
pilot=0|mode=file_seq|requested=1.5000|actual_bytes=154116333568|trial=2,completed,,2026-04-15T02:56:08.048864+00:00,2026-04-15T02:56:35.167655+00:00,False,file_seq__req_1.50x__actual_1.50x,file_seq,1.5,1.4999999800670059,154116333568,154116333568,2,20,20,0,2.0,27.122740700142458,22.34743020008318,59964,False,Mac,Windows,11,3.12.3,qwen3:4b,locality_prompt_v1,Windows exposes total process page-fault counts via GetProcessMemoryInfo; minor and major faults are unavailable.,102744223744.0,102744223744.0,0.0,83390210048.0,83458658304.0,68448256.0,19354013696.0,19285565440.0,-68448256.0,5681795072.0,5681795072.0,0.0,4538083397120.0,4600422565376.0,62339168256.0,488593062400.0,488596126208.0,3063808.0,9834523.0,9865456.0,30933.0,14591438.0,14591721.0,283.0,1.0,2.0,1.0,129925120.0,249655296.0,119730176.0,870580224.0,1734782976.0,864202752.0,0.984375,1.78125,0.796875,2.5625,22.25,19.6875,25325553.0,62333958075.0,62308632522.0,151881.0,160820.0,8939.0,,,,,,,66652.0,96226.0,29574.0
pilot=0|mode=file_seq|requested=1.5000|actual_bytes=154116333568|trial=3,completed,,2026-04-15T02:56:35.171162+00:00,2026-04-15T02:57:01.918068+00:00,False,file_seq__req_1.50x__actual_1.50x,file_seq,1.5,1.4999999800670059,154116333568,154116333568,3,20,20,0,2.0,26.748134499881417,22.003950899932534,28976,False,Mac,Windows,11,3.12.3,qwen3:4b,locality_prompt_v1,Windows exposes total process page-fault counts via GetProcessMemoryInfo; minor and major faults are unavailable.,102744223744.0,102744223744.0,0.0,83458719744.0,83389534208.0,-69185536.0,19285504000.0,19354689536.0,69185536.0,5681795072.0,5681795072.0,0.0,4600422565376.0,4639837118976.0,39414553600.0,488596126208.0,488616897024.0,20770816.0,9865456.0,9884518.0,19062.0,14591721.0,14592028.0,307.0,1.0,2.0,1.0,129929216.0,249446400.0,119517184.0,870580224.0,1734406144.0,863825920.0,1.015625,1.859375,0.84375,2.578125,24.546875,21.96875,25430587.0,101731160581.0,101705729994.0,162045.0,170977.0,8932.0,,,,,,,66653.0,96095.0,29442.0
pilot=0|mode=mmap_random|requested=0.2500|actual_bytes=25686052864|trial=1,completed,,2026-04-15T02:57:01.921582+00:00,2026-04-15T02:57:30.685050+00:00,False,mmap_random__req_0.25x__actual_0.25x,mmap_random,0.25,0.24999997010050892,25686052864,25686052864,1,20,20,0,2.0,28.767429100116715,23.489706399850547,67612,False,Mac,Windows,11,3.12.3,qwen3:4b,locality_prompt_v1,Windows exposes total process page-fault counts via GetProcessMemoryInfo; minor and major faults are unavailable.,102744223744.0,102744223744.0,0.0,83389595648.0,83174739968.0,-214855680.0,19354628096.0,19569483776.0,214855680.0,5681795072.0,5647847424.0,-33947648.0,4639837121024.0,4648984199680.0,9147078656.0,488616897024.0,488624126464.0,7229440.0,9884519.0,10025306.0,140787.0,14592028.0,14592429.0,401.0,1.0,2.0,1.0,129929216.0,990294016.0,860364800.0,870580224.0,1780547584.0,909967360.0,1.046875,2.71875,1.671875,2.625,10.375,7.75,25535621.0,48753744.0,23218123.0,172214.0,181308.0,9094.0,,,,,,,66653.0,289240.0,222587.0
pilot=0|mode=mmap_random|requested=0.2500|actual_bytes=25686052864|trial=2,completed,,2026-04-15T02:57:30.692000+00:00,2026-04-15T02:57:58.755468+00:00,False,mmap_random__req_0.25x__actual_0.25x,mmap_random,0.25,0.24999997010050892,25686052864,25686052864,2,20,20,0,2.0,28.068950899876654,22.71425909991376,48780,False,Mac,Windows,11,3.12.3,qwen3:4b,locality_prompt_v1,Windows exposes total process page-fault counts via GetProcessMemoryInfo; minor and major faults are unavailable.,102744223744.0,102744223744.0,0.0,83174809600.0,83054579712.0,-120229888.0,19569414144.0,19689644032.0,120229888.0,5647847424.0,5647847424.0,0.0,4648984199680.0,4657442196480.0,8457996800.0,488624126464.0,488631929344.0,7802880.0,10025306.0,10154314.0,129008.0,14592429.0,14592891.0,462.0,1.0,2.0,1.0,129933312.0,1671872512.0,1541939200.0,870580224.0,1780473856.0,909893632.0,1.078125,3.203125,2.125,2.6875,10.109375,7.421875,25640655.0,48858778.0,23218123.0,182548.0,191649.0,9101.0,,,,,,,66654.0,455694.0,389040.0
pilot=0|mode=mmap_random|requested=0.2500|actual_bytes=25686052864|trial=3,completed,,2026-04-15T02:57:58.761764+00:00,2026-04-15T02:58:26.987298+00:00,False,mmap_random__req_0.25x__actual_0.25x,mmap_random,0.25,0.24999997010050892,25686052864,25686052864,3,20,20,0,2.0,28.226511199958622,22.846200100146234,45028,False,Mac,Windows,11,3.12.3,qwen3:4b,locality_prompt_v1,Windows exposes total process page-fault counts via GetProcessMemoryInfo; minor and major faults are unavailable.,102744223744.0,102744223744.0,0.0,83055427584.0,82956619776.0,-98807808.0,19688796160.0,19787603968.0,98807808.0,5647847424.0,5647585280.0,-262144.0,4657442196480.0,4665448442880.0,8006246400.0,488631929344.0,488637413888.0,5484544.0,10154314.0,10276606.0,122292.0,14592891.0,14593247.0,356.0,1.0,2.0,1.0,129933312.0,2300567552.0,2170634240.0,870580224.0,1780838400.0,910258176.0,1.109375,3.78125,2.671875,2.75,10.625,7.875,25745689.0,48963812.0,23218123.0,192889.0,201987.0,9098.0,,,,,,,66654.0,609224.0,542570.0
pilot=0|mode=mmap_random|requested=0.5000|actual_bytes=51372109824|trial=1,completed,,2026-04-15T02:58:26.989784+00:00,2026-04-15T02:58:56.976522+00:00,False,mmap_random__req_0.50x__actual_0.50x,mmap_random,0.5,0.49999998006700597,51372109824,51372109824,1,20,20,0,2.0,29.987484500044957,24.346907399827614,47256,False,Mac,Windows,11,3.12.3,qwen3:4b,locality_prompt_v1,Windows exposes total process page-fault counts via GetProcessMemoryInfo; minor and major faults are unavailable.,102744223744.0,102744223744.0,0.0,82955292672.0,82978340864.0,23048192.0,19788931072.0,19765882880.0,-23048192.0,5647585280.0,5608656896.0,-38928384.0,4665448442880.0,4674508590080.0,9060147200.0,488637413888.0,488643975680.0,6561792.0,10276606.0,10415526.0,138920.0,14593247.0,14593605.0,358.0,1.0,2.0,1.0,129933312.0,1707835392.0,1577902080.0,870580224.0,1831157760.0,960577536.0,1.15625,3.328125,2.171875,2.8125,10.890625,8.078125,25850723.0,49068846.0,23218123.0,203226.0,212316.0,9090.0,,,,,,,66654.0,476690.0,410036.0
pilot=0|mode=mmap_random|requested=0.5000|actual_bytes=51372109824|trial=2,completed,,2026-04-15T02:58:56.979524+00:00,2026-04-15T02:59:26.589708+00:00,False,mmap_random__req_0.50x__actual_0.50x,mmap_random,0.5,0.49999998006700597,51372109824,51372109824,2,20,20,0,2.0,29.6151837001089,24.134322199970484,38468,False,Mac,Windows,11,3.12.3,qwen3:4b,locality_prompt_v1,Windows exposes total process page-fault counts via GetProcessMemoryInfo; minor and major faults are unavailable.,102744223744.0,102744223744.0,0.0,82978287616.0,82893729792.0,-84557824.0,19765936128.0,19850493952.0,84557824.0,5608656896.0,5565140992.0,-43515904.0,4674508590080.0,4682882416128.0,8373826048.0,488643975680.0,488645765632.0,1789952.0,10415526.0,10544055.0,128529.0,14593605.0,14593847.0,242.0,1.0,2.0,1.0,129933312.0,3019227136.0,2889293824.0,870580224.0,1831231488.0,960651264.0,1.171875,4.21875,3.046875,2.859375,11.515625,8.65625,25955757.0,49173880.0,23218123.0,213564.0,222654.0,9090.0,,,,,,,66654.0,796875.0,730221.0
pilot=0|mode=mmap_random|requested=0.5000|actual_bytes=51372109824|trial=3,completed,,2026-04-15T02:59:26.594720+00:00,2026-04-15T02:59:55.195228+00:00,False,mmap_random__req_0.50x__actual_0.50x,mmap_random,0.5,0.49999998006700597,51372109824,51372109824,3,20,20,0,2.0,28.60082870000042,22.673387499991804,17048,False,Mac,Windows,11,3.12.3,qwen3:4b,locality_prompt_v1,Windows exposes total process page-fault counts via GetProcessMemoryInfo; minor and major faults are unavailable.,102744223744.0,102744223744.0,0.0,82893529088.0,82986827776.0,93298688.0,19850694656.0,19757395968.0,-93298688.0,5565140992.0,5565140992.0,0.0,4682882416128.0,4690040761344.0,7158345216.0,488645765632.0,488650992128.0,5226496.0,10544055.0,10653508.0,109453.0,14593847.0,14594468.0,621.0,1.0,2.0,1.0,129982464.0,4137689088.0,4007706624.0,870653952.0,1830678528.0,960024576.0,1.234375,4.453125,3.21875,2.890625,12.359375,9.46875,26060791.0,49278914.0,23218123.0,223901.0,232979.0,9078.0,,,,,,,66668.0,1069919.0,1003251.0
pilot=0|mode=mmap_random|requested=0.9000|actual_bytes=92469800960|trial=1,completed,,2026-04-15T02:59:55.195228+00:00,2026-04-15T03:00:22.712327+00:00,False,mmap_random__req_0.90x__actual_0.90x,mmap_random,0.9,0.8999999960134012,92469800960,92469800960,1,20,20,0,2.0,27.518070599995553,21.862658799858764,11564,False,Mac,Windows,11,3.12.3,qwen3:4b,locality_prompt_v1,Windows exposes total process page-fault counts via GetProcessMemoryInfo; minor and major faults are unavailable.,102744223744.0,102744223744.0,0.0,82985558016.0,82902298624.0,-83259392.0,19758665728.0,19841925120.0,83259392.0,5565140992.0,5565140992.0,0.0,4690040761344.0,4697652073984.0,7611312640.0,488650992128.0,488654854656.0,3862528.0,10653508.0,10769934.0,116426.0,14594468.0,14594907.0,439.0,1.0,2.0,1.0,129986560.0,2496282624.0,2366296064.0,870653952.0,1911648256.0,1040994304.0,1.28125,3.765625,2.484375,2.953125,11.421875,8.46875,26165825.0,49383948.0,23218123.0,234221.0,243275.0,9054.0,,,,,,,66669.0,688839.0,622170.0
pilot=0|mode=mmap_random|requested=0.9000|actual_bytes=92469800960|trial=2,completed,,2026-04-15T03:00:22.718509+00:00,2026-04-15T03:00:50.773908+00:00,False,mmap_random__req_0.90x__actual_0.90x,mmap_random,0.9,0.8999999960134012,92469800960,92469800960,2,20,20,0,2.0,28.055941800121218,22.089767700061202,23896,False,Mac,Windows,11,3.12.3,qwen3:4b,locality_prompt_v1,Windows exposes total process page-fault counts via GetProcessMemoryInfo; minor and major faults are unavailable.,102744223744.0,102744223744.0,0.0,82902192128.0,82894286848.0,-7905280.0,19842031616.0,19849936896.0,7905280.0,5565140992.0,5565140992.0,0.0,4697652073984.0,4704419666944.0,6767592960.0,488654854656.0,488657095168.0,2240512.0,10769934.0,10873591.0,103657.0,14594907.0,14595153.0,246.0,1.0,2.0,1.0,129986560.0,4447191040.0,4317204480.0,870653952.0,1911582720.0,1040928768.0,1.296875,4.90625,3.609375,3.0,11.859375,8.859375,26270859.0,49488982.0,23218123.0,244516.0,253572.0,9056.0,,,,,,,66669.0,1165146.0,1098477.0
pilot=0|mode=mmap_random|requested=0.9000|actual_bytes=92469800960|trial=3,completed,,2026-04-15T03:00:50.773908+00:00,2026-04-15T03:01:20.248221+00:00,False,mmap_random__req_0.90x__actual_0.90x,mmap_random,0.9,0.8999999960134012,92469800960,92469800960,3,20,20,0,2.0,29.475549699971452,23.314025499857962,67456,False,Mac,Windows,11,3.12.3,qwen3:4b,locality_prompt_v1,Windows exposes total process page-fault counts via GetProcessMemoryInfo; minor and major faults are unavailable.,102744223744.0,102744223744.0,0.0,82891902976.0,82889412608.0,-2490368.0,19852320768.0,19854811136.0,2490368.0,5565140992.0,5565140992.0,0.0,4704419666944.0,4710685457920.0,6265790976.0,488657095168.0,488660281856.0,3186688.0,10873591.0,10969525.0,95934.0,14595153.0,14595456.0,303.0,1.0,2.0,1.0,129945600.0,6214529024.0,6084583424.0,870580224.0,1911300096.0,1040719872.0,1.359375,6.234375,4.875,3.015625,13.5625,10.546875,26375893.0,49594016.0,23218123.0,254809.0,263872.0,9063.0,,,,,,,66669.0,1596659.0,1529990.0
pilot=0|mode=mmap_random|requested=1.1000|actual_bytes=113018642432|trial=1,completed,,2026-04-15T03:01:20.253138+00:00,2026-04-15T03:01:49.616534+00:00,False,mmap_random__req_1.10x__actual_1.10x,mmap_random,1.1,1.0999999641206106,113018642432,113018642432,1,20,20,0,2.0,29.36601969995536,23.514582799980417,27540,False,Mac,Windows,11,3.12.3,qwen3:4b,locality_prompt_v1,Windows exposes total process page-fault counts via GetProcessMemoryInfo; minor and major faults are unavailable.,102744223744.0,102744223744.0,0.0,82886164480.0,82865037312.0,-21127168.0,19858059264.0,19879186432.0,21127168.0,5565140992.0,5565140992.0,0.0,4710685457920.0,4718932659712.0,8247201792.0,488660281856.0,488662845952.0,2564096.0,10969525.0,11095669.0,126144.0,14595456.0,14595771.0,315.0,1.0,2.0,1.0,129945600.0,2122981376.0,1993035776.0,870580224.0,1951277056.0,1080696832.0,1.390625,3.90625,2.515625,3.09375,11.78125,8.6875,26480927.0,49699050.0,23218123.0,265112.0,274244.0,9132.0,,,,,,,66669.0,607500.0,540831.0
pilot=0|mode=mmap_random|requested=1.1000|actual_bytes=113018642432|trial=2,completed,,2026-04-15T03:01:49.620008+00:00,2026-04-15T03:02:17.709526+00:00,False,mmap_random__req_1.10x__actual_1.10x,mmap_random,1.1,1.0999999641206106,113018642432,113018642432,2,20,20,0,2.0,28.08901820005849,22.14695730013773,38996,False,Mac,Windows,11,3.12.3,qwen3:4b,locality_prompt_v1,Windows exposes total process page-fault counts via GetProcessMemoryInfo; minor and major faults are unavailable.,102744223744.0,102744223744.0,0.0,82868629504.0,82972782592.0,104153088.0,19875594240.0,19771441152.0,-104153088.0,5565140992.0,5565140992.0,0.0,4718932659712.0,4726134732800.0,7202073088.0,488662845952.0,488664955392.0,2109440.0,11095669.0,11205871.0,110202.0,14595771.0,14596042.0,271.0,1.0,2.0,1.0,129957888.0,3742351360.0,3612393472.0,870580224.0,1951621120.0,1081040896.0,1.46875,4.96875,3.5,3.125,12.28125,9.15625,26585961.0,49804084.0,23218123.0,275488.0,284606.0,9118.0,,,,,,,66673.0,1002866.0,936193.0
pilot=0|mode=mmap_random|requested=1.1000|actual_bytes=113018642432|trial=3,completed,,2026-04-15T03:02:17.712541+00:00,2026-04-15T03:02:47.090421+00:00,False,mmap_random__req_1.10x__actual_1.10x,mmap_random,1.1,1.0999999641206106,113018642432,113018642432,3,20,20,0,2.0,29.38125229999423,22.892205100040883,68852,False,Mac,Windows,11,3.12.3,qwen3:4b,locality_prompt_v1,Windows exposes total process page-fault counts via GetProcessMemoryInfo; minor and major faults are unavailable.,102744223744.0,102744223744.0,0.0,82972798976.0,83007012864.0,34213888.0,19771424768.0,19737210880.0,-34213888.0,5565140992.0,5565140992.0,0.0,4726134732800.0,4732836508672.0,6701775872.0,488664955392.0,488668740096.0,3784704.0,11205871.0,11308633.0,102762.0,14596042.0,14596409.0,367.0,1.0,2.0,1.0,129961984.0,5231165440.0,5101203456.0,870580224.0,1951670272.0,1081090048.0,1.5,4.875,3.375,3.15625,13.09375,9.9375,26690995.0,49909118.0,23218123.0,285845.0,294964.0,9119.0,,,,,,,66673.0,1366350.0,1299677.0
pilot=0|mode=mmap_random|requested=1.5000|actual_bytes=154116333568|trial=1,completed,,2026-04-15T03:02:47.095457+00:00,2026-04-15T03:03:16.381444+00:00,False,mmap_random__req_1.50x__actual_1.50x,mmap_random,1.5,1.4999999800670059,154116333568,154116333568,1,20,20,0,2.0,29.29091459978372,23.080275899963453,10064,False,Mac,Windows,11,3.12.3,qwen3:4b,locality_prompt_v1,Windows exposes total process page-fault counts via GetProcessMemoryInfo; minor and major faults are unavailable.,102744223744.0,102744223744.0,0.0,83010760704.0,82717310976.0,-293449728.0,19733463040.0,20026912768.0,293449728.0,5565140992.0,5505765376.0,-59375616.0,4732836508672.0,4741615276032.0,8778767360.0,488668740096.0,488671775232.0,3035136.0,11308633.0,11443753.0,135120.0,14596409.0,14596680.0,271.0,1.0,2.0,1.0,129961984.0,1376653312.0,1246691328.0,870580224.0,2032156672.0,1161576448.0,1.53125,3.875,2.34375,3.234375,11.1875,7.953125,26796029.0,50014152.0,23218123.0,296200.0,305318.0,9118.0,,,,,,,66673.0,443305.0,376632.0
pilot=0|mode=mmap_random|requested=1.5000|actual_bytes=154116333568|trial=2,completed,,2026-04-15T03:03:16.388099+00:00,2026-04-15T03:03:45.527358+00:00,False,mmap_random__req_1.50x__actual_1.50x,mmap_random,1.5,1.4999999800670059,154116333568,154116333568,2,20,20,0,2.0,29.141320300055668,22.80546409985982,74036,False,Mac,Windows,11,3.12.3,qwen3:4b,locality_prompt_v1,Windows exposes total process page-fault counts via GetProcessMemoryInfo; minor and major faults are unavailable.,102744223744.0,102744223744.0,0.0,82712567808.0,82769391616.0,56823808.0,20031655936.0,19974832128.0,-56823808.0,5505765376.0,5505503232.0,-262144.0,4741615276032.0,4749494285824.0,7879009792.0,488671775232.0,488674916864.0,3141632.0,11443753.0,11564310.0,120557.0,14596680.0,14596949.0,269.0,1.0,2.0,1.0,129961984.0,2418831360.0,2288869376.0,870580224.0,2032050176.0,1161469952.0,1.5625,4.078125,2.515625,3.265625,12.390625,9.125,26901063.0,50119186.0,23218123.0,306570.0,315695.0,9125.0,,,,,,,66673.0,699330.0,632657.0
pilot=0|mode=mmap_random|requested=1.5000|actual_bytes=154116333568|trial=3,completed,,2026-04-15T03:03:45.529869+00:00,2026-04-15T03:04:14.572633+00:00,False,mmap_random__req_1.50x__actual_1.50x,mmap_random,1.5,1.4999999800670059,154116333568,154116333568,3,20,20,0,2.0,29.041897300165147,22.428311900002882,26468,False,Mac,Windows,11,3.12.3,qwen3:4b,locality_prompt_v1,Windows exposes total process page-fault counts via GetProcessMemoryInfo; minor and major faults are unavailable.,102744223744.0,102744223744.0,0.0,82770206720.0,82797162496.0,26955776.0,19974017024.0,19947061248.0,-26955776.0,5505503232.0,5505503232.0,0.0,4749494285824.0,4756884427776.0,7390141952.0,488674916864.0,488697489920.0,22573056.0,11564310.0,11677445.0,113135.0,14596949.0,14597458.0,509.0,1.0,2.0,1.0,129961984.0,3386097664.0,3256135680.0,870580224.0,2031845376.0,1161265152.0,1.59375,4.71875,3.125,3.28125,12.4375,9.15625,27006097.0,50224220.0,23218123.0,316945.0,326061.0,9116.0,,,,,,,66673.0,935522.0,868849.0
pilot=0|mode=anon|requested=0.2500|actual_bytes=25686052864|trial=1,completed,,2026-04-15T03:04:14.572633+00:00,2026-04-15T03:05:14.815209+00:00,False,anon__req_0.25x__actual_0.25x,anon,0.25,0.24999997010050892,25686052864,25686052864,1,20,20,0,2.0,60.24192960001528,21.817614400060847,75868,False,Mac,Windows,11,3.12.3,qwen3:4b,locality_prompt_v1,Windows exposes total process page-fault counts via GetProcessMemoryInfo; minor and major faults are unavailable.,102744223744.0,102744223744.0,0.0,82792648704.0,83024179200.0,231530496.0,19951575040.0,19720044544.0,-231530496.0,5505503232.0,5542625280.0,37122048.0,4756884427776.0,4757013135360.0,128707584.0,488697489920.0,488773933568.0,76443648.0,11677445.0,11680994.0,3549.0,14597458.0,14599010.0,1552.0,1.0,2.0,1.0,129961984.0,25931726848.0,25801764864.0,870580224.0,1781108736.0,910528512.0,1.640625,26.609375,24.96875,3.3125,33.703125,30.390625,27111131.0,50329204.0,23218073.0,327294.0,335912.0,8618.0,,,,,,,66673.0,6378499.0,6311826.0
pilot=0|mode=anon|requested=0.2500|actual_bytes=25686052864|trial=2,completed,,2026-04-15T03:05:14.815209+00:00,2026-04-15T03:06:09.347316+00:00,False,anon__req_0.25x__actual_0.25x,anon,0.25,0.24999997010050892,25686052864,25686052864,2,20,20,0,2.0,54.533979299943894,21.274933999869972,53896,False,Mac,Windows,11,3.12.3,qwen3:4b,locality_prompt_v1,Windows exposes total process page-fault counts via GetProcessMemoryInfo; minor and major faults are unavailable.,102744223744.0,102744223744.0,0.0,83024166912.0,83099820032.0,75653120.0,19720056832.0,19644403712.0,-75653120.0,5542625280.0,5548371968.0,5746688.0,4757013135360.0,4757095303680.0,82168320.0,488773933568.0,488790415872.0,16482304.0,11680994.0,11683313.0,2319.0,14599010.0,14599829.0,819.0,1.0,2.0,1.0,129961984.0,25931726848.0,25801764864.0,870580224.0,1781051392.0,910471168.0,1.65625,25.609375,23.953125,3.375,29.015625,25.640625,27216219.0,50434292.0,23218073.0,337078.0,345691.0,8613.0,,,,,,,66673.0,6378552.0,6311879.0
pilot=0|mode=anon|requested=0.2500|actual_bytes=25686052864|trial=3,completed,,2026-04-15T03:06:09.352363+00:00,2026-04-15T03:07:04.426675+00:00,False,anon__req_0.25x__actual_0.25x,anon,0.25,0.24999997010050892,25686052864,25686052864,3,20,20,0,2.0,55.07357840007171,21.577314799884334,46588,False,Mac,Windows,11,3.12.3,qwen3:4b,locality_prompt_v1,Windows exposes total process page-fault counts via GetProcessMemoryInfo; minor and major faults are unavailable.,102744223744.0,102744223744.0,0.0,83099910144.0,82844692480.0,-255217664.0,19644313600.0,19899531264.0,255217664.0,5548371968.0,5297225728.0,-251146240.0,4757095303680.0,4757420298752.0,324995072.0,488790415872.0,488845442560.0,55026688.0,11683313.0,11690091.0,6778.0,14599829.0,14601133.0,1304.0,1.0,2.0,1.0,129961984.0,25931321344.0,25801359360.0,870580224.0,1780600832.0,910020608.0,1.6875,25.640625,23.953125,3.40625,29.265625,25.859375,27321307.0,50475450.0,23154143.0,346852.0,355464.0,8612.0,,,,,,,66673.0,6378369.0,6311696.0
pilot=0|mode=anon|requested=0.5000|actual_bytes=51372109824|trial=1,completed,,2026-04-15T03:07:04.429692+00:00,2026-04-15T03:08:21.568079+00:00,False,anon__req_0.50x__actual_0.42x,anon,0.5,0.42499997707705683,51372109824,43666292736,1,20,20,0,2.0,77.14275630004704,21.239039599895477,28692,True,Mac,Windows,11,3.12.3,qwen3:4b,locality_prompt_v1,Windows exposes total process page-fault counts via GetProcessMemoryInfo; minor and major faults are unavailable.,102744223744.0,102744223744.0,0.0,82844676096.0,83948593152.0,1103917056.0,19899547648.0,18795630592.0,-1103917056.0,5297225728.0,5310029824.0,12804096.0,4757420298752.0,4757542420992.0,122122240.0,488845442560.0,488894406144.0,48963584.0,11690091.0,11692010.0,1919.0,14601133.0,14602153.0,1020.0,1.0,2.0,1.0,129961984.0,43911532544.0,43781570560.0,870580224.0,1815801856.0,945221632.0,1.75,31.984375,30.234375,3.421875,41.875,38.453125,27426395.0,50580538.0,23154143.0,356632.0,365230.0,8598.0,,,,,,,66673.0,10777113.0,10710440.0
pilot=0|mode=anon|requested=0.5000|actual_bytes=51372109824|trial=2,completed,,2026-04-15T03:08:21.574411+00:00,2026-04-15T03:09:34.838471+00:00,False,anon__req_0.50x__actual_0.42x,anon,0.5,0.42499997707705683,51372109824,43666292736,2,20,20,0,2.0,73.26503630005755,21.706563099985942,47272,True,Mac,Windows,11,3.12.3,qwen3:4b,locality_prompt_v1,Windows exposes total process page-fault counts via GetProcessMemoryInfo; minor and major faults are unavailable.,102744223744.0,102744223744.0,0.0,83948630016.0,83887976448.0,-60653568.0,18795593728.0,18856247296.0,60653568.0,5310029824.0,5288529920.0,-21499904.0,4757542420992.0,4757693924864.0,151503872.0,488894406144.0,488937147904.0,42741760.0,11692010.0,11697285.0,5275.0,14602153.0,14603342.0,1189.0,1.0,2.0,1.0,129966080.0,43910934528.0,43780968448.0,870580224.0,1814822912.0,944242688.0,1.796875,32.640625,30.84375,3.4375,38.140625,34.703125,27531483.0,50749556.0,23218073.0,366394.0,374993.0,8599.0,,,,,,,66674.0,10776585.0,10709911.0
pilot=0|mode=anon|requested=0.5000|actual_bytes=51372109824|trial=3,completed,,2026-04-15T03:09:34.840472+00:00,2026-04-15T03:10:47.036827+00:00,False,anon__req_0.50x__actual_0.42x,anon,0.5,0.42499997707705683,51372109824,43666292736,3,20,20,0,2.0,72.19912060000934,20.317165300017223,45676,True,Mac,Windows,11,3.12.3,qwen3:4b,locality_prompt_v1,Windows exposes total process page-fault counts via GetProcessMemoryInfo; minor and major faults are unavailable.,102744223744.0,102744223744.0,0.0,83888029696.0,83575009280.0,-313020416.0,18856194048.0,19169214464.0,313020416.0,5288529920.0,5292011520.0,3481600.0,4757693924864.0,4757870185984.0,176261120.0,488937147904.0,488962076160.0,24928256.0,11697285.0,11699829.0,2544.0,14603342.0,14604918.0,1576.0,1.0,2.0,1.0,129970176.0,43911696384.0,43781726208.0,870580224.0,1815887872.0,945307648.0,1.859375,31.8125,29.953125,3.453125,36.34375,32.890625,27636571.0,50790714.0,23154143.0,376158.0,384735.0,8577.0,,,,,,,66675.0,10776716.0,10710041.0
pilot=0|mode=anon|requested=0.9000|actual_bytes=92469800960|trial=1,completed,,2026-04-15T03:10:47.041920+00:00,2026-04-15T03:12:41.094006+00:00,False,anon__req_0.90x__actual_0.76x,anon,0.9,0.7649999667119,92469800960,78599327744,1,20,20,0,2.0,114.05434000003152,20.184091600123793,72632,True,Mac,Windows,11,3.12.3,qwen3:4b,locality_prompt_v1,Windows exposes total process page-fault counts via GetProcessMemoryInfo; minor and major faults are unavailable.,102744223744.0,102744223744.0,0.0,83575037952.0,83820765184.0,245727232.0,19169185792.0,18923458560.0,-245727232.0,5292011520.0,5295423488.0,3411968.0,4757870185984.0,4758007028224.0,136842240.0,488962076160.0,488992644608.0,30568448.0,11699829.0,11702005.0,2176.0,14604918.0,14608334.0,3416.0,1.0,2.0,1.0,129970176.0,78844514304.0,78714544128.0,870580224.0,1883983872.0,1013403648.0,1.90625,45.84375,43.9375,3.484375,59.53125,56.046875,27741659.0,50895802.0,23154143.0,385900.0,394391.0,8491.0,,,,,,,66675.0,19321944.0,19255269.0
pilot=0|mode=anon|requested=0.9000|actual_bytes=92469800960|trial=2,completed,,2026-04-15T03:12:41.094006+00:00,2026-04-15T03:14:25.783346+00:00,False,anon__req_0.90x__actual_0.76x,anon,0.9,0.7649999667119,92469800960,78599327744,2,20,20,0,2.0,104.68654359993525,19.469183299923316,40904,True,Mac,Windows,11,3.12.3,qwen3:4b,locality_prompt_v1,Windows exposes total process page-fault counts via GetProcessMemoryInfo; minor and major faults are unavailable.,102744223744.0,102744223744.0,0.0,83820818432.0,83733139456.0,-87678976.0,18923405312.0,19011084288.0,87678976.0,5295423488.0,5294776320.0,-647168.0,4758007028224.0,4760093871104.0,2086842880.0,488992644608.0,489013059072.0,20414464.0,11702005.0,11709601.0,7596.0,14608334.0,14610152.0,1818.0,1.0,2.0,1.0,129970176.0,78844518400.0,78714548224.0,870580224.0,1884016640.0,1013436416.0,1.90625,43.4375,41.53125,3.515625,53.09375,49.578125,27846747.0,51064820.0,23218073.0,395664.0,404140.0,8476.0,,,,,,,66675.0,19321978.0,19255303.0
pilot=0|mode=anon|requested=0.9000|actual_bytes=92469800960|trial=3,completed,,2026-04-15T03:14:25.783346+00:00,2026-04-15T03:16:09.132831+00:00,False,anon__req_0.90x__actual_0.76x,anon,0.9,0.7649999667119,92469800960,78599327744,3,20,20,0,2.0,103.34798340010457,19.49642560002394,39112,True,Mac,Windows,11,3.12.3,qwen3:4b,locality_prompt_v1,Windows exposes total process page-fault counts via GetProcessMemoryInfo; minor and major faults are unavailable.,102744223744.0,102744223744.0,0.0,83733209088.0,83818135552.0,84926464.0,19011014656.0,18926088192.0,-84926464.0,5294776320.0,5295677440.0,901120.0,4760093871104.0,4760122061824.0,28190720.0,489013059072.0,489032363520.0,19304448.0,11709601.0,11710656.0,1055.0,14610152.0,14611778.0,1626.0,1.0,2.0,1.0,129970176.0,78844411904.0,78714441728.0,870580224.0,1883922432.0,1013342208.0,1.921875,44.53125,42.609375,3.5625,51.6875,48.125,27951835.0,51169908.0,23218073.0,405412.0,413893.0,8481.0,,,,,,,66675.0,19321899.0,19255224.0
pilot=0|mode=anon|requested=1.1000|actual_bytes=92469800960|trial=1,completed,,2026-04-15T03:16:09.134099+00:00,2026-04-15T03:17:52.550515+00:00,False,anon__req_1.10x__actual_0.76x,anon,1.1,0.7649999667119,113018642432,78599327744,1,20,20,0,2.0,103.41630799998529,19.454675799934193,40916,True,Mac,Windows,11,3.12.3,qwen3:4b,locality_prompt_v1,Windows exposes total process page-fault counts via GetProcessMemoryInfo; minor and major faults are unavailable.,102744223744.0,102744223744.0,0.0,83818188800.0,83999641600.0,181452800.0,18926034944.0,18744582144.0,-181452800.0,5295677440.0,5295288320.0,-389120.0,4760122061824.0,4760144875008.0,22813184.0,489032363520.0,489043353088.0,10989568.0,11710656.0,11711330.0,674.0,14611778.0,14612624.0,846.0,1.0,2.0,1.0,129970176.0,78844518400.0,78714548224.0,870580224.0,1884082176.0,1013501952.0,1.9375,43.34375,41.40625,3.578125,51.6875,48.109375,28056923.0,51274996.0,23218073.0,415159.0,423650.0,8491.0,,,,,,,66675.0,19321947.0,19255272.0
pilot=0|mode=anon|requested=1.1000|actual_bytes=92469800960|trial=2,completed,,2026-04-15T03:17:52.553525+00:00,2026-04-15T03:19:36.775127+00:00,False,anon__req_1.10x__actual_0.76x,anon,1.1,0.7649999667119,113018642432,78599327744,2,20,20,0,2.0,104.2397470001597,19.496473900042474,25880,True,Mac,Windows,11,3.12.3,qwen3:4b,locality_prompt_v1,Windows exposes total process page-fault counts via GetProcessMemoryInfo; minor and major faults are unavailable.,102744223744.0,102744223744.0,0.0,84004569088.0,86975340544.0,2970771456.0,18739654656.0,15768883200.0,-2970771456.0,5295288320.0,6970335232.0,1675046912.0,4760144875008.0,4760173643264.0,28768256.0,489043353088.0,490759183872.0,1715830784.0,11711330.0,11712912.0,1582.0,14612624.0,14615570.0,2946.0,1.0,2.0,1.0,48852992.0,78763552768.0,78714699776.0,870580224.0,1884200960.0,1013620736.0,1.96875,44.859375,42.890625,3.625,52.171875,48.546875,28162011.0,51316154.0,23154143.0,424921.0,433421.0,8500.0,,,,,,,66681.0,19321972.0,19255291.0
pilot=0|mode=anon|requested=1.1000|actual_bytes=92469800960|trial=3,completed,,2026-04-15T03:19:36.790868+00:00,2026-04-15T03:21:19.687268+00:00,False,anon__req_1.10x__actual_0.76x,anon,1.1,0.7649999667119,113018642432,78599327744,3,20,20,0,2.0,102.893179200124,19.450598899973556,47228,True,Mac,Windows,11,3.12.3,qwen3:4b,locality_prompt_v1,Windows exposes total process page-fault counts via GetProcessMemoryInfo; minor and major faults are unavailable.,102744223744.0,102744223744.0,0.0,86975307776.0,86906957824.0,-68349952.0,15768915968.0,15837265920.0,68349952.0,46266517935.0,6970064896.0,-39296453039.0,4760173643264.0,4760198296576.0,24653312.0,490759183872.0,490775154688.0,15970816.0,11712912.0,11713513.0,601.0,14615570.0,14616517.0,947.0,1.0,2.0,1.0,48922624.0,78763618304.0,78714695680.0,870580224.0,1884106752.0,1013526528.0,2.03125,43.546875,41.515625,3.65625,51.75,48.09375,28267099.0,51421242.0,23154143.0,434701.0,443198.0,8497.0,,,,,,,66696.0,19322057.0,19255361.0
pilot=0|mode=anon|requested=1.5000|actual_bytes=92469800960|trial=1,completed,,2026-04-15T03:21:19.690266+00:00,2026-04-15T03:23:04.151944+00:00,False,anon__req_1.50x__actual_0.76x,anon,1.5,0.7649999667119,154116333568,78599327744,1,20,20,0,2.0,104.46312219998799,19.465617300011218,69628,True,Mac,Windows,11,3.12.3,qwen3:4b,locality_prompt_v1,Windows exposes total process page-fault counts via GetProcessMemoryInfo; minor and major faults are unavailable.,102744223744.0,102744223744.0,0.0,86907015168.0,86679797760.0,-227217408.0,15837208576.0,16064425984.0,227217408.0,6970064896.0,6910169087.0,-59895809.0,4760198296576.0,4760464150528.0,265853952.0,490775154688.0,490807971840.0,32817152.0,11713513.0,11718337.0,4824.0,14616517.0,14618814.0,2297.0,1.0,2.0,1.0,48947200.0,78763626496.0,78714679296.0,870580224.0,1884233728.0,1013653504.0,2.046875,42.78125,40.734375,3.71875,51.953125,48.234375,28372187.0,51526330.0,23154143.0,444469.0,452966.0,8497.0,,,,,,,66703.0,19321986.0,19255283.0
pilot=0|mode=anon|requested=1.5000|actual_bytes=92469800960|trial=2,completed,,2026-04-15T03:23:04.153234+00:00,2026-04-15T03:24:55.069675+00:00,False,anon__req_1.50x__actual_0.76x,anon,1.5,0.7649999667119,154116333568,78599327744,2,20,20,0,2.0,110.92012080014683,20.21784870000556,29520,True,Mac,Windows,11,3.12.3,qwen3:4b,locality_prompt_v1,Windows exposes total process page-fault counts via GetProcessMemoryInfo; minor and major faults are unavailable.,102744223744.0,102744223744.0,0.0,86679851008.0,85138829312.0,-1541021696.0,16064372736.0,17605394432.0,1541021696.0,6910169088.0,6866825216.0,-43343872.0,4760464150528.0,4760793610240.0,329459712.0,490807971840.0,491106357248.0,298385408.0,11718337.0,11724491.0,6154.0,14618814.0,14624685.0,5871.0,1.0,2.0,1.0,48218112.0,78763786240.0,78715568128.0,870580224.0,1884991488.0,1014411264.0,2.078125,43.671875,41.59375,3.734375,60.140625,56.40625,28477275.0,51631418.0,23154143.0,454360.0,462875.0,8515.0,,,,,,,66704.0,19322267.0,19255563.0
pilot=0|mode=anon|requested=1.5000|actual_bytes=92469800960|trial=3,completed,,2026-04-15T03:24:55.074713+00:00,2026-04-15T03:26:39.850833+00:00,False,anon__req_1.50x__actual_0.76x,anon,1.5,0.7649999667119,154116333568,78599327744,3,20,20,0,2.0,104.77741639991291,19.456721399910748,77188,True,Mac,Windows,11,3.12.3,qwen3:4b,locality_prompt_v1,Windows exposes total process page-fault counts via GetProcessMemoryInfo; minor and major faults are unavailable.,102744223744.0,102744223744.0,0.0,85138747392.0,85114503168.0,-24244224.0,17605476352.0,17629720576.0,24244224.0,6866825216.0,6750203904.0,-116621312.0,4760793610240.0,4760940218880.0,146608640.0,491106357248.0,491162791936.0,56434688.0,11724491.0,11727486.0,2995.0,14624685.0,14626799.0,2114.0,1.0,2.0,1.0,48254976.0,78763372544.0,78715117568.0,870580224.0,1884594176.0,1014013952.0,2.140625,44.140625,42.0,3.796875,52.1875,48.390625,28582363.0,51800436.0,23218073.0,464156.0,472650.0,8494.0,,,,,,,66713.0,19322191.0,19255478.0
